Copyright 1986-2022 Xilinx, Inc. All Rights Reserved. Copyright 2022-2025 Advanced Micro Devices, Inc. All Rights Reserved.
--------------------------------------------------------------------------------------------------------------------------------------------------------------------------------------------------------------------------------------------------------------------
| Tool Version      : Vivado v.2025.1 (win64) Build 6140274 Thu May 22 00:12:29 MDT 2025
| Date              : Fri Aug 21 12:55:04 2026
| Host              : DESKTOP-LAL0689 running 64-bit major release  (build 9200)
| Command           : report_timing_summary -max_paths 10 -routable_nets -report_unconstrained -file DPU_Block_wrapper_timing_summary_routed.rpt -pb DPU_Block_wrapper_timing_summary_routed.pb -rpx DPU_Block_wrapper_timing_summary_routed.rpx -warn_on_violation
| Design            : DPU_Block_wrapper
| Device            : xczu3eg-sfvc784
| Speed File        : -2  PRODUCTION 1.30 05-15-2022
| Design State      : Routed
| Temperature Grade : E
--------------------------------------------------------------------------------------------------------------------------------------------------------------------------------------------------------------------------------------------------------------------

Timing Summary Report

------------------------------------------------------------------------------------------------
| Timer Settings
| --------------
------------------------------------------------------------------------------------------------

  Enable Multi Corner Analysis               :  Yes
  Enable Pessimism Removal                   :  Yes
  Pessimism Removal Resolution               :  Nearest Common Node
  Enable Input Delay Default Clock           :  No
  Enable Preset / Clear Arcs                 :  No
  Disable Flight Delays                      :  No
  Ignore I/O Paths                           :  No
  Timing Early Launch at Borrowing Latches   :  No
  Borrow Time for Max Delay Exceptions       :  Yes
  Merge Timing Exceptions                    :  Yes
  Inter-SLR Compensation                     :  Conservative

  Corner  Analyze    Analyze    
  Name    Max Paths  Min Paths  
  ------  ---------  ---------  
  Slow    Yes        Yes        
  Fast    Yes        Yes        


------------------------------------------------------------------------------------------------
| Report Methodology
| ------------------
------------------------------------------------------------------------------------------------

No report available as report_methodology has not been run prior. Run report_methodology on the current design for the summary of methodology violations.



check_timing report

Table of Contents
-----------------
1. checking no_clock (0)
2. checking constant_clock (0)
3. checking pulse_width_clock (0)
4. checking unconstrained_internal_endpoints (0)
5. checking no_input_delay (0)
6. checking no_output_delay (0)
7. checking multiple_clock (0)
8. checking generated_clocks (0)
9. checking loops (0)
10. checking partial_input_delay (0)
11. checking partial_output_delay (0)
12. checking latch_loops (0)

1. checking no_clock (0)
------------------------
 There are 0 register/latch pins with no clock.


2. checking constant_clock (0)
------------------------------
 There are 0 register/latch pins with constant_clock.


3. checking pulse_width_clock (0)
---------------------------------
 There are 0 register/latch pins which need pulse_width check


4. checking unconstrained_internal_endpoints (0)
------------------------------------------------
 There are 0 pins that are not constrained for maximum delay.

 There are 0 pins that are not constrained for maximum delay due to constant clock.


5. checking no_input_delay (0)
------------------------------
 There are 0 input ports with no input delay specified.

 There are 0 input ports with no input delay but user has a false path constraint.


6. checking no_output_delay (0)
-------------------------------
 There are 0 ports with no output delay specified.

 There are 0 ports with no output delay but user has a false path constraint

 There are 0 ports with no output delay but with a timing clock defined on it or propagating through it


7. checking multiple_clock (0)
------------------------------
 There are 0 register/latch pins with multiple clocks.


8. checking generated_clocks (0)
--------------------------------
 There are 0 generated clocks that are not connected to a clock source.


9. checking loops (0)
---------------------
 There are 0 combinational loops in the design.


10. checking partial_input_delay (0)
------------------------------------
 There are 0 input ports with partial input delay specified.


11. checking partial_output_delay (0)
-------------------------------------
 There are 0 ports with partial output delay specified.


12. checking latch_loops (0)
----------------------------
 There are 0 combinational latch loops in the design through latch input



------------------------------------------------------------------------------------------------
| Design Timing Summary
| ---------------------
------------------------------------------------------------------------------------------------

    WNS(ns)      TNS(ns)  TNS Failing Endpoints  TNS Total Endpoints      WHS(ns)      THS(ns)  THS Failing Endpoints  THS Total Endpoints     WPWS(ns)     TPWS(ns)  TPWS Failing Endpoints  TPWS Total Endpoints  
    -------      -------  ---------------------  -------------------      -------      -------  ---------------------  -------------------     --------     --------  ----------------------  --------------------  
      5.178        0.000                      0                30825        0.012        0.000                      0                30825        3.500        0.000                       0                 10450  


All user specified timing constraints are met.


------------------------------------------------------------------------------------------------
| Clock Summary
| -------------
------------------------------------------------------------------------------------------------

Clock     Waveform(ns)       Period(ns)      Frequency(MHz)
-----     ------------       ----------      --------------
clk_pl_0  {0.000 5.000}      10.000          100.000         


------------------------------------------------------------------------------------------------
| Intra Clock Table
| -----------------
------------------------------------------------------------------------------------------------

Clock             WNS(ns)      TNS(ns)  TNS Failing Endpoints  TNS Total Endpoints      WHS(ns)      THS(ns)  THS Failing Endpoints  THS Total Endpoints     WPWS(ns)     TPWS(ns)  TPWS Failing Endpoints  TPWS Total Endpoints  
-----             -------      -------  ---------------------  -------------------      -------      -------  ---------------------  -------------------     --------     --------  ----------------------  --------------------  
clk_pl_0            5.178        0.000                      0                28572        0.012        0.000                      0                28572        3.500        0.000                       0                 10450  


------------------------------------------------------------------------------------------------
| Inter Clock Table
| -----------------
------------------------------------------------------------------------------------------------

From Clock    To Clock          WNS(ns)      TNS(ns)  TNS Failing Endpoints  TNS Total Endpoints      WHS(ns)      THS(ns)  THS Failing Endpoints  THS Total Endpoints  
----------    --------          -------      -------  ---------------------  -------------------      -------      -------  ---------------------  -------------------  


------------------------------------------------------------------------------------------------
| Other Path Groups Table
| -----------------------
------------------------------------------------------------------------------------------------

Path Group         From Clock         To Clock               WNS(ns)      TNS(ns)  TNS Failing Endpoints  TNS Total Endpoints      WHS(ns)      THS(ns)  THS Failing Endpoints  THS Total Endpoints  
----------         ----------         --------               -------      -------  ---------------------  -------------------      -------      -------  ---------------------  -------------------  
**async_default**  clk_pl_0           clk_pl_0                 6.863        0.000                      0                 2253        1.305        0.000                      0                 2253  


------------------------------------------------------------------------------------------------
| User Ignored Path Table
| -----------------------
------------------------------------------------------------------------------------------------

Path Group    From Clock    To Clock    
----------    ----------    --------    
(none)                      clk_pl_0      
(none)        clk_pl_0      clk_pl_0      


------------------------------------------------------------------------------------------------
| Unconstrained Path Table
| ------------------------
------------------------------------------------------------------------------------------------

Path Group    From Clock    To Clock    
----------    ----------    --------    


------------------------------------------------------------------------------------------------
| Timing Details
| --------------
------------------------------------------------------------------------------------------------


---------------------------------------------------------------------------------------------------
From Clock:  clk_pl_0
  To Clock:  clk_pl_0

Setup :            0  Failing Endpoints,  Worst Slack        5.178ns,  Total Violation        0.000ns
Hold  :            0  Failing Endpoints,  Worst Slack        0.012ns,  Total Violation        0.000ns
PW    :            0  Failing Endpoints,  Worst Slack        3.500ns,  Total Violation        0.000ns
---------------------------------------------------------------------------------------------------


Max Delay Paths
--------------------------------------------------------------------------------------
Slack (MET) :             5.178ns  (required time - arrival time)
  Source:                 DPU_Block_i/dpu_axi_0/inst/dpu_axi_slave_lite_v1_0_S00_AXI_inst/slv_reg0_reg[3]/C
                            (rising edge-triggered cell FDRE clocked by clk_pl_0  {rise@0.000ns fall@5.000ns period=10.000ns})
  Destination:            <hidden>
                            (rising edge-triggered cell RAMB36E2 clocked by clk_pl_0  {rise@0.000ns fall@5.000ns period=10.000ns})
  Path Group:             clk_pl_0
  Path Type:              Setup (Max at Slow Process Corner)
  Requirement:            10.000ns  (clk_pl_0 rise@10.000ns - clk_pl_0 rise@0.000ns)
  Data Path Delay:        4.421ns  (logic 0.622ns (14.070%)  route 3.799ns (85.930%))
  Logic Levels:           6  (LUT2=1 LUT5=1 LUT6=2 MUXF7=1 MUXF8=1)
  Clock Path Skew:        0.009ns (DCD - SCD + CPR)
    Destination Clock Delay (DCD):    1.616ns = ( 11.616 - 10.000 ) 
    Source Clock Delay      (SCD):    1.804ns
    Clock Pessimism Removal (CPR):    0.197ns
  Clock Uncertainty:      0.130ns  ((TSJ^2 + DJ^2)^1/2) / 2 + PE
    Total System Jitter     (TSJ):    0.071ns
    Discrete Jitter          (DJ):    0.250ns
    Phase Error              (PE):    0.000ns
  Clock Net Delay (Source):      1.605ns (routing 0.591ns, distribution 1.014ns)
  Clock Net Delay (Destination): 1.456ns (routing 0.533ns, distribution 0.923ns)

    Location             Delay type                Incr(ns)  Path(ns)    Netlist Resource(s)
  -------------------------------------------------------------------    -------------------
                         (clock clk_pl_0 rise edge)
                                                      0.000     0.000 r  
    PS8_X0Y0             PS8                          0.000     0.000 r  DPU_Block_i/zynq_ultra_ps_e_0/inst/PS8_i/PLCLK[0]
                         net (fo=1, routed)           0.171     0.171    DPU_Block_i/zynq_ultra_ps_e_0/inst/pl_clk_unbuffered[0]
    BUFG_PS_X0Y58        BUFG_PS (Prop_BUFG_PS_I_O)
                                                      0.028     0.199 r  DPU_Block_i/zynq_ultra_ps_e_0/inst/buffer_pl_clk_0.PL_CLK_0_BUFG/O
    X0Y1 (CLOCK_ROOT)    net (fo=10450, routed)       1.605     1.804    DPU_Block_i/dpu_axi_0/inst/dpu_axi_slave_lite_v1_0_S00_AXI_inst/s00_axi_aclk
    SLICE_X18Y94         FDRE                                         r  DPU_Block_i/dpu_axi_0/inst/dpu_axi_slave_lite_v1_0_S00_AXI_inst/slv_reg0_reg[3]/C
  -------------------------------------------------------------------    -------------------
    SLICE_X18Y94         FDRE (Prop_HFF2_SLICEL_C_Q)
                                                      0.080     1.884 f  DPU_Block_i/dpu_axi_0/inst/dpu_axi_slave_lite_v1_0_S00_AXI_inst/slv_reg0_reg[3]/Q
                         net (fo=70, routed)          1.533     3.417    DPU_Block_i/dpu_axi_0/inst/dpu_axi_slave_lite_v1_0_S00_AXI_inst/dpu_inst/activation_unit/Q[0]
    SLICE_X14Y49         LUT2 (Prop_B5LUT_SLICEM_I1_O)
                                                      0.072     3.489 r  DPU_Block_i/dpu_axi_0/inst/dpu_axi_slave_lite_v1_0_S00_AXI_inst/dpu_inst/activation_unit/i_/i_/out_bram_din[10]_INST_0_i_62/O
                         net (fo=128, routed)         1.083     4.572    DPU_Block_i/dpu_axi_0/inst/dpu_axi_slave_lite_v1_0_S00_AXI_inst/dpu_inst/core_TL/core/genblk3[0].genblk1[6].macUnit/out_bram_din[7]_INST_0_i_24_2
    SLICE_X18Y18         LUT6 (Prop_A6LUT_SLICEL_I4_O)
                                                      0.149     4.721 r  DPU_Block_i/dpu_axi_0/inst/dpu_axi_slave_lite_v1_0_S00_AXI_inst/dpu_inst/core_TL/core/genblk3[0].genblk1[6].macUnit/out_bram_din[7]_INST_0_i_54/O
                         net (fo=1, routed)           0.009     4.730    DPU_Block_i/dpu_axi_0/inst/dpu_axi_slave_lite_v1_0_S00_AXI_inst/dpu_inst/core_TL/core/genblk3[2].genblk1[6].macUnit/out_bram_din[7]_INST_0_i_9
    SLICE_X18Y18         MUXF7 (Prop_F7MUX_AB_SLICEL_I1_O)
                                                      0.057     4.787 r  DPU_Block_i/dpu_axi_0/inst/dpu_axi_slave_lite_v1_0_S00_AXI_inst/dpu_inst/core_TL/core/genblk3[2].genblk1[6].macUnit/out_bram_din[7]_INST_0_i_24/O
                         net (fo=1, routed)           0.000     4.787    DPU_Block_i/dpu_axi_0/inst/dpu_axi_slave_lite_v1_0_S00_AXI_inst/dpu_inst/core_TL/core/genblk3[6].genblk1[6].macUnit/out_bram_din[7]_INST_0_i_2
    SLICE_X18Y18         MUXF8 (Prop_F8MUX_BOT_SLICEL_I1_O)
                                                      0.026     4.813 r  DPU_Block_i/dpu_axi_0/inst/dpu_axi_slave_lite_v1_0_S00_AXI_inst/dpu_inst/core_TL/core/genblk3[6].genblk1[6].macUnit/out_bram_din[7]_INST_0_i_9/O
                         net (fo=1, routed)           0.361     5.174    DPU_Block_i/dpu_axi_0/inst/dpu_axi_slave_lite_v1_0_S00_AXI_inst/dpu_inst/core_TL/core/genblk3[6].genblk1[4].macUnit/out_bram_din[7]_0
    SLICE_X18Y39         LUT6 (Prop_G6LUT_SLICEL_I3_O)
                                                      0.149     5.323 r  DPU_Block_i/dpu_axi_0/inst/dpu_axi_slave_lite_v1_0_S00_AXI_inst/dpu_inst/core_TL/core/genblk3[6].genblk1[4].macUnit/out_bram_din[7]_INST_0_i_2/O
                         net (fo=1, routed)           0.358     5.681    DPU_Block_i/dpu_axi_0/inst/dpu_axi_slave_lite_v1_0_S00_AXI_inst/dpu_inst/core_TL/core/genblk3[6].genblk1[0].macUnit/out_bram_din_7_sn_1
    SLICE_X18Y63         LUT5 (Prop_G6LUT_SLICEL_I3_O)
                                                      0.089     5.770 r  DPU_Block_i/dpu_axi_0/inst/dpu_axi_slave_lite_v1_0_S00_AXI_inst/dpu_inst/core_TL/core/genblk3[6].genblk1[0].macUnit/out_bram_din[7]_INST_0/O
                         net (fo=1, routed)           0.455     6.225    <hidden>
    RAMB36_X2Y19         RAMB36E2                                     r  <hidden>
  -------------------------------------------------------------------    -------------------

                         (clock clk_pl_0 rise edge)
                                                     10.000    10.000 r  
    PS8_X0Y0             PS8                          0.000    10.000 r  DPU_Block_i/zynq_ultra_ps_e_0/inst/PS8_i/PLCLK[0]
                         net (fo=1, routed)           0.135    10.135    DPU_Block_i/zynq_ultra_ps_e_0/inst/pl_clk_unbuffered[0]
    BUFG_PS_X0Y58        BUFG_PS (Prop_BUFG_PS_I_O)
                                                      0.025    10.160 r  DPU_Block_i/zynq_ultra_ps_e_0/inst/buffer_pl_clk_0.PL_CLK_0_BUFG/O
    X0Y1 (CLOCK_ROOT)    net (fo=10450, routed)       1.456    11.616    <hidden>
    RAMB36_X2Y19         RAMB36E2                                     r  <hidden>
                         clock pessimism              0.197    11.813    
                         clock uncertainty           -0.130    11.683    
    RAMB36_X2Y19         RAMB36E2 (Setup_RAMB36E2_RAMB36_CLKBWRCLK_DINBDIN[7])
                                                     -0.280    11.403    <hidden>
  -------------------------------------------------------------------
                         required time                         11.403    
                         arrival time                          -6.225    
  -------------------------------------------------------------------
                         slack                                  5.178    

Slack (MET) :             5.216ns  (required time - arrival time)
  Source:                 DPU_Block_i/dpu_axi_0/inst/dpu_axi_slave_lite_v1_0_S00_AXI_inst/slv_reg0_reg[4]/C
                            (rising edge-triggered cell FDRE clocked by clk_pl_0  {rise@0.000ns fall@5.000ns period=10.000ns})
  Destination:            <hidden>
                            (rising edge-triggered cell RAMB36E2 clocked by clk_pl_0  {rise@0.000ns fall@5.000ns period=10.000ns})
  Path Group:             clk_pl_0
  Path Type:              Setup (Max at Slow Process Corner)
  Requirement:            10.000ns  (clk_pl_0 rise@10.000ns - clk_pl_0 rise@0.000ns)
  Data Path Delay:        4.355ns  (logic 0.572ns (13.135%)  route 3.783ns (86.865%))
  Logic Levels:           6  (LUT2=1 LUT5=1 LUT6=2 MUXF7=1 MUXF8=1)
  Clock Path Skew:        -0.034ns (DCD - SCD + CPR)
    Destination Clock Delay (DCD):    1.616ns = ( 11.616 - 10.000 ) 
    Source Clock Delay      (SCD):    1.799ns
    Clock Pessimism Removal (CPR):    0.150ns
  Clock Uncertainty:      0.130ns  ((TSJ^2 + DJ^2)^1/2) / 2 + PE
    Total System Jitter     (TSJ):    0.071ns
    Discrete Jitter          (DJ):    0.250ns
    Phase Error              (PE):    0.000ns
  Clock Net Delay (Source):      1.600ns (routing 0.591ns, distribution 1.009ns)
  Clock Net Delay (Destination): 1.456ns (routing 0.533ns, distribution 0.923ns)

    Location             Delay type                Incr(ns)  Path(ns)    Netlist Resource(s)
  -------------------------------------------------------------------    -------------------
                         (clock clk_pl_0 rise edge)
                                                      0.000     0.000 r  
    PS8_X0Y0             PS8                          0.000     0.000 r  DPU_Block_i/zynq_ultra_ps_e_0/inst/PS8_i/PLCLK[0]
                         net (fo=1, routed)           0.171     0.171    DPU_Block_i/zynq_ultra_ps_e_0/inst/pl_clk_unbuffered[0]
    BUFG_PS_X0Y58        BUFG_PS (Prop_BUFG_PS_I_O)
                                                      0.028     0.199 r  DPU_Block_i/zynq_ultra_ps_e_0/inst/buffer_pl_clk_0.PL_CLK_0_BUFG/O
    X0Y1 (CLOCK_ROOT)    net (fo=10450, routed)       1.600     1.799    DPU_Block_i/dpu_axi_0/inst/dpu_axi_slave_lite_v1_0_S00_AXI_inst/s00_axi_aclk
    SLICE_X19Y90         FDRE                                         r  DPU_Block_i/dpu_axi_0/inst/dpu_axi_slave_lite_v1_0_S00_AXI_inst/slv_reg0_reg[4]/C
  -------------------------------------------------------------------    -------------------
    SLICE_X19Y90         FDRE (Prop_EFF_SLICEM_C_Q)
                                                      0.076     1.875 r  DPU_Block_i/dpu_axi_0/inst/dpu_axi_slave_lite_v1_0_S00_AXI_inst/slv_reg0_reg[4]/Q
                         net (fo=70, routed)          1.203     3.078    DPU_Block_i/dpu_axi_0/inst/dpu_axi_slave_lite_v1_0_S00_AXI_inst/dpu_inst/activation_unit/Q[1]
    SLICE_X13Y74         LUT2 (Prop_H5LUT_SLICEL_I0_O)
                                                      0.096     3.174 r  DPU_Block_i/dpu_axi_0/inst/dpu_axi_slave_lite_v1_0_S00_AXI_inst/dpu_inst/activation_unit/i_/i_/out_bram_din[14]_INST_0_i_62/O
                         net (fo=128, routed)         1.332     4.506    DPU_Block_i/dpu_axi_0/inst/dpu_axi_slave_lite_v1_0_S00_AXI_inst/dpu_inst/core_TL/core/genblk3[6].genblk1[6].macUnit/out_bram_din[11]_INST_0_i_23_3
    SLICE_X18Y22         LUT6 (Prop_D6LUT_SLICEL_I4_O)
                                                      0.099     4.605 r  DPU_Block_i/dpu_axi_0/inst/dpu_axi_slave_lite_v1_0_S00_AXI_inst/dpu_inst/core_TL/core/genblk3[6].genblk1[6].macUnit/out_bram_din[11]_INST_0_i_51/O
                         net (fo=1, routed)           0.009     4.614    DPU_Block_i/dpu_axi_0/inst/dpu_axi_slave_lite_v1_0_S00_AXI_inst/dpu_inst/core_TL/core/genblk3[6].genblk1[6].macUnit/out_bram_din[11]_INST_0_i_51_n_0
    SLICE_X18Y22         MUXF7 (Prop_F7MUX_CD_SLICEL_I0_O)
                                                      0.056     4.670 r  DPU_Block_i/dpu_axi_0/inst/dpu_axi_slave_lite_v1_0_S00_AXI_inst/dpu_inst/core_TL/core/genblk3[6].genblk1[6].macUnit/out_bram_din[11]_INST_0_i_23/O
                         net (fo=1, routed)           0.000     4.670    DPU_Block_i/dpu_axi_0/inst/dpu_axi_slave_lite_v1_0_S00_AXI_inst/dpu_inst/core_TL/core/genblk3[6].genblk1[6].macUnit/out_bram_din[11]_INST_0_i_23_n_0
    SLICE_X18Y22         MUXF8 (Prop_F8MUX_BOT_SLICEL_I0_O)
                                                      0.026     4.696 r  DPU_Block_i/dpu_axi_0/inst/dpu_axi_slave_lite_v1_0_S00_AXI_inst/dpu_inst/core_TL/core/genblk3[6].genblk1[6].macUnit/out_bram_din[11]_INST_0_i_9/O
                         net (fo=1, routed)           0.462     5.158    DPU_Block_i/dpu_axi_0/inst/dpu_axi_slave_lite_v1_0_S00_AXI_inst/dpu_inst/core_TL/core/genblk3[6].genblk1[4].macUnit/out_bram_din[11]_0
    SLICE_X18Y43         LUT6 (Prop_C6LUT_SLICEL_I3_O)
                                                      0.096     5.254 r  DPU_Block_i/dpu_axi_0/inst/dpu_axi_slave_lite_v1_0_S00_AXI_inst/dpu_inst/core_TL/core/genblk3[6].genblk1[4].macUnit/out_bram_din[11]_INST_0_i_2/O
                         net (fo=1, routed)           0.387     5.641    DPU_Block_i/dpu_axi_0/inst/dpu_axi_slave_lite_v1_0_S00_AXI_inst/dpu_inst/core_TL/core/genblk3[6].genblk1[0].macUnit/out_bram_din_11_sn_1
    SLICE_X18Y70         LUT5 (Prop_G6LUT_SLICEL_I3_O)
                                                      0.123     5.764 r  DPU_Block_i/dpu_axi_0/inst/dpu_axi_slave_lite_v1_0_S00_AXI_inst/dpu_inst/core_TL/core/genblk3[6].genblk1[0].macUnit/out_bram_din[11]_INST_0/O
                         net (fo=1, routed)           0.390     6.154    <hidden>
    RAMB36_X2Y19         RAMB36E2                                     r  <hidden>
  -------------------------------------------------------------------    -------------------

                         (clock clk_pl_0 rise edge)
                                                     10.000    10.000 r  
    PS8_X0Y0             PS8                          0.000    10.000 r  DPU_Block_i/zynq_ultra_ps_e_0/inst/PS8_i/PLCLK[0]
                         net (fo=1, routed)           0.135    10.135    DPU_Block_i/zynq_ultra_ps_e_0/inst/pl_clk_unbuffered[0]
    BUFG_PS_X0Y58        BUFG_PS (Prop_BUFG_PS_I_O)
                                                      0.025    10.160 r  DPU_Block_i/zynq_ultra_ps_e_0/inst/buffer_pl_clk_0.PL_CLK_0_BUFG/O
    X0Y1 (CLOCK_ROOT)    net (fo=10450, routed)       1.456    11.616    <hidden>
    RAMB36_X2Y19         RAMB36E2                                     r  <hidden>
                         clock pessimism              0.150    11.765    
                         clock uncertainty           -0.130    11.636    
    RAMB36_X2Y19         RAMB36E2 (Setup_RAMB36E2_RAMB36_CLKBWRCLK_DINBDIN[11])
                                                     -0.266    11.370    <hidden>
  -------------------------------------------------------------------
                         required time                         11.370    
                         arrival time                          -6.154    
  -------------------------------------------------------------------
                         slack                                  5.216    

Slack (MET) :             5.238ns  (required time - arrival time)
  Source:                 DPU_Block_i/dpu_axi_0/inst/dpu_axi_slave_lite_v1_0_S00_AXI_inst/slv_reg0_reg[4]_rep__2/C
                            (rising edge-triggered cell FDRE clocked by clk_pl_0  {rise@0.000ns fall@5.000ns period=10.000ns})
  Destination:            <hidden>
                            (rising edge-triggered cell RAMB36E2 clocked by clk_pl_0  {rise@0.000ns fall@5.000ns period=10.000ns})
  Path Group:             clk_pl_0
  Path Type:              Setup (Max at Slow Process Corner)
  Requirement:            10.000ns  (clk_pl_0 rise@10.000ns - clk_pl_0 rise@0.000ns)
  Data Path Delay:        4.323ns  (logic 0.544ns (12.584%)  route 3.779ns (87.416%))
  Logic Levels:           6  (LUT5=2 LUT6=2 MUXF7=1 MUXF8=1)
  Clock Path Skew:        -0.054ns (DCD - SCD + CPR)
    Destination Clock Delay (DCD):    1.616ns = ( 11.616 - 10.000 ) 
    Source Clock Delay      (SCD):    1.819ns
    Clock Pessimism Removal (CPR):    0.149ns
  Clock Uncertainty:      0.130ns  ((TSJ^2 + DJ^2)^1/2) / 2 + PE
    Total System Jitter     (TSJ):    0.071ns
    Discrete Jitter          (DJ):    0.250ns
    Phase Error              (PE):    0.000ns
  Clock Net Delay (Source):      1.620ns (routing 0.591ns, distribution 1.029ns)
  Clock Net Delay (Destination): 1.456ns (routing 0.533ns, distribution 0.923ns)

    Location             Delay type                Incr(ns)  Path(ns)    Netlist Resource(s)
  -------------------------------------------------------------------    -------------------
                         (clock clk_pl_0 rise edge)
                                                      0.000     0.000 r  
    PS8_X0Y0             PS8                          0.000     0.000 r  DPU_Block_i/zynq_ultra_ps_e_0/inst/PS8_i/PLCLK[0]
                         net (fo=1, routed)           0.171     0.171    DPU_Block_i/zynq_ultra_ps_e_0/inst/pl_clk_unbuffered[0]
    BUFG_PS_X0Y58        BUFG_PS (Prop_BUFG_PS_I_O)
                                                      0.028     0.199 r  DPU_Block_i/zynq_ultra_ps_e_0/inst/buffer_pl_clk_0.PL_CLK_0_BUFG/O
    X0Y1 (CLOCK_ROOT)    net (fo=10450, routed)       1.620     1.819    DPU_Block_i/dpu_axi_0/inst/dpu_axi_slave_lite_v1_0_S00_AXI_inst/s00_axi_aclk
    SLICE_X22Y79         FDRE                                         r  DPU_Block_i/dpu_axi_0/inst/dpu_axi_slave_lite_v1_0_S00_AXI_inst/slv_reg0_reg[4]_rep__2/C
  -------------------------------------------------------------------    -------------------
    SLICE_X22Y79         FDRE (Prop_EFF_SLICEL_C_Q)
                                                      0.079     1.898 r  DPU_Block_i/dpu_axi_0/inst/dpu_axi_slave_lite_v1_0_S00_AXI_inst/slv_reg0_reg[4]_rep__2/Q
                         net (fo=64, routed)          2.002     3.900    DPU_Block_i/dpu_axi_0/inst/dpu_axi_slave_lite_v1_0_S00_AXI_inst/dpu_inst/activation_unit/out_bram_din[4]_INST_0_i_27_1
    SLICE_X9Y38          LUT5 (Prop_H6LUT_SLICEM_I3_O)
                                                      0.053     3.953 r  DPU_Block_i/dpu_axi_0/inst/dpu_axi_slave_lite_v1_0_S00_AXI_inst/dpu_inst/activation_unit/i_/i_/out_bram_din[4]_INST_0_i_184/O
                         net (fo=1, routed)           0.207     4.160    DPU_Block_i/dpu_axi_0/inst/dpu_axi_slave_lite_v1_0_S00_AXI_inst/dpu_inst/core_TL/core/genblk3[0].genblk1[7].macUnit/out_bram_din[4]_INST_0_i_26_0
    SLICE_X9Y35          LUT6 (Prop_A6LUT_SLICEM_I1_O)
                                                      0.053     4.213 r  DPU_Block_i/dpu_axi_0/inst/dpu_axi_slave_lite_v1_0_S00_AXI_inst/dpu_inst/core_TL/core/genblk3[0].genblk1[7].macUnit/out_bram_din[4]_INST_0_i_58/O
                         net (fo=1, routed)           0.011     4.224    DPU_Block_i/dpu_axi_0/inst/dpu_axi_slave_lite_v1_0_S00_AXI_inst/dpu_inst/core_TL/core/genblk3[2].genblk1[7].macUnit/out_bram_din[4]_INST_0_i_10
    SLICE_X9Y35          MUXF7 (Prop_F7MUX_AB_SLICEM_I1_O)
                                                      0.058     4.282 r  DPU_Block_i/dpu_axi_0/inst/dpu_axi_slave_lite_v1_0_S00_AXI_inst/dpu_inst/core_TL/core/genblk3[2].genblk1[7].macUnit/out_bram_din[4]_INST_0_i_26/O
                         net (fo=1, routed)           0.000     4.282    DPU_Block_i/dpu_axi_0/inst/dpu_axi_slave_lite_v1_0_S00_AXI_inst/dpu_inst/core_TL/core/genblk3[6].genblk1[7].macUnit/out_bram_din[4]_INST_0_i_2
    SLICE_X9Y35          MUXF8 (Prop_F8MUX_BOT_SLICEM_I1_O)
                                                      0.028     4.310 r  DPU_Block_i/dpu_axi_0/inst/dpu_axi_slave_lite_v1_0_S00_AXI_inst/dpu_inst/core_TL/core/genblk3[6].genblk1[7].macUnit/out_bram_din[4]_INST_0_i_10/O
                         net (fo=1, routed)           0.677     4.987    DPU_Block_i/dpu_axi_0/inst/dpu_axi_slave_lite_v1_0_S00_AXI_inst/dpu_inst/core_TL/core/genblk3[6].genblk1[4].macUnit/activated_out__139[4]
    SLICE_X18Y39         LUT6 (Prop_H6LUT_SLICEL_I5_O)
                                                      0.150     5.137 r  DPU_Block_i/dpu_axi_0/inst/dpu_axi_slave_lite_v1_0_S00_AXI_inst/dpu_inst/core_TL/core/genblk3[6].genblk1[4].macUnit/out_bram_din[4]_INST_0_i_2/O
                         net (fo=1, routed)           0.400     5.537    DPU_Block_i/dpu_axi_0/inst/dpu_axi_slave_lite_v1_0_S00_AXI_inst/dpu_inst/core_TL/core/genblk3[6].genblk1[0].macUnit/out_bram_din_4_sn_1
    SLICE_X20Y62         LUT5 (Prop_F6LUT_SLICEM_I3_O)
                                                      0.123     5.660 r  DPU_Block_i/dpu_axi_0/inst/dpu_axi_slave_lite_v1_0_S00_AXI_inst/dpu_inst/core_TL/core/genblk3[6].genblk1[0].macUnit/out_bram_din[4]_INST_0/O
                         net (fo=1, routed)           0.482     6.142    <hidden>
    RAMB36_X2Y19         RAMB36E2                                     r  <hidden>
  -------------------------------------------------------------------    -------------------

                         (clock clk_pl_0 rise edge)
                                                     10.000    10.000 r  
    PS8_X0Y0             PS8                          0.000    10.000 r  DPU_Block_i/zynq_ultra_ps_e_0/inst/PS8_i/PLCLK[0]
                         net (fo=1, routed)           0.135    10.135    DPU_Block_i/zynq_ultra_ps_e_0/inst/pl_clk_unbuffered[0]
    BUFG_PS_X0Y58        BUFG_PS (Prop_BUFG_PS_I_O)
                                                      0.025    10.160 r  DPU_Block_i/zynq_ultra_ps_e_0/inst/buffer_pl_clk_0.PL_CLK_0_BUFG/O
    X0Y1 (CLOCK_ROOT)    net (fo=10450, routed)       1.456    11.616    <hidden>
    RAMB36_X2Y19         RAMB36E2                                     r  <hidden>
                         clock pessimism              0.149    11.765    
                         clock uncertainty           -0.130    11.636    
    RAMB36_X2Y19         RAMB36E2 (Setup_RAMB36E2_RAMB36_CLKBWRCLK_DINBDIN[4])
                                                     -0.256    11.380    <hidden>
  -------------------------------------------------------------------
                         required time                         11.380    
                         arrival time                          -6.142    
  -------------------------------------------------------------------
                         slack                                  5.238    

Slack (MET) :             5.285ns  (required time - arrival time)
  Source:                 <hidden>
                            (rising edge-triggered cell RAMB36E2 clocked by clk_pl_0  {rise@0.000ns fall@5.000ns period=10.000ns})
  Destination:            DPU_Block_i/dpu_axi_0/inst/dpu_axi_slave_lite_v1_0_S00_AXI_inst/dpu_inst/core_TL/core/genblk3[7].genblk1[0].macUnit/OUT_reg[19]/D
                            (rising edge-triggered cell FDCE clocked by clk_pl_0  {rise@0.000ns fall@5.000ns period=10.000ns})
  Path Group:             clk_pl_0
  Path Type:              Setup (Max at Slow Process Corner)
  Requirement:            10.000ns  (clk_pl_0 rise@10.000ns - clk_pl_0 rise@0.000ns)
  Data Path Delay:        4.396ns  (logic 1.964ns (44.673%)  route 2.432ns (55.327%))
  Logic Levels:           10  (CARRY8=5 LUT2=1 LUT3=1 LUT4=1 LUT5=1 LUT6=1)
  Clock Path Skew:        -0.214ns (DCD - SCD + CPR)
    Destination Clock Delay (DCD):    1.554ns = ( 11.554 - 10.000 ) 
    Source Clock Delay      (SCD):    1.918ns
    Clock Pessimism Removal (CPR):    0.150ns
  Clock Uncertainty:      0.130ns  ((TSJ^2 + DJ^2)^1/2) / 2 + PE
    Total System Jitter     (TSJ):    0.071ns
    Discrete Jitter          (DJ):    0.250ns
    Phase Error              (PE):    0.000ns
  Clock Net Delay (Source):      1.719ns (routing 0.591ns, distribution 1.128ns)
  Clock Net Delay (Destination): 1.394ns (routing 0.533ns, distribution 0.861ns)

    Location             Delay type                Incr(ns)  Path(ns)    Netlist Resource(s)
  -------------------------------------------------------------------    -------------------
                         (clock clk_pl_0 rise edge)
                                                      0.000     0.000 r  
    PS8_X0Y0             PS8                          0.000     0.000 r  DPU_Block_i/zynq_ultra_ps_e_0/inst/PS8_i/PLCLK[0]
                         net (fo=1, routed)           0.171     0.171    DPU_Block_i/zynq_ultra_ps_e_0/inst/pl_clk_unbuffered[0]
    BUFG_PS_X0Y58        BUFG_PS (Prop_BUFG_PS_I_O)
                                                      0.028     0.199 r  DPU_Block_i/zynq_ultra_ps_e_0/inst/buffer_pl_clk_0.PL_CLK_0_BUFG/O
    X0Y1 (CLOCK_ROOT)    net (fo=10450, routed)       1.719     1.918    <hidden>
    RAMB36_X2Y18         RAMB36E2                                     r  <hidden>
  -------------------------------------------------------------------    -------------------
    RAMB36_X2Y18         RAMB36E2 (Prop_RAMB36E2_RAMB36_CLKBWRCLK_DOUTBDOUT[3])
                                                      0.909     2.827 f  <hidden>
                         net (fo=20, routed)          0.989     3.816    DPU_Block_i/dpu_axi_0/inst/dpu_axi_slave_lite_v1_0_S00_AXI_inst/dpu_inst/core_TL/core/genblk3[6].genblk1[0].macUnit/in_bram_dout[3]
    SLICE_X14Y79         LUT2 (Prop_G5LUT_SLICEM_I0_O)
                                                      0.137     3.953 r  DPU_Block_i/dpu_axi_0/inst/dpu_axi_slave_lite_v1_0_S00_AXI_inst/dpu_inst/core_TL/core/genblk3[6].genblk1[0].macUnit/OUT[0]_i_74__55/O
                         net (fo=1, routed)           0.216     4.169    DPU_Block_i/dpu_axi_0/inst/dpu_axi_slave_lite_v1_0_S00_AXI_inst/dpu_inst/core_TL/core/genblk3[6].genblk1[0].macUnit/OUT[0]_i_74__55_n_0
    SLICE_X13Y80         LUT6 (Prop_D6LUT_SLICEL_I1_O)
                                                      0.050     4.219 r  DPU_Block_i/dpu_axi_0/inst/dpu_axi_slave_lite_v1_0_S00_AXI_inst/dpu_inst/core_TL/core/genblk3[6].genblk1[0].macUnit/OUT[0]_i_48__55/O
                         net (fo=1, routed)           0.009     4.228    DPU_Block_i/dpu_axi_0/inst/dpu_axi_slave_lite_v1_0_S00_AXI_inst/dpu_inst/core_TL/core/genblk3[6].genblk1[0].macUnit/OUT[0]_i_48__55_n_0
    SLICE_X13Y80         CARRY8 (Prop_CARRY8_SLICEL_S[3]_O[6])
                                                      0.168     4.396 r  DPU_Block_i/dpu_axi_0/inst/dpu_axi_slave_lite_v1_0_S00_AXI_inst/dpu_inst/core_TL/core/genblk3[6].genblk1[0].macUnit/OUT_reg[0]_i_19__55/O[6]
                         net (fo=2, routed)           0.612     5.008    DPU_Block_i/dpu_axi_0/inst/dpu_axi_slave_lite_v1_0_S00_AXI_inst/dpu_inst/core_TL/core/genblk3[6].genblk1[0].macUnit/OUT_reg[0]_i_19__55_n_9
    SLICE_X15Y77         LUT3 (Prop_H6LUT_SLICEL_I1_O)
                                                      0.090     5.098 r  DPU_Block_i/dpu_axi_0/inst/dpu_axi_slave_lite_v1_0_S00_AXI_inst/dpu_inst/core_TL/core/genblk3[6].genblk1[0].macUnit/OUT[0]_i_22__55/O
                         net (fo=2, routed)           0.315     5.413    DPU_Block_i/dpu_axi_0/inst/dpu_axi_slave_lite_v1_0_S00_AXI_inst/dpu_inst/core_TL/core/genblk3[6].genblk1[0].macUnit/OUT[0]_i_22__55_n_0
    SLICE_X14Y77         LUT4 (Prop_G6LUT_SLICEM_I0_O)
                                                      0.090     5.503 r  DPU_Block_i/dpu_axi_0/inst/dpu_axi_slave_lite_v1_0_S00_AXI_inst/dpu_inst/core_TL/core/genblk3[6].genblk1[0].macUnit/OUT[0]_i_30__55/O
                         net (fo=1, routed)           0.016     5.519    DPU_Block_i/dpu_axi_0/inst/dpu_axi_slave_lite_v1_0_S00_AXI_inst/dpu_inst/core_TL/core/genblk3[6].genblk1[0].macUnit/OUT[0]_i_30__55_n_0
    SLICE_X14Y77         CARRY8 (Prop_CARRY8_SLICEM_S[6]_CO[7])
                                                      0.117     5.636 r  DPU_Block_i/dpu_axi_0/inst/dpu_axi_slave_lite_v1_0_S00_AXI_inst/dpu_inst/core_TL/core/genblk3[6].genblk1[0].macUnit/OUT_reg[0]_i_18__55/CO[7]
                         net (fo=1, routed)           0.026     5.662    DPU_Block_i/dpu_axi_0/inst/dpu_axi_slave_lite_v1_0_S00_AXI_inst/dpu_inst/core_TL/core/genblk3[6].genblk1[0].macUnit/OUT_reg[0]_i_18__55_n_0
    SLICE_X14Y78         CARRY8 (Prop_CARRY8_SLICEM_CI_O[3])
                                                      0.082     5.744 r  DPU_Block_i/dpu_axi_0/inst/dpu_axi_slave_lite_v1_0_S00_AXI_inst/dpu_inst/core_TL/core/genblk3[6].genblk1[0].macUnit/OUT_reg[8]_i_18__55/O[3]
                         net (fo=9, routed)           0.187     5.931    DPU_Block_i/dpu_axi_0/inst/dpu_axi_slave_lite_v1_0_S00_AXI_inst/dpu_inst/core_TL/core/genblk3[6].genblk1[0].macUnit/genblk3[7].genblk1[0].macUnit/B[15]
    SLICE_X13Y76         LUT5 (Prop_H6LUT_SLICEL_I3_O)
                                                      0.124     6.055 r  DPU_Block_i/dpu_axi_0/inst/dpu_axi_slave_lite_v1_0_S00_AXI_inst/dpu_inst/core_TL/core/genblk3[6].genblk1[0].macUnit/OUT[8]_i_10__6/O
                         net (fo=1, routed)           0.010     6.065    DPU_Block_i/dpu_axi_0/inst/dpu_axi_slave_lite_v1_0_S00_AXI_inst/dpu_inst/core_TL/core/genblk3[6].genblk1[0].macUnit/OUT[8]_i_10__6_n_0
    SLICE_X13Y76         CARRY8 (Prop_CARRY8_SLICEL_S[7]_CO[7])
                                                      0.115     6.180 r  DPU_Block_i/dpu_axi_0/inst/dpu_axi_slave_lite_v1_0_S00_AXI_inst/dpu_inst/core_TL/core/genblk3[6].genblk1[0].macUnit/OUT_reg[8]_i_1__55/CO[7]
                         net (fo=1, routed)           0.026     6.206    DPU_Block_i/dpu_axi_0/inst/dpu_axi_slave_lite_v1_0_S00_AXI_inst/dpu_inst/core_TL/core/genblk3[6].genblk1[0].macUnit/OUT_reg[8]_i_1__55_n_0
    SLICE_X13Y77         CARRY8 (Prop_CARRY8_SLICEL_CI_O[3])
                                                      0.082     6.288 r  DPU_Block_i/dpu_axi_0/inst/dpu_axi_slave_lite_v1_0_S00_AXI_inst/dpu_inst/core_TL/core/genblk3[6].genblk1[0].macUnit/OUT_reg[16]_i_1__55/O[3]
                         net (fo=1, routed)           0.026     6.314    DPU_Block_i/dpu_axi_0/inst/dpu_axi_slave_lite_v1_0_S00_AXI_inst/dpu_inst/core_TL/core/genblk3[7].genblk1[0].macUnit/OUT_reg[19]_1[3]
    SLICE_X13Y77         FDCE                                         r  DPU_Block_i/dpu_axi_0/inst/dpu_axi_slave_lite_v1_0_S00_AXI_inst/dpu_inst/core_TL/core/genblk3[7].genblk1[0].macUnit/OUT_reg[19]/D
  -------------------------------------------------------------------    -------------------

                         (clock clk_pl_0 rise edge)
                                                     10.000    10.000 r  
    PS8_X0Y0             PS8                          0.000    10.000 r  DPU_Block_i/zynq_ultra_ps_e_0/inst/PS8_i/PLCLK[0]
                         net (fo=1, routed)           0.135    10.135    DPU_Block_i/zynq_ultra_ps_e_0/inst/pl_clk_unbuffered[0]
    BUFG_PS_X0Y58        BUFG_PS (Prop_BUFG_PS_I_O)
                                                      0.025    10.160 r  DPU_Block_i/zynq_ultra_ps_e_0/inst/buffer_pl_clk_0.PL_CLK_0_BUFG/O
    X0Y1 (CLOCK_ROOT)    net (fo=10450, routed)       1.394    11.554    DPU_Block_i/dpu_axi_0/inst/dpu_axi_slave_lite_v1_0_S00_AXI_inst/dpu_inst/core_TL/core/genblk3[7].genblk1[0].macUnit/s00_axi_aclk
    SLICE_X13Y77         FDCE                                         r  DPU_Block_i/dpu_axi_0/inst/dpu_axi_slave_lite_v1_0_S00_AXI_inst/dpu_inst/core_TL/core/genblk3[7].genblk1[0].macUnit/OUT_reg[19]/C
                         clock pessimism              0.150    11.704    
                         clock uncertainty           -0.130    11.574    
    SLICE_X13Y77         FDCE (Setup_DFF_SLICEL_C_D)
                                                      0.025    11.599    DPU_Block_i/dpu_axi_0/inst/dpu_axi_slave_lite_v1_0_S00_AXI_inst/dpu_inst/core_TL/core/genblk3[7].genblk1[0].macUnit/OUT_reg[19]
  -------------------------------------------------------------------
                         required time                         11.599    
                         arrival time                          -6.314    
  -------------------------------------------------------------------
                         slack                                  5.285    

Slack (MET) :             5.292ns  (required time - arrival time)
  Source:                 <hidden>
                            (rising edge-triggered cell RAMB36E2 clocked by clk_pl_0  {rise@0.000ns fall@5.000ns period=10.000ns})
  Destination:            DPU_Block_i/dpu_axi_0/inst/dpu_axi_slave_lite_v1_0_S00_AXI_inst/dpu_inst/core_TL/core/genblk3[7].genblk1[0].macUnit/OUT_reg[17]/D
                            (rising edge-triggered cell FDCE clocked by clk_pl_0  {rise@0.000ns fall@5.000ns period=10.000ns})
  Path Group:             clk_pl_0
  Path Type:              Setup (Max at Slow Process Corner)
  Requirement:            10.000ns  (clk_pl_0 rise@10.000ns - clk_pl_0 rise@0.000ns)
  Data Path Delay:        4.389ns  (logic 1.958ns (44.608%)  route 2.431ns (55.392%))
  Logic Levels:           10  (CARRY8=5 LUT2=1 LUT3=1 LUT4=1 LUT5=1 LUT6=1)
  Clock Path Skew:        -0.214ns (DCD - SCD + CPR)
    Destination Clock Delay (DCD):    1.554ns = ( 11.554 - 10.000 ) 
    Source Clock Delay      (SCD):    1.918ns
    Clock Pessimism Removal (CPR):    0.150ns
  Clock Uncertainty:      0.130ns  ((TSJ^2 + DJ^2)^1/2) / 2 + PE
    Total System Jitter     (TSJ):    0.071ns
    Discrete Jitter          (DJ):    0.250ns
    Phase Error              (PE):    0.000ns
  Clock Net Delay (Source):      1.719ns (routing 0.591ns, distribution 1.128ns)
  Clock Net Delay (Destination): 1.394ns (routing 0.533ns, distribution 0.861ns)

    Location             Delay type                Incr(ns)  Path(ns)    Netlist Resource(s)
  -------------------------------------------------------------------    -------------------
                         (clock clk_pl_0 rise edge)
                                                      0.000     0.000 r  
    PS8_X0Y0             PS8                          0.000     0.000 r  DPU_Block_i/zynq_ultra_ps_e_0/inst/PS8_i/PLCLK[0]
                         net (fo=1, routed)           0.171     0.171    DPU_Block_i/zynq_ultra_ps_e_0/inst/pl_clk_unbuffered[0]
    BUFG_PS_X0Y58        BUFG_PS (Prop_BUFG_PS_I_O)
                                                      0.028     0.199 r  DPU_Block_i/zynq_ultra_ps_e_0/inst/buffer_pl_clk_0.PL_CLK_0_BUFG/O
    X0Y1 (CLOCK_ROOT)    net (fo=10450, routed)       1.719     1.918    <hidden>
    RAMB36_X2Y18         RAMB36E2                                     r  <hidden>
  -------------------------------------------------------------------    -------------------
    RAMB36_X2Y18         RAMB36E2 (Prop_RAMB36E2_RAMB36_CLKBWRCLK_DOUTBDOUT[3])
                                                      0.909     2.827 f  <hidden>
                         net (fo=20, routed)          0.989     3.816    DPU_Block_i/dpu_axi_0/inst/dpu_axi_slave_lite_v1_0_S00_AXI_inst/dpu_inst/core_TL/core/genblk3[6].genblk1[0].macUnit/in_bram_dout[3]
    SLICE_X14Y79         LUT2 (Prop_G5LUT_SLICEM_I0_O)
                                                      0.137     3.953 r  DPU_Block_i/dpu_axi_0/inst/dpu_axi_slave_lite_v1_0_S00_AXI_inst/dpu_inst/core_TL/core/genblk3[6].genblk1[0].macUnit/OUT[0]_i_74__55/O
                         net (fo=1, routed)           0.216     4.169    DPU_Block_i/dpu_axi_0/inst/dpu_axi_slave_lite_v1_0_S00_AXI_inst/dpu_inst/core_TL/core/genblk3[6].genblk1[0].macUnit/OUT[0]_i_74__55_n_0
    SLICE_X13Y80         LUT6 (Prop_D6LUT_SLICEL_I1_O)
                                                      0.050     4.219 r  DPU_Block_i/dpu_axi_0/inst/dpu_axi_slave_lite_v1_0_S00_AXI_inst/dpu_inst/core_TL/core/genblk3[6].genblk1[0].macUnit/OUT[0]_i_48__55/O
                         net (fo=1, routed)           0.009     4.228    DPU_Block_i/dpu_axi_0/inst/dpu_axi_slave_lite_v1_0_S00_AXI_inst/dpu_inst/core_TL/core/genblk3[6].genblk1[0].macUnit/OUT[0]_i_48__55_n_0
    SLICE_X13Y80         CARRY8 (Prop_CARRY8_SLICEL_S[3]_O[6])
                                                      0.168     4.396 r  DPU_Block_i/dpu_axi_0/inst/dpu_axi_slave_lite_v1_0_S00_AXI_inst/dpu_inst/core_TL/core/genblk3[6].genblk1[0].macUnit/OUT_reg[0]_i_19__55/O[6]
                         net (fo=2, routed)           0.612     5.008    DPU_Block_i/dpu_axi_0/inst/dpu_axi_slave_lite_v1_0_S00_AXI_inst/dpu_inst/core_TL/core/genblk3[6].genblk1[0].macUnit/OUT_reg[0]_i_19__55_n_9
    SLICE_X15Y77         LUT3 (Prop_H6LUT_SLICEL_I1_O)
                                                      0.090     5.098 r  DPU_Block_i/dpu_axi_0/inst/dpu_axi_slave_lite_v1_0_S00_AXI_inst/dpu_inst/core_TL/core/genblk3[6].genblk1[0].macUnit/OUT[0]_i_22__55/O
                         net (fo=2, routed)           0.315     5.413    DPU_Block_i/dpu_axi_0/inst/dpu_axi_slave_lite_v1_0_S00_AXI_inst/dpu_inst/core_TL/core/genblk3[6].genblk1[0].macUnit/OUT[0]_i_22__55_n_0
    SLICE_X14Y77         LUT4 (Prop_G6LUT_SLICEM_I0_O)
                                                      0.090     5.503 r  DPU_Block_i/dpu_axi_0/inst/dpu_axi_slave_lite_v1_0_S00_AXI_inst/dpu_inst/core_TL/core/genblk3[6].genblk1[0].macUnit/OUT[0]_i_30__55/O
                         net (fo=1, routed)           0.016     5.519    DPU_Block_i/dpu_axi_0/inst/dpu_axi_slave_lite_v1_0_S00_AXI_inst/dpu_inst/core_TL/core/genblk3[6].genblk1[0].macUnit/OUT[0]_i_30__55_n_0
    SLICE_X14Y77         CARRY8 (Prop_CARRY8_SLICEM_S[6]_CO[7])
                                                      0.117     5.636 r  DPU_Block_i/dpu_axi_0/inst/dpu_axi_slave_lite_v1_0_S00_AXI_inst/dpu_inst/core_TL/core/genblk3[6].genblk1[0].macUnit/OUT_reg[0]_i_18__55/CO[7]
                         net (fo=1, routed)           0.026     5.662    DPU_Block_i/dpu_axi_0/inst/dpu_axi_slave_lite_v1_0_S00_AXI_inst/dpu_inst/core_TL/core/genblk3[6].genblk1[0].macUnit/OUT_reg[0]_i_18__55_n_0
    SLICE_X14Y78         CARRY8 (Prop_CARRY8_SLICEM_CI_O[3])
                                                      0.082     5.744 r  DPU_Block_i/dpu_axi_0/inst/dpu_axi_slave_lite_v1_0_S00_AXI_inst/dpu_inst/core_TL/core/genblk3[6].genblk1[0].macUnit/OUT_reg[8]_i_18__55/O[3]
                         net (fo=9, routed)           0.187     5.931    DPU_Block_i/dpu_axi_0/inst/dpu_axi_slave_lite_v1_0_S00_AXI_inst/dpu_inst/core_TL/core/genblk3[6].genblk1[0].macUnit/genblk3[7].genblk1[0].macUnit/B[15]
    SLICE_X13Y76         LUT5 (Prop_H6LUT_SLICEL_I3_O)
                                                      0.124     6.055 r  DPU_Block_i/dpu_axi_0/inst/dpu_axi_slave_lite_v1_0_S00_AXI_inst/dpu_inst/core_TL/core/genblk3[6].genblk1[0].macUnit/OUT[8]_i_10__6/O
                         net (fo=1, routed)           0.010     6.065    DPU_Block_i/dpu_axi_0/inst/dpu_axi_slave_lite_v1_0_S00_AXI_inst/dpu_inst/core_TL/core/genblk3[6].genblk1[0].macUnit/OUT[8]_i_10__6_n_0
    SLICE_X13Y76         CARRY8 (Prop_CARRY8_SLICEL_S[7]_CO[7])
                                                      0.115     6.180 r  DPU_Block_i/dpu_axi_0/inst/dpu_axi_slave_lite_v1_0_S00_AXI_inst/dpu_inst/core_TL/core/genblk3[6].genblk1[0].macUnit/OUT_reg[8]_i_1__55/CO[7]
                         net (fo=1, routed)           0.026     6.206    DPU_Block_i/dpu_axi_0/inst/dpu_axi_slave_lite_v1_0_S00_AXI_inst/dpu_inst/core_TL/core/genblk3[6].genblk1[0].macUnit/OUT_reg[8]_i_1__55_n_0
    SLICE_X13Y77         CARRY8 (Prop_CARRY8_SLICEL_CI_O[1])
                                                      0.076     6.282 r  DPU_Block_i/dpu_axi_0/inst/dpu_axi_slave_lite_v1_0_S00_AXI_inst/dpu_inst/core_TL/core/genblk3[6].genblk1[0].macUnit/OUT_reg[16]_i_1__55/O[1]
                         net (fo=1, routed)           0.025     6.307    DPU_Block_i/dpu_axi_0/inst/dpu_axi_slave_lite_v1_0_S00_AXI_inst/dpu_inst/core_TL/core/genblk3[7].genblk1[0].macUnit/OUT_reg[19]_1[1]
    SLICE_X13Y77         FDCE                                         r  DPU_Block_i/dpu_axi_0/inst/dpu_axi_slave_lite_v1_0_S00_AXI_inst/dpu_inst/core_TL/core/genblk3[7].genblk1[0].macUnit/OUT_reg[17]/D
  -------------------------------------------------------------------    -------------------

                         (clock clk_pl_0 rise edge)
                                                     10.000    10.000 r  
    PS8_X0Y0             PS8                          0.000    10.000 r  DPU_Block_i/zynq_ultra_ps_e_0/inst/PS8_i/PLCLK[0]
                         net (fo=1, routed)           0.135    10.135    DPU_Block_i/zynq_ultra_ps_e_0/inst/pl_clk_unbuffered[0]
    BUFG_PS_X0Y58        BUFG_PS (Prop_BUFG_PS_I_O)
                                                      0.025    10.160 r  DPU_Block_i/zynq_ultra_ps_e_0/inst/buffer_pl_clk_0.PL_CLK_0_BUFG/O
    X0Y1 (CLOCK_ROOT)    net (fo=10450, routed)       1.394    11.554    DPU_Block_i/dpu_axi_0/inst/dpu_axi_slave_lite_v1_0_S00_AXI_inst/dpu_inst/core_TL/core/genblk3[7].genblk1[0].macUnit/s00_axi_aclk
    SLICE_X13Y77         FDCE                                         r  DPU_Block_i/dpu_axi_0/inst/dpu_axi_slave_lite_v1_0_S00_AXI_inst/dpu_inst/core_TL/core/genblk3[7].genblk1[0].macUnit/OUT_reg[17]/C
                         clock pessimism              0.150    11.704    
                         clock uncertainty           -0.130    11.574    
    SLICE_X13Y77         FDCE (Setup_BFF_SLICEL_C_D)
                                                      0.025    11.599    DPU_Block_i/dpu_axi_0/inst/dpu_axi_slave_lite_v1_0_S00_AXI_inst/dpu_inst/core_TL/core/genblk3[7].genblk1[0].macUnit/OUT_reg[17]
  -------------------------------------------------------------------
                         required time                         11.599    
                         arrival time                          -6.307    
  -------------------------------------------------------------------
                         slack                                  5.292    

Slack (MET) :             5.293ns  (required time - arrival time)
  Source:                 DPU_Block_i/dpu_axi_0/inst/dpu_axi_slave_lite_v1_0_S00_AXI_inst/slv_reg0_reg[3]/C
                            (rising edge-triggered cell FDRE clocked by clk_pl_0  {rise@0.000ns fall@5.000ns period=10.000ns})
  Destination:            <hidden>
                            (rising edge-triggered cell RAMB36E2 clocked by clk_pl_0  {rise@0.000ns fall@5.000ns period=10.000ns})
  Path Group:             clk_pl_0
  Path Type:              Setup (Max at Slow Process Corner)
  Requirement:            10.000ns  (clk_pl_0 rise@10.000ns - clk_pl_0 rise@0.000ns)
  Data Path Delay:        4.341ns  (logic 0.658ns (15.157%)  route 3.683ns (84.843%))
  Logic Levels:           6  (LUT2=1 LUT5=1 LUT6=2 MUXF7=1 MUXF8=1)
  Clock Path Skew:        0.009ns (DCD - SCD + CPR)
    Destination Clock Delay (DCD):    1.616ns = ( 11.616 - 10.000 ) 
    Source Clock Delay      (SCD):    1.804ns
    Clock Pessimism Removal (CPR):    0.197ns
  Clock Uncertainty:      0.130ns  ((TSJ^2 + DJ^2)^1/2) / 2 + PE
    Total System Jitter     (TSJ):    0.071ns
    Discrete Jitter          (DJ):    0.250ns
    Phase Error              (PE):    0.000ns
  Clock Net Delay (Source):      1.605ns (routing 0.591ns, distribution 1.014ns)
  Clock Net Delay (Destination): 1.456ns (routing 0.533ns, distribution 0.923ns)

    Location             Delay type                Incr(ns)  Path(ns)    Netlist Resource(s)
  -------------------------------------------------------------------    -------------------
                         (clock clk_pl_0 rise edge)
                                                      0.000     0.000 r  
    PS8_X0Y0             PS8                          0.000     0.000 r  DPU_Block_i/zynq_ultra_ps_e_0/inst/PS8_i/PLCLK[0]
                         net (fo=1, routed)           0.171     0.171    DPU_Block_i/zynq_ultra_ps_e_0/inst/pl_clk_unbuffered[0]
    BUFG_PS_X0Y58        BUFG_PS (Prop_BUFG_PS_I_O)
                                                      0.028     0.199 r  DPU_Block_i/zynq_ultra_ps_e_0/inst/buffer_pl_clk_0.PL_CLK_0_BUFG/O
    X0Y1 (CLOCK_ROOT)    net (fo=10450, routed)       1.605     1.804    DPU_Block_i/dpu_axi_0/inst/dpu_axi_slave_lite_v1_0_S00_AXI_inst/s00_axi_aclk
    SLICE_X18Y94         FDRE                                         r  DPU_Block_i/dpu_axi_0/inst/dpu_axi_slave_lite_v1_0_S00_AXI_inst/slv_reg0_reg[3]/C
  -------------------------------------------------------------------    -------------------
    SLICE_X18Y94         FDRE (Prop_HFF2_SLICEL_C_Q)
                                                      0.080     1.884 f  DPU_Block_i/dpu_axi_0/inst/dpu_axi_slave_lite_v1_0_S00_AXI_inst/slv_reg0_reg[3]/Q
                         net (fo=70, routed)          1.533     3.417    DPU_Block_i/dpu_axi_0/inst/dpu_axi_slave_lite_v1_0_S00_AXI_inst/dpu_inst/activation_unit/Q[0]
    SLICE_X14Y49         LUT2 (Prop_B5LUT_SLICEM_I1_O)
                                                      0.072     3.489 r  DPU_Block_i/dpu_axi_0/inst/dpu_axi_slave_lite_v1_0_S00_AXI_inst/dpu_inst/activation_unit/i_/i_/out_bram_din[10]_INST_0_i_62/O
                         net (fo=128, routed)         0.493     3.981    DPU_Block_i/dpu_axi_0/inst/dpu_axi_slave_lite_v1_0_S00_AXI_inst/dpu_inst/core_TL/core/genblk3[2].genblk1[4].macUnit/out_bram_din[7]_INST_0_i_20_3
    SLICE_X9Y60          LUT6 (Prop_B6LUT_SLICEM_I4_O)
                                                      0.149     4.130 r  DPU_Block_i/dpu_axi_0/inst/dpu_axi_slave_lite_v1_0_S00_AXI_inst/dpu_inst/core_TL/core/genblk3[2].genblk1[4].macUnit/out_bram_din[9]_INST_0_i_45/O
                         net (fo=1, routed)           0.017     4.147    DPU_Block_i/dpu_axi_0/inst/dpu_axi_slave_lite_v1_0_S00_AXI_inst/dpu_inst/core_TL/core/genblk3[2].genblk1[4].macUnit/out_bram_din[9]_INST_0_i_45_n_0
    SLICE_X9Y60          MUXF7 (Prop_F7MUX_AB_SLICEM_I0_O)
                                                      0.060     4.207 r  DPU_Block_i/dpu_axi_0/inst/dpu_axi_slave_lite_v1_0_S00_AXI_inst/dpu_inst/core_TL/core/genblk3[2].genblk1[4].macUnit/out_bram_din[9]_INST_0_i_20/O
                         net (fo=1, routed)           0.000     4.207    DPU_Block_i/dpu_axi_0/inst/dpu_axi_slave_lite_v1_0_S00_AXI_inst/dpu_inst/core_TL/core/genblk3[6].genblk1[4].macUnit/out_bram_din[9]_INST_0_i_2_0
    SLICE_X9Y60          MUXF8 (Prop_F8MUX_BOT_SLICEM_I1_O)
                                                      0.028     4.235 r  DPU_Block_i/dpu_axi_0/inst/dpu_axi_slave_lite_v1_0_S00_AXI_inst/dpu_inst/core_TL/core/genblk3[6].genblk1[4].macUnit/out_bram_din[9]_INST_0_i_7/O
                         net (fo=1, routed)           0.744     4.979    DPU_Block_i/dpu_axi_0/inst/dpu_axi_slave_lite_v1_0_S00_AXI_inst/dpu_inst/core_TL/core/genblk3[6].genblk1[4].macUnit/out_bram_din[9]_INST_0_i_7_n_0
    SLICE_X18Y40         LUT6 (Prop_D6LUT_SLICEL_I0_O)
                                                      0.146     5.125 r  DPU_Block_i/dpu_axi_0/inst/dpu_axi_slave_lite_v1_0_S00_AXI_inst/dpu_inst/core_TL/core/genblk3[6].genblk1[4].macUnit/out_bram_din[9]_INST_0_i_2/O
                         net (fo=1, routed)           0.416     5.541    DPU_Block_i/dpu_axi_0/inst/dpu_axi_slave_lite_v1_0_S00_AXI_inst/dpu_inst/core_TL/core/genblk3[6].genblk1[0].macUnit/out_bram_din_9_sn_1
    SLICE_X18Y65         LUT5 (Prop_F6LUT_SLICEL_I3_O)
                                                      0.123     5.664 r  DPU_Block_i/dpu_axi_0/inst/dpu_axi_slave_lite_v1_0_S00_AXI_inst/dpu_inst/core_TL/core/genblk3[6].genblk1[0].macUnit/out_bram_din[9]_INST_0/O
                         net (fo=1, routed)           0.481     6.145    <hidden>
    RAMB36_X2Y19         RAMB36E2                                     r  <hidden>
  -------------------------------------------------------------------    -------------------

                         (clock clk_pl_0 rise edge)
                                                     10.000    10.000 r  
    PS8_X0Y0             PS8                          0.000    10.000 r  DPU_Block_i/zynq_ultra_ps_e_0/inst/PS8_i/PLCLK[0]
                         net (fo=1, routed)           0.135    10.135    DPU_Block_i/zynq_ultra_ps_e_0/inst/pl_clk_unbuffered[0]
    BUFG_PS_X0Y58        BUFG_PS (Prop_BUFG_PS_I_O)
                                                      0.025    10.160 r  DPU_Block_i/zynq_ultra_ps_e_0/inst/buffer_pl_clk_0.PL_CLK_0_BUFG/O
    X0Y1 (CLOCK_ROOT)    net (fo=10450, routed)       1.456    11.616    <hidden>
    RAMB36_X2Y19         RAMB36E2                                     r  <hidden>
                         clock pessimism              0.197    11.813    
                         clock uncertainty           -0.130    11.683    
    RAMB36_X2Y19         RAMB36E2 (Setup_RAMB36E2_RAMB36_CLKBWRCLK_DINBDIN[9])
                                                     -0.244    11.439    <hidden>
  -------------------------------------------------------------------
                         required time                         11.439    
                         arrival time                          -6.145    
  -------------------------------------------------------------------
                         slack                                  5.293    

Slack (MET) :             5.294ns  (required time - arrival time)
  Source:                 <hidden>
                            (rising edge-triggered cell RAMB36E2 clocked by clk_pl_0  {rise@0.000ns fall@5.000ns period=10.000ns})
  Destination:            DPU_Block_i/dpu_axi_0/inst/dpu_axi_slave_lite_v1_0_S00_AXI_inst/dpu_inst/core_TL/core/genblk3[0].genblk1[6].macUnit/OUT_reg[19]/D
                            (rising edge-triggered cell FDCE clocked by clk_pl_0  {rise@0.000ns fall@5.000ns period=10.000ns})
  Path Group:             clk_pl_0
  Path Type:              Setup (Max at Slow Process Corner)
  Requirement:            10.000ns  (clk_pl_0 rise@10.000ns - clk_pl_0 rise@0.000ns)
  Data Path Delay:        4.411ns  (logic 2.009ns (45.546%)  route 2.402ns (54.454%))
  Logic Levels:           10  (CARRY8=5 LUT3=1 LUT4=1 LUT5=1 LUT6=2)
  Clock Path Skew:        -0.190ns (DCD - SCD + CPR)
    Destination Clock Delay (DCD):    1.589ns = ( 11.589 - 10.000 ) 
    Source Clock Delay      (SCD):    1.880ns
    Clock Pessimism Removal (CPR):    0.101ns
  Clock Uncertainty:      0.130ns  ((TSJ^2 + DJ^2)^1/2) / 2 + PE
    Total System Jitter     (TSJ):    0.071ns
    Discrete Jitter          (DJ):    0.250ns
    Phase Error              (PE):    0.000ns
  Clock Net Delay (Source):      1.681ns (routing 0.591ns, distribution 1.090ns)
  Clock Net Delay (Destination): 1.429ns (routing 0.533ns, distribution 0.896ns)

    Location             Delay type                Incr(ns)  Path(ns)    Netlist Resource(s)
  -------------------------------------------------------------------    -------------------
                         (clock clk_pl_0 rise edge)
                                                      0.000     0.000 r  
    PS8_X0Y0             PS8                          0.000     0.000 r  DPU_Block_i/zynq_ultra_ps_e_0/inst/PS8_i/PLCLK[0]
                         net (fo=1, routed)           0.171     0.171    DPU_Block_i/zynq_ultra_ps_e_0/inst/pl_clk_unbuffered[0]
    BUFG_PS_X0Y58        BUFG_PS (Prop_BUFG_PS_I_O)
                                                      0.028     0.199 r  DPU_Block_i/zynq_ultra_ps_e_0/inst/buffer_pl_clk_0.PL_CLK_0_BUFG/O
    X0Y1 (CLOCK_ROOT)    net (fo=10450, routed)       1.681     1.880    <hidden>
    RAMB36_X1Y16         RAMB36E2                                     r  <hidden>
  -------------------------------------------------------------------    -------------------
    RAMB36_X1Y16         RAMB36E2 (Prop_RAMB36E2_RAMB36_CLKBWRCLK_DOUTBDOUT[4])
                                                      0.894     2.774 r  <hidden>
                         net (fo=18, routed)          1.501     4.275    DPU_Block_i/dpu_axi_0/inst/dpu_axi_slave_lite_v1_0_S00_AXI_inst/dpu_inst/core_TL/core/genblk3[0].genblk1[5].macUnit/w_bram_dout[4]
    SLICE_X17Y29         LUT6 (Prop_F6LUT_SLICEL_I2_O)
                                                      0.148     4.423 r  DPU_Block_i/dpu_axi_0/inst/dpu_axi_slave_lite_v1_0_S00_AXI_inst/dpu_inst/core_TL/core/genblk3[0].genblk1[5].macUnit/OUT[0]_i_39__5/O
                         net (fo=2, routed)           0.137     4.560    DPU_Block_i/dpu_axi_0/inst/dpu_axi_slave_lite_v1_0_S00_AXI_inst/dpu_inst/core_TL/core/genblk3[0].genblk1[5].macUnit/OUT[0]_i_39__5_n_0
    SLICE_X17Y28         LUT6 (Prop_F6LUT_SLICEL_I0_O)
                                                      0.097     4.657 r  DPU_Block_i/dpu_axi_0/inst/dpu_axi_slave_lite_v1_0_S00_AXI_inst/dpu_inst/core_TL/core/genblk3[0].genblk1[5].macUnit/OUT[0]_i_46__5/O
                         net (fo=1, routed)           0.011     4.668    DPU_Block_i/dpu_axi_0/inst/dpu_axi_slave_lite_v1_0_S00_AXI_inst/dpu_inst/core_TL/core/genblk3[0].genblk1[5].macUnit/OUT[0]_i_46__5_n_0
    SLICE_X17Y28         CARRY8 (Prop_CARRY8_SLICEL_S[5]_O[5])
                                                      0.054     4.722 r  DPU_Block_i/dpu_axi_0/inst/dpu_axi_slave_lite_v1_0_S00_AXI_inst/dpu_inst/core_TL/core/genblk3[0].genblk1[5].macUnit/OUT_reg[0]_i_19__5/O[5]
                         net (fo=2, routed)           0.140     4.862    DPU_Block_i/dpu_axi_0/inst/dpu_axi_slave_lite_v1_0_S00_AXI_inst/dpu_inst/core_TL/core/genblk3[0].genblk1[5].macUnit/OUT_reg[0]_i_19__5_n_10
    SLICE_X16Y28         LUT3 (Prop_E5LUT_SLICEM_I1_O)
                                                      0.164     5.026 r  DPU_Block_i/dpu_axi_0/inst/dpu_axi_slave_lite_v1_0_S00_AXI_inst/dpu_inst/core_TL/core/genblk3[0].genblk1[5].macUnit/OUT[0]_i_23__5/O
                         net (fo=2, routed)           0.268     5.294    DPU_Block_i/dpu_axi_0/inst/dpu_axi_slave_lite_v1_0_S00_AXI_inst/dpu_inst/core_TL/core/genblk3[0].genblk1[5].macUnit/OUT[0]_i_23__5_n_0
    SLICE_X16Y28         LUT4 (Prop_F6LUT_SLICEM_I3_O)
                                                      0.088     5.382 r  DPU_Block_i/dpu_axi_0/inst/dpu_axi_slave_lite_v1_0_S00_AXI_inst/dpu_inst/core_TL/core/genblk3[0].genblk1[5].macUnit/OUT[0]_i_31__5/O
                         net (fo=1, routed)           0.022     5.404    DPU_Block_i/dpu_axi_0/inst/dpu_axi_slave_lite_v1_0_S00_AXI_inst/dpu_inst/core_TL/core/genblk3[0].genblk1[5].macUnit/OUT[0]_i_31__5_n_0
    SLICE_X16Y28         CARRY8 (Prop_CARRY8_SLICEM_S[5]_CO[7])
                                                      0.159     5.563 r  DPU_Block_i/dpu_axi_0/inst/dpu_axi_slave_lite_v1_0_S00_AXI_inst/dpu_inst/core_TL/core/genblk3[0].genblk1[5].macUnit/OUT_reg[0]_i_18__5/CO[7]
                         net (fo=1, routed)           0.026     5.589    DPU_Block_i/dpu_axi_0/inst/dpu_axi_slave_lite_v1_0_S00_AXI_inst/dpu_inst/core_TL/core/genblk3[0].genblk1[5].macUnit/OUT_reg[0]_i_18__5_n_0
    SLICE_X16Y29         CARRY8 (Prop_CARRY8_SLICEM_CI_O[1])
                                                      0.076     5.665 r  DPU_Block_i/dpu_axi_0/inst/dpu_axi_slave_lite_v1_0_S00_AXI_inst/dpu_inst/core_TL/core/genblk3[0].genblk1[5].macUnit/OUT_reg[8]_i_18__5/O[1]
                         net (fo=2, routed)           0.223     5.888    DPU_Block_i/dpu_axi_0/inst/dpu_axi_slave_lite_v1_0_S00_AXI_inst/dpu_inst/core_TL/core/genblk3[0].genblk1[5].macUnit/genblk3[0].genblk1[6].macUnit/B[13]
    SLICE_X16Y26         LUT5 (Prop_F6LUT_SLICEM_I3_O)
                                                      0.088     5.976 r  DPU_Block_i/dpu_axi_0/inst/dpu_axi_slave_lite_v1_0_S00_AXI_inst/dpu_inst/core_TL/core/genblk3[0].genblk1[5].macUnit/OUT[8]_i_12__56/O
                         net (fo=1, routed)           0.022     5.998    DPU_Block_i/dpu_axi_0/inst/dpu_axi_slave_lite_v1_0_S00_AXI_inst/dpu_inst/core_TL/core/genblk3[0].genblk1[5].macUnit/OUT[8]_i_12__56_n_0
    SLICE_X16Y26         CARRY8 (Prop_CARRY8_SLICEM_S[5]_CO[7])
                                                      0.159     6.157 r  DPU_Block_i/dpu_axi_0/inst/dpu_axi_slave_lite_v1_0_S00_AXI_inst/dpu_inst/core_TL/core/genblk3[0].genblk1[5].macUnit/OUT_reg[8]_i_1__5/CO[7]
                         net (fo=1, routed)           0.026     6.183    DPU_Block_i/dpu_axi_0/inst/dpu_axi_slave_lite_v1_0_S00_AXI_inst/dpu_inst/core_TL/core/genblk3[0].genblk1[5].macUnit/OUT_reg[8]_i_1__5_n_0
    SLICE_X16Y27         CARRY8 (Prop_CARRY8_SLICEM_CI_O[3])
                                                      0.082     6.265 r  DPU_Block_i/dpu_axi_0/inst/dpu_axi_slave_lite_v1_0_S00_AXI_inst/dpu_inst/core_TL/core/genblk3[0].genblk1[5].macUnit/OUT_reg[16]_i_1__5/O[3]
                         net (fo=1, routed)           0.026     6.291    DPU_Block_i/dpu_axi_0/inst/dpu_axi_slave_lite_v1_0_S00_AXI_inst/dpu_inst/core_TL/core/genblk3[0].genblk1[6].macUnit/OUT_reg[19]_1[3]
    SLICE_X16Y27         FDCE                                         r  DPU_Block_i/dpu_axi_0/inst/dpu_axi_slave_lite_v1_0_S00_AXI_inst/dpu_inst/core_TL/core/genblk3[0].genblk1[6].macUnit/OUT_reg[19]/D
  -------------------------------------------------------------------    -------------------

                         (clock clk_pl_0 rise edge)
                                                     10.000    10.000 r  
    PS8_X0Y0             PS8                          0.000    10.000 r  DPU_Block_i/zynq_ultra_ps_e_0/inst/PS8_i/PLCLK[0]
                         net (fo=1, routed)           0.135    10.135    DPU_Block_i/zynq_ultra_ps_e_0/inst/pl_clk_unbuffered[0]
    BUFG_PS_X0Y58        BUFG_PS (Prop_BUFG_PS_I_O)
                                                      0.025    10.160 r  DPU_Block_i/zynq_ultra_ps_e_0/inst/buffer_pl_clk_0.PL_CLK_0_BUFG/O
    X0Y1 (CLOCK_ROOT)    net (fo=10450, routed)       1.429    11.589    DPU_Block_i/dpu_axi_0/inst/dpu_axi_slave_lite_v1_0_S00_AXI_inst/dpu_inst/core_TL/core/genblk3[0].genblk1[6].macUnit/s00_axi_aclk
    SLICE_X16Y27         FDCE                                         r  DPU_Block_i/dpu_axi_0/inst/dpu_axi_slave_lite_v1_0_S00_AXI_inst/dpu_inst/core_TL/core/genblk3[0].genblk1[6].macUnit/OUT_reg[19]/C
                         clock pessimism              0.101    11.690    
                         clock uncertainty           -0.130    11.560    
    SLICE_X16Y27         FDCE (Setup_DFF_SLICEM_C_D)
                                                      0.025    11.585    DPU_Block_i/dpu_axi_0/inst/dpu_axi_slave_lite_v1_0_S00_AXI_inst/dpu_inst/core_TL/core/genblk3[0].genblk1[6].macUnit/OUT_reg[19]
  -------------------------------------------------------------------
                         required time                         11.585    
                         arrival time                          -6.291    
  -------------------------------------------------------------------
                         slack                                  5.294    

Slack (MET) :             5.300ns  (required time - arrival time)
  Source:                 <hidden>
                            (rising edge-triggered cell RAMB36E2 clocked by clk_pl_0  {rise@0.000ns fall@5.000ns period=10.000ns})
  Destination:            DPU_Block_i/dpu_axi_0/inst/dpu_axi_slave_lite_v1_0_S00_AXI_inst/dpu_inst/core_TL/core/genblk3[7].genblk1[0].macUnit/OUT_reg[18]/D
                            (rising edge-triggered cell FDCE clocked by clk_pl_0  {rise@0.000ns fall@5.000ns period=10.000ns})
  Path Group:             clk_pl_0
  Path Type:              Setup (Max at Slow Process Corner)
  Requirement:            10.000ns  (clk_pl_0 rise@10.000ns - clk_pl_0 rise@0.000ns)
  Data Path Delay:        4.381ns  (logic 1.949ns (44.484%)  route 2.432ns (55.516%))
  Logic Levels:           10  (CARRY8=5 LUT2=1 LUT3=1 LUT4=1 LUT5=1 LUT6=1)
  Clock Path Skew:        -0.214ns (DCD - SCD + CPR)
    Destination Clock Delay (DCD):    1.554ns = ( 11.554 - 10.000 ) 
    Source Clock Delay      (SCD):    1.918ns
    Clock Pessimism Removal (CPR):    0.150ns
  Clock Uncertainty:      0.130ns  ((TSJ^2 + DJ^2)^1/2) / 2 + PE
    Total System Jitter     (TSJ):    0.071ns
    Discrete Jitter          (DJ):    0.250ns
    Phase Error              (PE):    0.000ns
  Clock Net Delay (Source):      1.719ns (routing 0.591ns, distribution 1.128ns)
  Clock Net Delay (Destination): 1.394ns (routing 0.533ns, distribution 0.861ns)

    Location             Delay type                Incr(ns)  Path(ns)    Netlist Resource(s)
  -------------------------------------------------------------------    -------------------
                         (clock clk_pl_0 rise edge)
                                                      0.000     0.000 r  
    PS8_X0Y0             PS8                          0.000     0.000 r  DPU_Block_i/zynq_ultra_ps_e_0/inst/PS8_i/PLCLK[0]
                         net (fo=1, routed)           0.171     0.171    DPU_Block_i/zynq_ultra_ps_e_0/inst/pl_clk_unbuffered[0]
    BUFG_PS_X0Y58        BUFG_PS (Prop_BUFG_PS_I_O)
                                                      0.028     0.199 r  DPU_Block_i/zynq_ultra_ps_e_0/inst/buffer_pl_clk_0.PL_CLK_0_BUFG/O
    X0Y1 (CLOCK_ROOT)    net (fo=10450, routed)       1.719     1.918    <hidden>
    RAMB36_X2Y18         RAMB36E2                                     r  <hidden>
  -------------------------------------------------------------------    -------------------
    RAMB36_X2Y18         RAMB36E2 (Prop_RAMB36E2_RAMB36_CLKBWRCLK_DOUTBDOUT[3])
                                                      0.909     2.827 f  <hidden>
                         net (fo=20, routed)          0.989     3.816    DPU_Block_i/dpu_axi_0/inst/dpu_axi_slave_lite_v1_0_S00_AXI_inst/dpu_inst/core_TL/core/genblk3[6].genblk1[0].macUnit/in_bram_dout[3]
    SLICE_X14Y79         LUT2 (Prop_G5LUT_SLICEM_I0_O)
                                                      0.137     3.953 r  DPU_Block_i/dpu_axi_0/inst/dpu_axi_slave_lite_v1_0_S00_AXI_inst/dpu_inst/core_TL/core/genblk3[6].genblk1[0].macUnit/OUT[0]_i_74__55/O
                         net (fo=1, routed)           0.216     4.169    DPU_Block_i/dpu_axi_0/inst/dpu_axi_slave_lite_v1_0_S00_AXI_inst/dpu_inst/core_TL/core/genblk3[6].genblk1[0].macUnit/OUT[0]_i_74__55_n_0
    SLICE_X13Y80         LUT6 (Prop_D6LUT_SLICEL_I1_O)
                                                      0.050     4.219 r  DPU_Block_i/dpu_axi_0/inst/dpu_axi_slave_lite_v1_0_S00_AXI_inst/dpu_inst/core_TL/core/genblk3[6].genblk1[0].macUnit/OUT[0]_i_48__55/O
                         net (fo=1, routed)           0.009     4.228    DPU_Block_i/dpu_axi_0/inst/dpu_axi_slave_lite_v1_0_S00_AXI_inst/dpu_inst/core_TL/core/genblk3[6].genblk1[0].macUnit/OUT[0]_i_48__55_n_0
    SLICE_X13Y80         CARRY8 (Prop_CARRY8_SLICEL_S[3]_O[6])
                                                      0.168     4.396 r  DPU_Block_i/dpu_axi_0/inst/dpu_axi_slave_lite_v1_0_S00_AXI_inst/dpu_inst/core_TL/core/genblk3[6].genblk1[0].macUnit/OUT_reg[0]_i_19__55/O[6]
                         net (fo=2, routed)           0.612     5.008    DPU_Block_i/dpu_axi_0/inst/dpu_axi_slave_lite_v1_0_S00_AXI_inst/dpu_inst/core_TL/core/genblk3[6].genblk1[0].macUnit/OUT_reg[0]_i_19__55_n_9
    SLICE_X15Y77         LUT3 (Prop_H6LUT_SLICEL_I1_O)
                                                      0.090     5.098 r  DPU_Block_i/dpu_axi_0/inst/dpu_axi_slave_lite_v1_0_S00_AXI_inst/dpu_inst/core_TL/core/genblk3[6].genblk1[0].macUnit/OUT[0]_i_22__55/O
                         net (fo=2, routed)           0.315     5.413    DPU_Block_i/dpu_axi_0/inst/dpu_axi_slave_lite_v1_0_S00_AXI_inst/dpu_inst/core_TL/core/genblk3[6].genblk1[0].macUnit/OUT[0]_i_22__55_n_0
    SLICE_X14Y77         LUT4 (Prop_G6LUT_SLICEM_I0_O)
                                                      0.090     5.503 r  DPU_Block_i/dpu_axi_0/inst/dpu_axi_slave_lite_v1_0_S00_AXI_inst/dpu_inst/core_TL/core/genblk3[6].genblk1[0].macUnit/OUT[0]_i_30__55/O
                         net (fo=1, routed)           0.016     5.519    DPU_Block_i/dpu_axi_0/inst/dpu_axi_slave_lite_v1_0_S00_AXI_inst/dpu_inst/core_TL/core/genblk3[6].genblk1[0].macUnit/OUT[0]_i_30__55_n_0
    SLICE_X14Y77         CARRY8 (Prop_CARRY8_SLICEM_S[6]_CO[7])
                                                      0.117     5.636 r  DPU_Block_i/dpu_axi_0/inst/dpu_axi_slave_lite_v1_0_S00_AXI_inst/dpu_inst/core_TL/core/genblk3[6].genblk1[0].macUnit/OUT_reg[0]_i_18__55/CO[7]
                         net (fo=1, routed)           0.026     5.662    DPU_Block_i/dpu_axi_0/inst/dpu_axi_slave_lite_v1_0_S00_AXI_inst/dpu_inst/core_TL/core/genblk3[6].genblk1[0].macUnit/OUT_reg[0]_i_18__55_n_0
    SLICE_X14Y78         CARRY8 (Prop_CARRY8_SLICEM_CI_O[3])
                                                      0.082     5.744 r  DPU_Block_i/dpu_axi_0/inst/dpu_axi_slave_lite_v1_0_S00_AXI_inst/dpu_inst/core_TL/core/genblk3[6].genblk1[0].macUnit/OUT_reg[8]_i_18__55/O[3]
                         net (fo=9, routed)           0.187     5.931    DPU_Block_i/dpu_axi_0/inst/dpu_axi_slave_lite_v1_0_S00_AXI_inst/dpu_inst/core_TL/core/genblk3[6].genblk1[0].macUnit/genblk3[7].genblk1[0].macUnit/B[15]
    SLICE_X13Y76         LUT5 (Prop_H6LUT_SLICEL_I3_O)
                                                      0.124     6.055 r  DPU_Block_i/dpu_axi_0/inst/dpu_axi_slave_lite_v1_0_S00_AXI_inst/dpu_inst/core_TL/core/genblk3[6].genblk1[0].macUnit/OUT[8]_i_10__6/O
                         net (fo=1, routed)           0.010     6.065    DPU_Block_i/dpu_axi_0/inst/dpu_axi_slave_lite_v1_0_S00_AXI_inst/dpu_inst/core_TL/core/genblk3[6].genblk1[0].macUnit/OUT[8]_i_10__6_n_0
    SLICE_X13Y76         CARRY8 (Prop_CARRY8_SLICEL_S[7]_CO[7])
                                                      0.115     6.180 r  DPU_Block_i/dpu_axi_0/inst/dpu_axi_slave_lite_v1_0_S00_AXI_inst/dpu_inst/core_TL/core/genblk3[6].genblk1[0].macUnit/OUT_reg[8]_i_1__55/CO[7]
                         net (fo=1, routed)           0.026     6.206    DPU_Block_i/dpu_axi_0/inst/dpu_axi_slave_lite_v1_0_S00_AXI_inst/dpu_inst/core_TL/core/genblk3[6].genblk1[0].macUnit/OUT_reg[8]_i_1__55_n_0
    SLICE_X13Y77         CARRY8 (Prop_CARRY8_SLICEL_CI_O[2])
                                                      0.067     6.273 r  DPU_Block_i/dpu_axi_0/inst/dpu_axi_slave_lite_v1_0_S00_AXI_inst/dpu_inst/core_TL/core/genblk3[6].genblk1[0].macUnit/OUT_reg[16]_i_1__55/O[2]
                         net (fo=1, routed)           0.026     6.299    DPU_Block_i/dpu_axi_0/inst/dpu_axi_slave_lite_v1_0_S00_AXI_inst/dpu_inst/core_TL/core/genblk3[7].genblk1[0].macUnit/OUT_reg[19]_1[2]
    SLICE_X13Y77         FDCE                                         r  DPU_Block_i/dpu_axi_0/inst/dpu_axi_slave_lite_v1_0_S00_AXI_inst/dpu_inst/core_TL/core/genblk3[7].genblk1[0].macUnit/OUT_reg[18]/D
  -------------------------------------------------------------------    -------------------

                         (clock clk_pl_0 rise edge)
                                                     10.000    10.000 r  
    PS8_X0Y0             PS8                          0.000    10.000 r  DPU_Block_i/zynq_ultra_ps_e_0/inst/PS8_i/PLCLK[0]
                         net (fo=1, routed)           0.135    10.135    DPU_Block_i/zynq_ultra_ps_e_0/inst/pl_clk_unbuffered[0]
    BUFG_PS_X0Y58        BUFG_PS (Prop_BUFG_PS_I_O)
                                                      0.025    10.160 r  DPU_Block_i/zynq_ultra_ps_e_0/inst/buffer_pl_clk_0.PL_CLK_0_BUFG/O
    X0Y1 (CLOCK_ROOT)    net (fo=10450, routed)       1.394    11.554    DPU_Block_i/dpu_axi_0/inst/dpu_axi_slave_lite_v1_0_S00_AXI_inst/dpu_inst/core_TL/core/genblk3[7].genblk1[0].macUnit/s00_axi_aclk
    SLICE_X13Y77         FDCE                                         r  DPU_Block_i/dpu_axi_0/inst/dpu_axi_slave_lite_v1_0_S00_AXI_inst/dpu_inst/core_TL/core/genblk3[7].genblk1[0].macUnit/OUT_reg[18]/C
                         clock pessimism              0.150    11.704    
                         clock uncertainty           -0.130    11.574    
    SLICE_X13Y77         FDCE (Setup_CFF_SLICEL_C_D)
                                                      0.025    11.599    DPU_Block_i/dpu_axi_0/inst/dpu_axi_slave_lite_v1_0_S00_AXI_inst/dpu_inst/core_TL/core/genblk3[7].genblk1[0].macUnit/OUT_reg[18]
  -------------------------------------------------------------------
                         required time                         11.599    
                         arrival time                          -6.299    
  -------------------------------------------------------------------
                         slack                                  5.300    

Slack (MET) :             5.301ns  (required time - arrival time)
  Source:                 <hidden>
                            (rising edge-triggered cell RAMB36E2 clocked by clk_pl_0  {rise@0.000ns fall@5.000ns period=10.000ns})
  Destination:            DPU_Block_i/dpu_axi_0/inst/dpu_axi_slave_lite_v1_0_S00_AXI_inst/dpu_inst/core_TL/core/genblk3[0].genblk1[6].macUnit/OUT_reg[17]/D
                            (rising edge-triggered cell FDCE clocked by clk_pl_0  {rise@0.000ns fall@5.000ns period=10.000ns})
  Path Group:             clk_pl_0
  Path Type:              Setup (Max at Slow Process Corner)
  Requirement:            10.000ns  (clk_pl_0 rise@10.000ns - clk_pl_0 rise@0.000ns)
  Data Path Delay:        4.404ns  (logic 2.003ns (45.482%)  route 2.401ns (54.518%))
  Logic Levels:           10  (CARRY8=5 LUT3=1 LUT4=1 LUT5=1 LUT6=2)
  Clock Path Skew:        -0.190ns (DCD - SCD + CPR)
    Destination Clock Delay (DCD):    1.589ns = ( 11.589 - 10.000 ) 
    Source Clock Delay      (SCD):    1.880ns
    Clock Pessimism Removal (CPR):    0.101ns
  Clock Uncertainty:      0.130ns  ((TSJ^2 + DJ^2)^1/2) / 2 + PE
    Total System Jitter     (TSJ):    0.071ns
    Discrete Jitter          (DJ):    0.250ns
    Phase Error              (PE):    0.000ns
  Clock Net Delay (Source):      1.681ns (routing 0.591ns, distribution 1.090ns)
  Clock Net Delay (Destination): 1.429ns (routing 0.533ns, distribution 0.896ns)

    Location             Delay type                Incr(ns)  Path(ns)    Netlist Resource(s)
  -------------------------------------------------------------------    -------------------
                         (clock clk_pl_0 rise edge)
                                                      0.000     0.000 r  
    PS8_X0Y0             PS8                          0.000     0.000 r  DPU_Block_i/zynq_ultra_ps_e_0/inst/PS8_i/PLCLK[0]
                         net (fo=1, routed)           0.171     0.171    DPU_Block_i/zynq_ultra_ps_e_0/inst/pl_clk_unbuffered[0]
    BUFG_PS_X0Y58        BUFG_PS (Prop_BUFG_PS_I_O)
                                                      0.028     0.199 r  DPU_Block_i/zynq_ultra_ps_e_0/inst/buffer_pl_clk_0.PL_CLK_0_BUFG/O
    X0Y1 (CLOCK_ROOT)    net (fo=10450, routed)       1.681     1.880    <hidden>
    RAMB36_X1Y16         RAMB36E2                                     r  <hidden>
  -------------------------------------------------------------------    -------------------
    RAMB36_X1Y16         RAMB36E2 (Prop_RAMB36E2_RAMB36_CLKBWRCLK_DOUTBDOUT[4])
                                                      0.894     2.774 r  <hidden>
                         net (fo=18, routed)          1.501     4.275    DPU_Block_i/dpu_axi_0/inst/dpu_axi_slave_lite_v1_0_S00_AXI_inst/dpu_inst/core_TL/core/genblk3[0].genblk1[5].macUnit/w_bram_dout[4]
    SLICE_X17Y29         LUT6 (Prop_F6LUT_SLICEL_I2_O)
                                                      0.148     4.423 r  DPU_Block_i/dpu_axi_0/inst/dpu_axi_slave_lite_v1_0_S00_AXI_inst/dpu_inst/core_TL/core/genblk3[0].genblk1[5].macUnit/OUT[0]_i_39__5/O
                         net (fo=2, routed)           0.137     4.560    DPU_Block_i/dpu_axi_0/inst/dpu_axi_slave_lite_v1_0_S00_AXI_inst/dpu_inst/core_TL/core/genblk3[0].genblk1[5].macUnit/OUT[0]_i_39__5_n_0
    SLICE_X17Y28         LUT6 (Prop_F6LUT_SLICEL_I0_O)
                                                      0.097     4.657 r  DPU_Block_i/dpu_axi_0/inst/dpu_axi_slave_lite_v1_0_S00_AXI_inst/dpu_inst/core_TL/core/genblk3[0].genblk1[5].macUnit/OUT[0]_i_46__5/O
                         net (fo=1, routed)           0.011     4.668    DPU_Block_i/dpu_axi_0/inst/dpu_axi_slave_lite_v1_0_S00_AXI_inst/dpu_inst/core_TL/core/genblk3[0].genblk1[5].macUnit/OUT[0]_i_46__5_n_0
    SLICE_X17Y28         CARRY8 (Prop_CARRY8_SLICEL_S[5]_O[5])
                                                      0.054     4.722 r  DPU_Block_i/dpu_axi_0/inst/dpu_axi_slave_lite_v1_0_S00_AXI_inst/dpu_inst/core_TL/core/genblk3[0].genblk1[5].macUnit/OUT_reg[0]_i_19__5/O[5]
                         net (fo=2, routed)           0.140     4.862    DPU_Block_i/dpu_axi_0/inst/dpu_axi_slave_lite_v1_0_S00_AXI_inst/dpu_inst/core_TL/core/genblk3[0].genblk1[5].macUnit/OUT_reg[0]_i_19__5_n_10
    SLICE_X16Y28         LUT3 (Prop_E5LUT_SLICEM_I1_O)
                                                      0.164     5.026 r  DPU_Block_i/dpu_axi_0/inst/dpu_axi_slave_lite_v1_0_S00_AXI_inst/dpu_inst/core_TL/core/genblk3[0].genblk1[5].macUnit/OUT[0]_i_23__5/O
                         net (fo=2, routed)           0.268     5.294    DPU_Block_i/dpu_axi_0/inst/dpu_axi_slave_lite_v1_0_S00_AXI_inst/dpu_inst/core_TL/core/genblk3[0].genblk1[5].macUnit/OUT[0]_i_23__5_n_0
    SLICE_X16Y28         LUT4 (Prop_F6LUT_SLICEM_I3_O)
                                                      0.088     5.382 r  DPU_Block_i/dpu_axi_0/inst/dpu_axi_slave_lite_v1_0_S00_AXI_inst/dpu_inst/core_TL/core/genblk3[0].genblk1[5].macUnit/OUT[0]_i_31__5/O
                         net (fo=1, routed)           0.022     5.404    DPU_Block_i/dpu_axi_0/inst/dpu_axi_slave_lite_v1_0_S00_AXI_inst/dpu_inst/core_TL/core/genblk3[0].genblk1[5].macUnit/OUT[0]_i_31__5_n_0
    SLICE_X16Y28         CARRY8 (Prop_CARRY8_SLICEM_S[5]_CO[7])
                                                      0.159     5.563 r  DPU_Block_i/dpu_axi_0/inst/dpu_axi_slave_lite_v1_0_S00_AXI_inst/dpu_inst/core_TL/core/genblk3[0].genblk1[5].macUnit/OUT_reg[0]_i_18__5/CO[7]
                         net (fo=1, routed)           0.026     5.589    DPU_Block_i/dpu_axi_0/inst/dpu_axi_slave_lite_v1_0_S00_AXI_inst/dpu_inst/core_TL/core/genblk3[0].genblk1[5].macUnit/OUT_reg[0]_i_18__5_n_0
    SLICE_X16Y29         CARRY8 (Prop_CARRY8_SLICEM_CI_O[1])
                                                      0.076     5.665 r  DPU_Block_i/dpu_axi_0/inst/dpu_axi_slave_lite_v1_0_S00_AXI_inst/dpu_inst/core_TL/core/genblk3[0].genblk1[5].macUnit/OUT_reg[8]_i_18__5/O[1]
                         net (fo=2, routed)           0.223     5.888    DPU_Block_i/dpu_axi_0/inst/dpu_axi_slave_lite_v1_0_S00_AXI_inst/dpu_inst/core_TL/core/genblk3[0].genblk1[5].macUnit/genblk3[0].genblk1[6].macUnit/B[13]
    SLICE_X16Y26         LUT5 (Prop_F6LUT_SLICEM_I3_O)
                                                      0.088     5.976 r  DPU_Block_i/dpu_axi_0/inst/dpu_axi_slave_lite_v1_0_S00_AXI_inst/dpu_inst/core_TL/core/genblk3[0].genblk1[5].macUnit/OUT[8]_i_12__56/O
                         net (fo=1, routed)           0.022     5.998    DPU_Block_i/dpu_axi_0/inst/dpu_axi_slave_lite_v1_0_S00_AXI_inst/dpu_inst/core_TL/core/genblk3[0].genblk1[5].macUnit/OUT[8]_i_12__56_n_0
    SLICE_X16Y26         CARRY8 (Prop_CARRY8_SLICEM_S[5]_CO[7])
                                                      0.159     6.157 r  DPU_Block_i/dpu_axi_0/inst/dpu_axi_slave_lite_v1_0_S00_AXI_inst/dpu_inst/core_TL/core/genblk3[0].genblk1[5].macUnit/OUT_reg[8]_i_1__5/CO[7]
                         net (fo=1, routed)           0.026     6.183    DPU_Block_i/dpu_axi_0/inst/dpu_axi_slave_lite_v1_0_S00_AXI_inst/dpu_inst/core_TL/core/genblk3[0].genblk1[5].macUnit/OUT_reg[8]_i_1__5_n_0
    SLICE_X16Y27         CARRY8 (Prop_CARRY8_SLICEM_CI_O[1])
                                                      0.076     6.259 r  DPU_Block_i/dpu_axi_0/inst/dpu_axi_slave_lite_v1_0_S00_AXI_inst/dpu_inst/core_TL/core/genblk3[0].genblk1[5].macUnit/OUT_reg[16]_i_1__5/O[1]
                         net (fo=1, routed)           0.025     6.284    DPU_Block_i/dpu_axi_0/inst/dpu_axi_slave_lite_v1_0_S00_AXI_inst/dpu_inst/core_TL/core/genblk3[0].genblk1[6].macUnit/OUT_reg[19]_1[1]
    SLICE_X16Y27         FDCE                                         r  DPU_Block_i/dpu_axi_0/inst/dpu_axi_slave_lite_v1_0_S00_AXI_inst/dpu_inst/core_TL/core/genblk3[0].genblk1[6].macUnit/OUT_reg[17]/D
  -------------------------------------------------------------------    -------------------

                         (clock clk_pl_0 rise edge)
                                                     10.000    10.000 r  
    PS8_X0Y0             PS8                          0.000    10.000 r  DPU_Block_i/zynq_ultra_ps_e_0/inst/PS8_i/PLCLK[0]
                         net (fo=1, routed)           0.135    10.135    DPU_Block_i/zynq_ultra_ps_e_0/inst/pl_clk_unbuffered[0]
    BUFG_PS_X0Y58        BUFG_PS (Prop_BUFG_PS_I_O)
                                                      0.025    10.160 r  DPU_Block_i/zynq_ultra_ps_e_0/inst/buffer_pl_clk_0.PL_CLK_0_BUFG/O
    X0Y1 (CLOCK_ROOT)    net (fo=10450, routed)       1.429    11.589    DPU_Block_i/dpu_axi_0/inst/dpu_axi_slave_lite_v1_0_S00_AXI_inst/dpu_inst/core_TL/core/genblk3[0].genblk1[6].macUnit/s00_axi_aclk
    SLICE_X16Y27         FDCE                                         r  DPU_Block_i/dpu_axi_0/inst/dpu_axi_slave_lite_v1_0_S00_AXI_inst/dpu_inst/core_TL/core/genblk3[0].genblk1[6].macUnit/OUT_reg[17]/C
                         clock pessimism              0.101    11.690    
                         clock uncertainty           -0.130    11.560    
    SLICE_X16Y27         FDCE (Setup_BFF_SLICEM_C_D)
                                                      0.025    11.585    DPU_Block_i/dpu_axi_0/inst/dpu_axi_slave_lite_v1_0_S00_AXI_inst/dpu_inst/core_TL/core/genblk3[0].genblk1[6].macUnit/OUT_reg[17]
  -------------------------------------------------------------------
                         required time                         11.585    
                         arrival time                          -6.284    
  -------------------------------------------------------------------
                         slack                                  5.301    

Slack (MET) :             5.303ns  (required time - arrival time)
  Source:                 DPU_Block_i/dpu_axi_0/inst/dpu_axi_slave_lite_v1_0_S00_AXI_inst/slv_reg0_reg[3]/C
                            (rising edge-triggered cell FDRE clocked by clk_pl_0  {rise@0.000ns fall@5.000ns period=10.000ns})
  Destination:            <hidden>
                            (rising edge-triggered cell RAMB36E2 clocked by clk_pl_0  {rise@0.000ns fall@5.000ns period=10.000ns})
  Path Group:             clk_pl_0
  Path Type:              Setup (Max at Slow Process Corner)
  Requirement:            10.000ns  (clk_pl_0 rise@10.000ns - clk_pl_0 rise@0.000ns)
  Data Path Delay:        4.339ns  (logic 0.465ns (10.717%)  route 3.874ns (89.283%))
  Logic Levels:           6  (LUT2=1 LUT5=1 LUT6=2 MUXF7=1 MUXF8=1)
  Clock Path Skew:        0.009ns (DCD - SCD + CPR)
    Destination Clock Delay (DCD):    1.616ns = ( 11.616 - 10.000 ) 
    Source Clock Delay      (SCD):    1.804ns
    Clock Pessimism Removal (CPR):    0.197ns
  Clock Uncertainty:      0.130ns  ((TSJ^2 + DJ^2)^1/2) / 2 + PE
    Total System Jitter     (TSJ):    0.071ns
    Discrete Jitter          (DJ):    0.250ns
    Phase Error              (PE):    0.000ns
  Clock Net Delay (Source):      1.605ns (routing 0.591ns, distribution 1.014ns)
  Clock Net Delay (Destination): 1.456ns (routing 0.533ns, distribution 0.923ns)

    Location             Delay type                Incr(ns)  Path(ns)    Netlist Resource(s)
  -------------------------------------------------------------------    -------------------
                         (clock clk_pl_0 rise edge)
                                                      0.000     0.000 r  
    PS8_X0Y0             PS8                          0.000     0.000 r  DPU_Block_i/zynq_ultra_ps_e_0/inst/PS8_i/PLCLK[0]
                         net (fo=1, routed)           0.171     0.171    DPU_Block_i/zynq_ultra_ps_e_0/inst/pl_clk_unbuffered[0]
    BUFG_PS_X0Y58        BUFG_PS (Prop_BUFG_PS_I_O)
                                                      0.028     0.199 r  DPU_Block_i/zynq_ultra_ps_e_0/inst/buffer_pl_clk_0.PL_CLK_0_BUFG/O
    X0Y1 (CLOCK_ROOT)    net (fo=10450, routed)       1.605     1.804    DPU_Block_i/dpu_axi_0/inst/dpu_axi_slave_lite_v1_0_S00_AXI_inst/s00_axi_aclk
    SLICE_X18Y94         FDRE                                         r  DPU_Block_i/dpu_axi_0/inst/dpu_axi_slave_lite_v1_0_S00_AXI_inst/slv_reg0_reg[3]/C
  -------------------------------------------------------------------    -------------------
    SLICE_X18Y94         FDRE (Prop_HFF2_SLICEL_C_Q)
                                                      0.080     1.884 f  DPU_Block_i/dpu_axi_0/inst/dpu_axi_slave_lite_v1_0_S00_AXI_inst/slv_reg0_reg[3]/Q
                         net (fo=70, routed)          1.533     3.417    DPU_Block_i/dpu_axi_0/inst/dpu_axi_slave_lite_v1_0_S00_AXI_inst/dpu_inst/activation_unit/Q[0]
    SLICE_X14Y49         LUT2 (Prop_B5LUT_SLICEM_I1_O)
                                                      0.072     3.489 r  DPU_Block_i/dpu_axi_0/inst/dpu_axi_slave_lite_v1_0_S00_AXI_inst/dpu_inst/activation_unit/i_/i_/out_bram_din[10]_INST_0_i_62/O
                         net (fo=128, routed)         0.878     4.367    DPU_Block_i/dpu_axi_0/inst/dpu_axi_slave_lite_v1_0_S00_AXI_inst/dpu_inst/core_TL/core/genblk3[2].genblk1[6].macUnit/out_bram_din[7]_INST_0_i_24_3
    SLICE_X19Y26         LUT6 (Prop_B6LUT_SLICEM_I4_O)
                                                      0.100     4.467 r  DPU_Block_i/dpu_axi_0/inst/dpu_axi_slave_lite_v1_0_S00_AXI_inst/dpu_inst/core_TL/core/genblk3[2].genblk1[6].macUnit/out_bram_din[10]_INST_0_i_53/O
                         net (fo=1, routed)           0.017     4.484    DPU_Block_i/dpu_axi_0/inst/dpu_axi_slave_lite_v1_0_S00_AXI_inst/dpu_inst/core_TL/core/genblk3[2].genblk1[6].macUnit/out_bram_din[10]_INST_0_i_53_n_0
    SLICE_X19Y26         MUXF7 (Prop_F7MUX_AB_SLICEM_I0_O)
                                                      0.060     4.544 r  DPU_Block_i/dpu_axi_0/inst/dpu_axi_slave_lite_v1_0_S00_AXI_inst/dpu_inst/core_TL/core/genblk3[2].genblk1[6].macUnit/out_bram_din[10]_INST_0_i_24/O
                         net (fo=1, routed)           0.000     4.544    DPU_Block_i/dpu_axi_0/inst/dpu_axi_slave_lite_v1_0_S00_AXI_inst/dpu_inst/core_TL/core/genblk3[6].genblk1[6].macUnit/out_bram_din[10]_INST_0_i_2
    SLICE_X19Y26         MUXF8 (Prop_F8MUX_BOT_SLICEM_I1_O)
                                                      0.028     4.572 r  DPU_Block_i/dpu_axi_0/inst/dpu_axi_slave_lite_v1_0_S00_AXI_inst/dpu_inst/core_TL/core/genblk3[6].genblk1[6].macUnit/out_bram_din[10]_INST_0_i_9/O
                         net (fo=1, routed)           0.478     5.050    DPU_Block_i/dpu_axi_0/inst/dpu_axi_slave_lite_v1_0_S00_AXI_inst/dpu_inst/core_TL/core/genblk3[6].genblk1[4].macUnit/out_bram_din[10]_0
    SLICE_X15Y42         LUT6 (Prop_H6LUT_SLICEL_I3_O)
                                                      0.036     5.086 r  DPU_Block_i/dpu_axi_0/inst/dpu_axi_slave_lite_v1_0_S00_AXI_inst/dpu_inst/core_TL/core/genblk3[6].genblk1[4].macUnit/out_bram_din[10]_INST_0_i_2/O
                         net (fo=1, routed)           0.602     5.688    DPU_Block_i/dpu_axi_0/inst/dpu_axi_slave_lite_v1_0_S00_AXI_inst/dpu_inst/core_TL/core/genblk3[6].genblk1[0].macUnit/out_bram_din_10_sn_1
    SLICE_X18Y74         LUT5 (Prop_G6LUT_SLICEL_I3_O)
                                                      0.089     5.777 r  DPU_Block_i/dpu_axi_0/inst/dpu_axi_slave_lite_v1_0_S00_AXI_inst/dpu_inst/core_TL/core/genblk3[6].genblk1[0].macUnit/out_bram_din[10]_INST_0/O
                         net (fo=1, routed)           0.366     6.143    <hidden>
    RAMB36_X2Y19         RAMB36E2                                     r  <hidden>
  -------------------------------------------------------------------    -------------------

                         (clock clk_pl_0 rise edge)
                                                     10.000    10.000 r  
    PS8_X0Y0             PS8                          0.000    10.000 r  DPU_Block_i/zynq_ultra_ps_e_0/inst/PS8_i/PLCLK[0]
                         net (fo=1, routed)           0.135    10.135    DPU_Block_i/zynq_ultra_ps_e_0/inst/pl_clk_unbuffered[0]
    BUFG_PS_X0Y58        BUFG_PS (Prop_BUFG_PS_I_O)
                                                      0.025    10.160 r  DPU_Block_i/zynq_ultra_ps_e_0/inst/buffer_pl_clk_0.PL_CLK_0_BUFG/O
    X0Y1 (CLOCK_ROOT)    net (fo=10450, routed)       1.456    11.616    <hidden>
    RAMB36_X2Y19         RAMB36E2                                     r  <hidden>
                         clock pessimism              0.197    11.813    
                         clock uncertainty           -0.130    11.683    
    RAMB36_X2Y19         RAMB36E2 (Setup_RAMB36E2_RAMB36_CLKBWRCLK_DINBDIN[10])
                                                     -0.237    11.446    <hidden>
  -------------------------------------------------------------------
                         required time                         11.446    
                         arrival time                          -6.143    
  -------------------------------------------------------------------
                         slack                                  5.303    





Min Delay Paths
--------------------------------------------------------------------------------------
Slack (MET) :             0.012ns  (arrival time - required time)
  Source:                 <hidden>
                            (rising edge-triggered cell FDRE clocked by clk_pl_0  {rise@0.000ns fall@5.000ns period=10.000ns})
  Destination:            <hidden>
                            (rising edge-triggered cell FDRE clocked by clk_pl_0  {rise@0.000ns fall@5.000ns period=10.000ns})
  Path Group:             clk_pl_0
  Path Type:              Hold (Min at Slow Process Corner)
  Requirement:            0.000ns  (clk_pl_0 rise@0.000ns - clk_pl_0 rise@0.000ns)
  Data Path Delay:        0.175ns  (logic 0.058ns (33.154%)  route 0.117ns (66.846%))
  Logic Levels:           0  
  Clock Path Skew:        0.101ns (DCD - SCD - CPR)
    Destination Clock Delay (DCD):    1.875ns
    Source Clock Delay      (SCD):    1.622ns
    Clock Pessimism Removal (CPR):    0.151ns
  Clock Net Delay (Source):      1.462ns (routing 0.533ns, distribution 0.929ns)
  Clock Net Delay (Destination): 1.676ns (routing 0.591ns, distribution 1.085ns)

    Location             Delay type                Incr(ns)  Path(ns)    Netlist Resource(s)
  -------------------------------------------------------------------    -------------------
                         (clock clk_pl_0 rise edge)
                                                      0.000     0.000 r  
    PS8_X0Y0             PS8                          0.000     0.000 r  DPU_Block_i/zynq_ultra_ps_e_0/inst/PS8_i/PLCLK[0]
                         net (fo=1, routed)           0.135     0.135    DPU_Block_i/zynq_ultra_ps_e_0/inst/pl_clk_unbuffered[0]
    BUFG_PS_X0Y58        BUFG_PS (Prop_BUFG_PS_I_O)
                                                      0.025     0.160 r  DPU_Block_i/zynq_ultra_ps_e_0/inst/buffer_pl_clk_0.PL_CLK_0_BUFG/O
    X0Y1 (CLOCK_ROOT)    net (fo=10450, routed)       1.462     1.622    <hidden>
    SLICE_X8Y121         FDRE                                         r  <hidden>
  -------------------------------------------------------------------    -------------------
    SLICE_X8Y121         FDRE (Prop_HFF_SLICEL_C_Q)
                                                      0.058     1.680 r  <hidden>
                         net (fo=7, routed)           0.117     1.797    <hidden>
    SLICE_X9Y120         FDRE                                         r  <hidden>
  -------------------------------------------------------------------    -------------------

                         (clock clk_pl_0 rise edge)
                                                      0.000     0.000 r  
    PS8_X0Y0             PS8                          0.000     0.000 r  DPU_Block_i/zynq_ultra_ps_e_0/inst/PS8_i/PLCLK[0]
                         net (fo=1, routed)           0.171     0.171    DPU_Block_i/zynq_ultra_ps_e_0/inst/pl_clk_unbuffered[0]
    BUFG_PS_X0Y58        BUFG_PS (Prop_BUFG_PS_I_O)
                                                      0.028     0.199 r  DPU_Block_i/zynq_ultra_ps_e_0/inst/buffer_pl_clk_0.PL_CLK_0_BUFG/O
    X0Y1 (CLOCK_ROOT)    net (fo=10450, routed)       1.676     1.875    <hidden>
    SLICE_X9Y120         FDRE                                         r  <hidden>
                         clock pessimism             -0.151     1.724    
    SLICE_X9Y120         FDRE (Hold_EFF2_SLICEM_C_D)
                                                      0.062     1.786    <hidden>
  -------------------------------------------------------------------
                         required time                         -1.786    
                         arrival time                           1.797    
  -------------------------------------------------------------------
                         slack                                  0.012    

Slack (MET) :             0.012ns  (arrival time - required time)
  Source:                 DPU_Block_i/weight_bram_ctrl/U0/gext_inst.abcv4_0_ext_inst/GEN_AXI4.I_FULL_AXI/I_RD_CHNL/GEN_NO_RD_CMD_OPT.GEN_RDATA_NO_ECC.GEN_RDATA_NO_RL_NO_ECC.GEN_RDATA[0].axi_rdata_int_reg[0]/C
                            (rising edge-triggered cell FDRE clocked by clk_pl_0  {rise@0.000ns fall@5.000ns period=10.000ns})
  Destination:            <hidden>
                            (rising edge-triggered cell FDRE clocked by clk_pl_0  {rise@0.000ns fall@5.000ns period=10.000ns})
  Path Group:             clk_pl_0
  Path Type:              Hold (Min at Slow Process Corner)
  Requirement:            0.000ns  (clk_pl_0 rise@0.000ns - clk_pl_0 rise@0.000ns)
  Data Path Delay:        0.166ns  (logic 0.059ns (35.542%)  route 0.107ns (64.458%))
  Logic Levels:           0  
  Clock Path Skew:        0.092ns (DCD - SCD - CPR)
    Destination Clock Delay (DCD):    1.792ns
    Source Clock Delay      (SCD):    1.553ns
    Clock Pessimism Removal (CPR):    0.148ns
  Clock Net Delay (Source):      1.393ns (routing 0.533ns, distribution 0.860ns)
  Clock Net Delay (Destination): 1.593ns (routing 0.591ns, distribution 1.002ns)

    Location             Delay type                Incr(ns)  Path(ns)    Netlist Resource(s)
  -------------------------------------------------------------------    -------------------
                         (clock clk_pl_0 rise edge)
                                                      0.000     0.000 r  
    PS8_X0Y0             PS8                          0.000     0.000 r  DPU_Block_i/zynq_ultra_ps_e_0/inst/PS8_i/PLCLK[0]
                         net (fo=1, routed)           0.135     0.135    DPU_Block_i/zynq_ultra_ps_e_0/inst/pl_clk_unbuffered[0]
    BUFG_PS_X0Y58        BUFG_PS (Prop_BUFG_PS_I_O)
                                                      0.025     0.160 r  DPU_Block_i/zynq_ultra_ps_e_0/inst/buffer_pl_clk_0.PL_CLK_0_BUFG/O
    X0Y1 (CLOCK_ROOT)    net (fo=10450, routed)       1.393     1.553    DPU_Block_i/weight_bram_ctrl/U0/gext_inst.abcv4_0_ext_inst/GEN_AXI4.I_FULL_AXI/I_RD_CHNL/s_axi_aclk
    SLICE_X6Y90          FDRE                                         r  DPU_Block_i/weight_bram_ctrl/U0/gext_inst.abcv4_0_ext_inst/GEN_AXI4.I_FULL_AXI/I_RD_CHNL/GEN_NO_RD_CMD_OPT.GEN_RDATA_NO_ECC.GEN_RDATA_NO_RL_NO_ECC.GEN_RDATA[0].axi_rdata_int_reg[0]/C
  -------------------------------------------------------------------    -------------------
    SLICE_X6Y90          FDRE (Prop_DFF_SLICEL_C_Q)
                                                      0.059     1.612 r  DPU_Block_i/weight_bram_ctrl/U0/gext_inst.abcv4_0_ext_inst/GEN_AXI4.I_FULL_AXI/I_RD_CHNL/GEN_NO_RD_CMD_OPT.GEN_RDATA_NO_ECC.GEN_RDATA_NO_RL_NO_ECC.GEN_RDATA[0].axi_rdata_int_reg[0]/Q
                         net (fo=2, routed)           0.107     1.719    <hidden>
    SLICE_X7Y91          FDRE                                         r  <hidden>
  -------------------------------------------------------------------    -------------------

                         (clock clk_pl_0 rise edge)
                                                      0.000     0.000 r  
    PS8_X0Y0             PS8                          0.000     0.000 r  DPU_Block_i/zynq_ultra_ps_e_0/inst/PS8_i/PLCLK[0]
                         net (fo=1, routed)           0.171     0.171    DPU_Block_i/zynq_ultra_ps_e_0/inst/pl_clk_unbuffered[0]
    BUFG_PS_X0Y58        BUFG_PS (Prop_BUFG_PS_I_O)
                                                      0.028     0.199 r  DPU_Block_i/zynq_ultra_ps_e_0/inst/buffer_pl_clk_0.PL_CLK_0_BUFG/O
    X0Y1 (CLOCK_ROOT)    net (fo=10450, routed)       1.593     1.792    <hidden>
    SLICE_X7Y91          FDRE                                         r  <hidden>
                         clock pessimism             -0.148     1.645    
    SLICE_X7Y91          FDRE (Hold_CFF2_SLICEL_C_D)
                                                      0.062     1.707    <hidden>
  -------------------------------------------------------------------
                         required time                         -1.707    
                         arrival time                           1.719    
  -------------------------------------------------------------------
                         slack                                  0.012    

Slack (MET) :             0.013ns  (arrival time - required time)
  Source:                 <hidden>
                            (rising edge-triggered cell FDRE clocked by clk_pl_0  {rise@0.000ns fall@5.000ns period=10.000ns})
  Destination:            <hidden>
                            (rising edge-triggered cell RAMD32 clocked by clk_pl_0  {rise@0.000ns fall@5.000ns period=10.000ns})
  Path Group:             clk_pl_0
  Path Type:              Hold (Min at Slow Process Corner)
  Requirement:            0.000ns  (clk_pl_0 rise@0.000ns - clk_pl_0 rise@0.000ns)
  Data Path Delay:        0.255ns  (logic 0.058ns (22.777%)  route 0.197ns (77.223%))
  Logic Levels:           0  
  Clock Path Skew:        0.167ns (DCD - SCD - CPR)
    Destination Clock Delay (DCD):    1.924ns
    Source Clock Delay      (SCD):    1.606ns
    Clock Pessimism Removal (CPR):    0.151ns
  Clock Net Delay (Source):      1.446ns (routing 0.533ns, distribution 0.913ns)
  Clock Net Delay (Destination): 1.725ns (routing 0.591ns, distribution 1.134ns)

    Location             Delay type                Incr(ns)  Path(ns)    Netlist Resource(s)
  -------------------------------------------------------------------    -------------------
                         (clock clk_pl_0 rise edge)
                                                      0.000     0.000 r  
    PS8_X0Y0             PS8                          0.000     0.000 r  DPU_Block_i/zynq_ultra_ps_e_0/inst/PS8_i/PLCLK[0]
                         net (fo=1, routed)           0.135     0.135    DPU_Block_i/zynq_ultra_ps_e_0/inst/pl_clk_unbuffered[0]
    BUFG_PS_X0Y58        BUFG_PS (Prop_BUFG_PS_I_O)
                                                      0.025     0.160 r  DPU_Block_i/zynq_ultra_ps_e_0/inst/buffer_pl_clk_0.PL_CLK_0_BUFG/O
    X0Y1 (CLOCK_ROOT)    net (fo=10450, routed)       1.446     1.606    <hidden>
    SLICE_X13Y132        FDRE                                         r  <hidden>
  -------------------------------------------------------------------    -------------------
    SLICE_X13Y132        FDRE (Prop_AFF_SLICEL_C_Q)
                                                      0.058     1.664 r  <hidden>
                         net (fo=10, routed)          0.197     1.860    <hidden>
    SLICE_X16Y132        RAMD32                                       r  <hidden>
  -------------------------------------------------------------------    -------------------

                         (clock clk_pl_0 rise edge)
                                                      0.000     0.000 r  
    PS8_X0Y0             PS8                          0.000     0.000 r  DPU_Block_i/zynq_ultra_ps_e_0/inst/PS8_i/PLCLK[0]
                         net (fo=1, routed)           0.171     0.171    DPU_Block_i/zynq_ultra_ps_e_0/inst/pl_clk_unbuffered[0]
    BUFG_PS_X0Y58        BUFG_PS (Prop_BUFG_PS_I_O)
                                                      0.028     0.199 r  DPU_Block_i/zynq_ultra_ps_e_0/inst/buffer_pl_clk_0.PL_CLK_0_BUFG/O
    X0Y1 (CLOCK_ROOT)    net (fo=10450, routed)       1.725     1.924    <hidden>
    SLICE_X16Y132        RAMD32                                       r  <hidden>
                         clock pessimism             -0.151     1.773    
    SLICE_X16Y132        RAMD32 (Hold_A5LUT_SLICEM_CLK_I)
                                                      0.075     1.848    <hidden>
  -------------------------------------------------------------------
                         required time                         -1.848    
                         arrival time                           1.860    
  -------------------------------------------------------------------
                         slack                                  0.013    

Slack (MET) :             0.014ns  (arrival time - required time)
  Source:                 <hidden>
                            (rising edge-triggered cell FDRE clocked by clk_pl_0  {rise@0.000ns fall@5.000ns period=10.000ns})
  Destination:            <hidden>
                            (rising edge-triggered cell FDRE clocked by clk_pl_0  {rise@0.000ns fall@5.000ns period=10.000ns})
  Path Group:             clk_pl_0
  Path Type:              Hold (Min at Slow Process Corner)
  Requirement:            0.000ns  (clk_pl_0 rise@0.000ns - clk_pl_0 rise@0.000ns)
  Data Path Delay:        0.191ns  (logic 0.080ns (41.821%)  route 0.111ns (58.179%))
  Logic Levels:           1  (LUT4=1)
  Clock Path Skew:        0.117ns (DCD - SCD - CPR)
    Destination Clock Delay (DCD):    1.882ns
    Source Clock Delay      (SCD):    1.614ns
    Clock Pessimism Removal (CPR):    0.151ns
  Clock Net Delay (Source):      1.454ns (routing 0.533ns, distribution 0.921ns)
  Clock Net Delay (Destination): 1.683ns (routing 0.591ns, distribution 1.092ns)

    Location             Delay type                Incr(ns)  Path(ns)    Netlist Resource(s)
  -------------------------------------------------------------------    -------------------
                         (clock clk_pl_0 rise edge)
                                                      0.000     0.000 r  
    PS8_X0Y0             PS8                          0.000     0.000 r  DPU_Block_i/zynq_ultra_ps_e_0/inst/PS8_i/PLCLK[0]
                         net (fo=1, routed)           0.135     0.135    DPU_Block_i/zynq_ultra_ps_e_0/inst/pl_clk_unbuffered[0]
    BUFG_PS_X0Y58        BUFG_PS (Prop_BUFG_PS_I_O)
                                                      0.025     0.160 r  DPU_Block_i/zynq_ultra_ps_e_0/inst/buffer_pl_clk_0.PL_CLK_0_BUFG/O
    X0Y1 (CLOCK_ROOT)    net (fo=10450, routed)       1.454     1.614    <hidden>
    SLICE_X3Y124         FDRE                                         r  <hidden>
  -------------------------------------------------------------------    -------------------
    SLICE_X3Y124         FDRE (Prop_CFF_SLICEL_C_Q)
                                                      0.058     1.672 r  <hidden>
                         net (fo=20, routed)          0.089     1.761    <hidden>
    SLICE_X2Y124         LUT4 (Prop_D6LUT_SLICEL_I3_O)
                                                      0.022     1.783 r  <hidden>
                         net (fo=1, routed)           0.022     1.805    <hidden>
    SLICE_X2Y124         FDRE                                         r  <hidden>
  -------------------------------------------------------------------    -------------------

                         (clock clk_pl_0 rise edge)
                                                      0.000     0.000 r  
    PS8_X0Y0             PS8                          0.000     0.000 r  DPU_Block_i/zynq_ultra_ps_e_0/inst/PS8_i/PLCLK[0]
                         net (fo=1, routed)           0.171     0.171    DPU_Block_i/zynq_ultra_ps_e_0/inst/pl_clk_unbuffered[0]
    BUFG_PS_X0Y58        BUFG_PS (Prop_BUFG_PS_I_O)
                                                      0.028     0.199 r  DPU_Block_i/zynq_ultra_ps_e_0/inst/buffer_pl_clk_0.PL_CLK_0_BUFG/O
    X0Y1 (CLOCK_ROOT)    net (fo=10450, routed)       1.683     1.882    <hidden>
    SLICE_X2Y124         FDRE                                         r  <hidden>
                         clock pessimism             -0.151     1.731    
    SLICE_X2Y124         FDRE (Hold_DFF_SLICEL_C_D)
                                                      0.060     1.791    <hidden>
  -------------------------------------------------------------------
                         required time                         -1.791    
                         arrival time                           1.805    
  -------------------------------------------------------------------
                         slack                                  0.014    

Slack (MET) :             0.014ns  (arrival time - required time)
  Source:                 <hidden>
                            (rising edge-triggered cell FDRE clocked by clk_pl_0  {rise@0.000ns fall@5.000ns period=10.000ns})
  Destination:            <hidden>
                            (rising edge-triggered cell SRLC32E clocked by clk_pl_0  {rise@0.000ns fall@5.000ns period=10.000ns})
  Path Group:             clk_pl_0
  Path Type:              Hold (Min at Slow Process Corner)
  Requirement:            0.000ns  (clk_pl_0 rise@0.000ns - clk_pl_0 rise@0.000ns)
  Data Path Delay:        0.325ns  (logic 0.057ns (17.557%)  route 0.268ns (82.443%))
  Logic Levels:           0  
  Clock Path Skew:        0.256ns (DCD - SCD - CPR)
    Destination Clock Delay (DCD):    1.919ns
    Source Clock Delay      (SCD):    1.566ns
    Clock Pessimism Removal (CPR):    0.097ns
  Clock Net Delay (Source):      1.406ns (routing 0.533ns, distribution 0.873ns)
  Clock Net Delay (Destination): 1.720ns (routing 0.591ns, distribution 1.129ns)

    Location             Delay type                Incr(ns)  Path(ns)    Netlist Resource(s)
  -------------------------------------------------------------------    -------------------
                         (clock clk_pl_0 rise edge)
                                                      0.000     0.000 r  
    PS8_X0Y0             PS8                          0.000     0.000 r  DPU_Block_i/zynq_ultra_ps_e_0/inst/PS8_i/PLCLK[0]
                         net (fo=1, routed)           0.135     0.135    DPU_Block_i/zynq_ultra_ps_e_0/inst/pl_clk_unbuffered[0]
    BUFG_PS_X0Y58        BUFG_PS (Prop_BUFG_PS_I_O)
                                                      0.025     0.160 r  DPU_Block_i/zynq_ultra_ps_e_0/inst/buffer_pl_clk_0.PL_CLK_0_BUFG/O
    X0Y1 (CLOCK_ROOT)    net (fo=10450, routed)       1.406     1.566    <hidden>
    SLICE_X9Y100         FDRE                                         r  <hidden>
  -------------------------------------------------------------------    -------------------
    SLICE_X9Y100         FDRE (Prop_FFF_SLICEM_C_Q)
                                                      0.057     1.623 r  <hidden>
                         net (fo=4, routed)           0.268     1.891    <hidden>
    SLICE_X5Y127         SRLC32E                                      r  <hidden>
  -------------------------------------------------------------------    -------------------

                         (clock clk_pl_0 rise edge)
                                                      0.000     0.000 r  
    PS8_X0Y0             PS8                          0.000     0.000 r  DPU_Block_i/zynq_ultra_ps_e_0/inst/PS8_i/PLCLK[0]
                         net (fo=1, routed)           0.171     0.171    DPU_Block_i/zynq_ultra_ps_e_0/inst/pl_clk_unbuffered[0]
    BUFG_PS_X0Y58        BUFG_PS (Prop_BUFG_PS_I_O)
                                                      0.028     0.199 r  DPU_Block_i/zynq_ultra_ps_e_0/inst/buffer_pl_clk_0.PL_CLK_0_BUFG/O
    X0Y1 (CLOCK_ROOT)    net (fo=10450, routed)       1.720     1.919    <hidden>
    SLICE_X5Y127         SRLC32E                                      r  <hidden>
                         clock pessimism             -0.097     1.822    
    SLICE_X5Y127         SRLC32E (Hold_D6LUT_SLICEM_CLK_D)
                                                      0.054     1.876    <hidden>
  -------------------------------------------------------------------
                         required time                         -1.876    
                         arrival time                           1.891    
  -------------------------------------------------------------------
                         slack                                  0.014    

Slack (MET) :             0.015ns  (arrival time - required time)
  Source:                 <hidden>
                            (rising edge-triggered cell FDRE clocked by clk_pl_0  {rise@0.000ns fall@5.000ns period=10.000ns})
  Destination:            <hidden>
                            (rising edge-triggered cell FDRE clocked by clk_pl_0  {rise@0.000ns fall@5.000ns period=10.000ns})
  Path Group:             clk_pl_0
  Path Type:              Hold (Min at Slow Process Corner)
  Requirement:            0.000ns  (clk_pl_0 rise@0.000ns - clk_pl_0 rise@0.000ns)
  Data Path Delay:        0.134ns  (logic 0.061ns (45.681%)  route 0.073ns (54.319%))
  Logic Levels:           0  
  Clock Path Skew:        0.057ns (DCD - SCD - CPR)
    Destination Clock Delay (DCD):    1.841ns
    Source Clock Delay      (SCD):    1.586ns
    Clock Pessimism Removal (CPR):    0.199ns
  Clock Net Delay (Source):      1.426ns (routing 0.533ns, distribution 0.893ns)
  Clock Net Delay (Destination): 1.642ns (routing 0.591ns, distribution 1.051ns)

    Location             Delay type                Incr(ns)  Path(ns)    Netlist Resource(s)
  -------------------------------------------------------------------    -------------------
                         (clock clk_pl_0 rise edge)
                                                      0.000     0.000 r  
    PS8_X0Y0             PS8                          0.000     0.000 r  DPU_Block_i/zynq_ultra_ps_e_0/inst/PS8_i/PLCLK[0]
                         net (fo=1, routed)           0.135     0.135    DPU_Block_i/zynq_ultra_ps_e_0/inst/pl_clk_unbuffered[0]
    BUFG_PS_X0Y58        BUFG_PS (Prop_BUFG_PS_I_O)
                                                      0.025     0.160 r  DPU_Block_i/zynq_ultra_ps_e_0/inst/buffer_pl_clk_0.PL_CLK_0_BUFG/O
    X0Y1 (CLOCK_ROOT)    net (fo=10450, routed)       1.426     1.586    <hidden>
    SLICE_X11Y153        FDRE                                         r  <hidden>
  -------------------------------------------------------------------    -------------------
    SLICE_X11Y153        FDRE (Prop_DFF2_SLICEL_C_Q)
                                                      0.061     1.647 r  <hidden>
                         net (fo=4, routed)           0.073     1.719    <hidden>
    SLICE_X11Y151        FDRE                                         r  <hidden>
  -------------------------------------------------------------------    -------------------

                         (clock clk_pl_0 rise edge)
                                                      0.000     0.000 r  
    PS8_X0Y0             PS8                          0.000     0.000 r  DPU_Block_i/zynq_ultra_ps_e_0/inst/PS8_i/PLCLK[0]
                         net (fo=1, routed)           0.171     0.171    DPU_Block_i/zynq_ultra_ps_e_0/inst/pl_clk_unbuffered[0]
    BUFG_PS_X0Y58        BUFG_PS (Prop_BUFG_PS_I_O)
                                                      0.028     0.199 r  DPU_Block_i/zynq_ultra_ps_e_0/inst/buffer_pl_clk_0.PL_CLK_0_BUFG/O
    X0Y1 (CLOCK_ROOT)    net (fo=10450, routed)       1.642     1.841    <hidden>
    SLICE_X11Y151        FDRE                                         r  <hidden>
                         clock pessimism             -0.199     1.642    
    SLICE_X11Y151        FDRE (Hold_GFF2_SLICEL_C_D)
                                                      0.062     1.704    <hidden>
  -------------------------------------------------------------------
                         required time                         -1.704    
                         arrival time                           1.719    
  -------------------------------------------------------------------
                         slack                                  0.015    

Slack (MET) :             0.016ns  (arrival time - required time)
  Source:                 <hidden>
                            (rising edge-triggered cell FDRE clocked by clk_pl_0  {rise@0.000ns fall@5.000ns period=10.000ns})
  Destination:            <hidden>
                            (rising edge-triggered cell FDRE clocked by clk_pl_0  {rise@0.000ns fall@5.000ns period=10.000ns})
  Path Group:             clk_pl_0
  Path Type:              Hold (Min at Slow Process Corner)
  Requirement:            0.000ns  (clk_pl_0 rise@0.000ns - clk_pl_0 rise@0.000ns)
  Data Path Delay:        0.190ns  (logic 0.058ns (30.601%)  route 0.132ns (69.399%))
  Logic Levels:           0  
  Clock Path Skew:        0.114ns (DCD - SCD - CPR)
    Destination Clock Delay (DCD):    1.872ns
    Source Clock Delay      (SCD):    1.607ns
    Clock Pessimism Removal (CPR):    0.151ns
  Clock Net Delay (Source):      1.447ns (routing 0.533ns, distribution 0.914ns)
  Clock Net Delay (Destination): 1.673ns (routing 0.591ns, distribution 1.082ns)

    Location             Delay type                Incr(ns)  Path(ns)    Netlist Resource(s)
  -------------------------------------------------------------------    -------------------
                         (clock clk_pl_0 rise edge)
                                                      0.000     0.000 r  
    PS8_X0Y0             PS8                          0.000     0.000 r  DPU_Block_i/zynq_ultra_ps_e_0/inst/PS8_i/PLCLK[0]
                         net (fo=1, routed)           0.135     0.135    DPU_Block_i/zynq_ultra_ps_e_0/inst/pl_clk_unbuffered[0]
    BUFG_PS_X0Y58        BUFG_PS (Prop_BUFG_PS_I_O)
                                                      0.025     0.160 r  DPU_Block_i/zynq_ultra_ps_e_0/inst/buffer_pl_clk_0.PL_CLK_0_BUFG/O
    X0Y1 (CLOCK_ROOT)    net (fo=10450, routed)       1.447     1.607    <hidden>
    SLICE_X0Y138         FDRE                                         r  <hidden>
  -------------------------------------------------------------------    -------------------
    SLICE_X0Y138         FDRE (Prop_CFF_SLICEL_C_Q)
                                                      0.058     1.665 r  <hidden>
                         net (fo=4, routed)           0.132     1.796    <hidden>
    SLICE_X1Y139         FDRE                                         r  <hidden>
  -------------------------------------------------------------------    -------------------

                         (clock clk_pl_0 rise edge)
                                                      0.000     0.000 r  
    PS8_X0Y0             PS8                          0.000     0.000 r  DPU_Block_i/zynq_ultra_ps_e_0/inst/PS8_i/PLCLK[0]
                         net (fo=1, routed)           0.171     0.171    DPU_Block_i/zynq_ultra_ps_e_0/inst/pl_clk_unbuffered[0]
    BUFG_PS_X0Y58        BUFG_PS (Prop_BUFG_PS_I_O)
                                                      0.028     0.199 r  DPU_Block_i/zynq_ultra_ps_e_0/inst/buffer_pl_clk_0.PL_CLK_0_BUFG/O
    X0Y1 (CLOCK_ROOT)    net (fo=10450, routed)       1.673     1.872    <hidden>
    SLICE_X1Y139         FDRE                                         r  <hidden>
                         clock pessimism             -0.151     1.721    
    SLICE_X1Y139         FDRE (Hold_CFF_SLICEM_C_D)
                                                      0.060     1.781    <hidden>
  -------------------------------------------------------------------
                         required time                         -1.781    
                         arrival time                           1.796    
  -------------------------------------------------------------------
                         slack                                  0.016    

Slack (MET) :             0.016ns  (arrival time - required time)
  Source:                 <hidden>
                            (rising edge-triggered cell FDRE clocked by clk_pl_0  {rise@0.000ns fall@5.000ns period=10.000ns})
  Destination:            <hidden>
                            (rising edge-triggered cell FDRE clocked by clk_pl_0  {rise@0.000ns fall@5.000ns period=10.000ns})
  Path Group:             clk_pl_0
  Path Type:              Hold (Min at Slow Process Corner)
  Requirement:            0.000ns  (clk_pl_0 rise@0.000ns - clk_pl_0 rise@0.000ns)
  Data Path Delay:        0.147ns  (logic 0.058ns (39.549%)  route 0.089ns (60.451%))
  Logic Levels:           0  
  Clock Path Skew:        0.071ns (DCD - SCD - CPR)
    Destination Clock Delay (DCD):    1.797ns
    Source Clock Delay      (SCD):    1.579ns
    Clock Pessimism Removal (CPR):    0.147ns
  Clock Net Delay (Source):      1.419ns (routing 0.533ns, distribution 0.886ns)
  Clock Net Delay (Destination): 1.598ns (routing 0.591ns, distribution 1.007ns)

    Location             Delay type                Incr(ns)  Path(ns)    Netlist Resource(s)
  -------------------------------------------------------------------    -------------------
                         (clock clk_pl_0 rise edge)
                                                      0.000     0.000 r  
    PS8_X0Y0             PS8                          0.000     0.000 r  DPU_Block_i/zynq_ultra_ps_e_0/inst/PS8_i/PLCLK[0]
                         net (fo=1, routed)           0.135     0.135    DPU_Block_i/zynq_ultra_ps_e_0/inst/pl_clk_unbuffered[0]
    BUFG_PS_X0Y58        BUFG_PS (Prop_BUFG_PS_I_O)
                                                      0.025     0.160 r  DPU_Block_i/zynq_ultra_ps_e_0/inst/buffer_pl_clk_0.PL_CLK_0_BUFG/O
    X0Y1 (CLOCK_ROOT)    net (fo=10450, routed)       1.419     1.579    <hidden>
    SLICE_X16Y94         FDRE                                         r  <hidden>
  -------------------------------------------------------------------    -------------------
    SLICE_X16Y94         FDRE (Prop_DFF_SLICEM_C_Q)
                                                      0.058     1.637 r  <hidden>
                         net (fo=2, routed)           0.089     1.726    <hidden>
    SLICE_X15Y94         FDRE                                         r  <hidden>
  -------------------------------------------------------------------    -------------------

                         (clock clk_pl_0 rise edge)
                                                      0.000     0.000 r  
    PS8_X0Y0             PS8                          0.000     0.000 r  DPU_Block_i/zynq_ultra_ps_e_0/inst/PS8_i/PLCLK[0]
                         net (fo=1, routed)           0.171     0.171    DPU_Block_i/zynq_ultra_ps_e_0/inst/pl_clk_unbuffered[0]
    BUFG_PS_X0Y58        BUFG_PS (Prop_BUFG_PS_I_O)
                                                      0.028     0.199 r  DPU_Block_i/zynq_ultra_ps_e_0/inst/buffer_pl_clk_0.PL_CLK_0_BUFG/O
    X0Y1 (CLOCK_ROOT)    net (fo=10450, routed)       1.598     1.797    <hidden>
    SLICE_X15Y94         FDRE                                         r  <hidden>
                         clock pessimism             -0.147     1.650    
    SLICE_X15Y94         FDRE (Hold_EFF_SLICEL_C_D)
                                                      0.060     1.710    <hidden>
  -------------------------------------------------------------------
                         required time                         -1.710    
                         arrival time                           1.726    
  -------------------------------------------------------------------
                         slack                                  0.016    

Slack (MET) :             0.016ns  (arrival time - required time)
  Source:                 DPU_Block_i/smartconnect_0/inst/clk_map/psr_aclk/U0/SEQ/SEQ_COUNTER/q_int_reg[1]/C
                            (rising edge-triggered cell FDRE clocked by clk_pl_0  {rise@0.000ns fall@5.000ns period=10.000ns})
  Destination:            DPU_Block_i/smartconnect_0/inst/clk_map/psr_aclk/U0/SEQ/SEQ_COUNTER/q_int_reg[4]/D
                            (rising edge-triggered cell FDRE clocked by clk_pl_0  {rise@0.000ns fall@5.000ns period=10.000ns})
  Path Group:             clk_pl_0
  Path Type:              Hold (Min at Slow Process Corner)
  Requirement:            0.000ns  (clk_pl_0 rise@0.000ns - clk_pl_0 rise@0.000ns)
  Data Path Delay:        0.166ns  (logic 0.091ns (54.816%)  route 0.075ns (45.184%))
  Logic Levels:           1  (LUT5=1)
  Clock Path Skew:        0.088ns (DCD - SCD - CPR)
    Destination Clock Delay (DCD):    1.808ns
    Source Clock Delay      (SCD):    1.573ns
    Clock Pessimism Removal (CPR):    0.147ns
  Clock Net Delay (Source):      1.413ns (routing 0.533ns, distribution 0.880ns)
  Clock Net Delay (Destination): 1.609ns (routing 0.591ns, distribution 1.018ns)

    Location             Delay type                Incr(ns)  Path(ns)    Netlist Resource(s)
  -------------------------------------------------------------------    -------------------
                         (clock clk_pl_0 rise edge)
                                                      0.000     0.000 r  
    PS8_X0Y0             PS8                          0.000     0.000 r  DPU_Block_i/zynq_ultra_ps_e_0/inst/PS8_i/PLCLK[0]
                         net (fo=1, routed)           0.135     0.135    DPU_Block_i/zynq_ultra_ps_e_0/inst/pl_clk_unbuffered[0]
    BUFG_PS_X0Y58        BUFG_PS (Prop_BUFG_PS_I_O)
                                                      0.025     0.160 r  DPU_Block_i/zynq_ultra_ps_e_0/inst/buffer_pl_clk_0.PL_CLK_0_BUFG/O
    X0Y1 (CLOCK_ROOT)    net (fo=10450, routed)       1.413     1.573    DPU_Block_i/smartconnect_0/inst/clk_map/psr_aclk/U0/SEQ/SEQ_COUNTER/aclk
    SLICE_X25Y97         FDRE                                         r  DPU_Block_i/smartconnect_0/inst/clk_map/psr_aclk/U0/SEQ/SEQ_COUNTER/q_int_reg[1]/C
  -------------------------------------------------------------------    -------------------
    SLICE_X25Y97         FDRE (Prop_DFF_SLICEL_C_Q)
                                                      0.059     1.632 r  DPU_Block_i/smartconnect_0/inst/clk_map/psr_aclk/U0/SEQ/SEQ_COUNTER/q_int_reg[1]/Q
                         net (fo=6, routed)           0.066     1.698    DPU_Block_i/smartconnect_0/inst/clk_map/psr_aclk/U0/SEQ/SEQ_COUNTER/Q[1]
    SLICE_X26Y97         LUT5 (Prop_D5LUT_SLICEL_I2_O)
                                                      0.032     1.730 r  DPU_Block_i/smartconnect_0/inst/clk_map/psr_aclk/U0/SEQ/SEQ_COUNTER/q_int[4]_i_1/O
                         net (fo=1, routed)           0.009     1.739    DPU_Block_i/smartconnect_0/inst/clk_map/psr_aclk/U0/SEQ/SEQ_COUNTER/q_int0[4]
    SLICE_X26Y97         FDRE                                         r  DPU_Block_i/smartconnect_0/inst/clk_map/psr_aclk/U0/SEQ/SEQ_COUNTER/q_int_reg[4]/D
  -------------------------------------------------------------------    -------------------

                         (clock clk_pl_0 rise edge)
                                                      0.000     0.000 r  
    PS8_X0Y0             PS8                          0.000     0.000 r  DPU_Block_i/zynq_ultra_ps_e_0/inst/PS8_i/PLCLK[0]
                         net (fo=1, routed)           0.171     0.171    DPU_Block_i/zynq_ultra_ps_e_0/inst/pl_clk_unbuffered[0]
    BUFG_PS_X0Y58        BUFG_PS (Prop_BUFG_PS_I_O)
                                                      0.028     0.199 r  DPU_Block_i/zynq_ultra_ps_e_0/inst/buffer_pl_clk_0.PL_CLK_0_BUFG/O
    X0Y1 (CLOCK_ROOT)    net (fo=10450, routed)       1.609     1.808    DPU_Block_i/smartconnect_0/inst/clk_map/psr_aclk/U0/SEQ/SEQ_COUNTER/aclk
    SLICE_X26Y97         FDRE                                         r  DPU_Block_i/smartconnect_0/inst/clk_map/psr_aclk/U0/SEQ/SEQ_COUNTER/q_int_reg[4]/C
                         clock pessimism             -0.147     1.661    
    SLICE_X26Y97         FDRE (Hold_DFF2_SLICEL_C_D)
                                                      0.062     1.723    DPU_Block_i/smartconnect_0/inst/clk_map/psr_aclk/U0/SEQ/SEQ_COUNTER/q_int_reg[4]
  -------------------------------------------------------------------
                         required time                         -1.723    
                         arrival time                           1.739    
  -------------------------------------------------------------------
                         slack                                  0.016    

Slack (MET) :             0.017ns  (arrival time - required time)
  Source:                 <hidden>
                            (rising edge-triggered cell FDRE clocked by clk_pl_0  {rise@0.000ns fall@5.000ns period=10.000ns})
  Destination:            <hidden>
                            (rising edge-triggered cell FDRE clocked by clk_pl_0  {rise@0.000ns fall@5.000ns period=10.000ns})
  Path Group:             clk_pl_0
  Path Type:              Hold (Min at Slow Process Corner)
  Requirement:            0.000ns  (clk_pl_0 rise@0.000ns - clk_pl_0 rise@0.000ns)
  Data Path Delay:        0.139ns  (logic 0.061ns (43.806%)  route 0.078ns (56.194%))
  Logic Levels:           0  
  Clock Path Skew:        0.061ns (DCD - SCD - CPR)
    Destination Clock Delay (DCD):    1.812ns
    Source Clock Delay      (SCD):    1.600ns
    Clock Pessimism Removal (CPR):    0.152ns
  Clock Net Delay (Source):      1.440ns (routing 0.533ns, distribution 0.907ns)
  Clock Net Delay (Destination): 1.613ns (routing 0.591ns, distribution 1.022ns)

    Location             Delay type                Incr(ns)  Path(ns)    Netlist Resource(s)
  -------------------------------------------------------------------    -------------------
                         (clock clk_pl_0 rise edge)
                                                      0.000     0.000 r  
    PS8_X0Y0             PS8                          0.000     0.000 r  DPU_Block_i/zynq_ultra_ps_e_0/inst/PS8_i/PLCLK[0]
                         net (fo=1, routed)           0.135     0.135    DPU_Block_i/zynq_ultra_ps_e_0/inst/pl_clk_unbuffered[0]
    BUFG_PS_X0Y58        BUFG_PS (Prop_BUFG_PS_I_O)
                                                      0.025     0.160 r  DPU_Block_i/zynq_ultra_ps_e_0/inst/buffer_pl_clk_0.PL_CLK_0_BUFG/O
    X0Y1 (CLOCK_ROOT)    net (fo=10450, routed)       1.440     1.600    <hidden>
    SLICE_X9Y152         FDRE                                         r  <hidden>
  -------------------------------------------------------------------    -------------------
    SLICE_X9Y152         FDRE (Prop_DFF2_SLICEM_C_Q)
                                                      0.061     1.661 r  <hidden>
                         net (fo=4, routed)           0.078     1.739    <hidden>
    SLICE_X8Y152         FDRE                                         r  <hidden>
  -------------------------------------------------------------------    -------------------

                         (clock clk_pl_0 rise edge)
                                                      0.000     0.000 r  
    PS8_X0Y0             PS8                          0.000     0.000 r  DPU_Block_i/zynq_ultra_ps_e_0/inst/PS8_i/PLCLK[0]
                         net (fo=1, routed)           0.171     0.171    DPU_Block_i/zynq_ultra_ps_e_0/inst/pl_clk_unbuffered[0]
    BUFG_PS_X0Y58        BUFG_PS (Prop_BUFG_PS_I_O)
                                                      0.028     0.199 r  DPU_Block_i/zynq_ultra_ps_e_0/inst/buffer_pl_clk_0.PL_CLK_0_BUFG/O
    X0Y1 (CLOCK_ROOT)    net (fo=10450, routed)       1.613     1.812    <hidden>
    SLICE_X8Y152         FDRE                                         r  <hidden>
                         clock pessimism             -0.152     1.660    
    SLICE_X8Y152         FDRE (Hold_HFF2_SLICEL_C_D)
                                                      0.062     1.722    <hidden>
  -------------------------------------------------------------------
                         required time                         -1.722    
                         arrival time                           1.739    
  -------------------------------------------------------------------
                         slack                                  0.017    





Pulse Width Checks
--------------------------------------------------------------------------------------
Clock Name:         clk_pl_0
Waveform(ns):       { 0.000 5.000 }
Period(ns):         10.000
Sources:            { DPU_Block_i/zynq_ultra_ps_e_0/inst/PS8_i/PLCLK[0] }

Check Type        Corner  Lib Pin             Reference Pin  Required(ns)  Actual(ns)  Slack(ns)  Location      Pin
Min Period        n/a     PS8/MAXIGP2ACLK     n/a            3.000         10.000      7.000      PS8_X0Y0      DPU_Block_i/zynq_ultra_ps_e_0/inst/PS8_i/MAXIGP2ACLK
Min Period        n/a     RAMB36E2/CLKARDCLK  n/a            1.355         10.000      8.645      RAMB36_X2Y18  <hidden>
Min Period        n/a     RAMB36E2/CLKBWRCLK  n/a            1.355         10.000      8.645      RAMB36_X2Y18  <hidden>
Min Period        n/a     RAMB36E2/CLKARDCLK  n/a            1.355         10.000      8.645      RAMB36_X2Y21  <hidden>
Min Period        n/a     RAMB36E2/CLKBWRCLK  n/a            1.355         10.000      8.645      RAMB36_X2Y21  <hidden>
Min Period        n/a     RAMB36E2/CLKARDCLK  n/a            1.355         10.000      8.645      RAMB36_X2Y16  <hidden>
Min Period        n/a     RAMB36E2/CLKBWRCLK  n/a            1.355         10.000      8.645      RAMB36_X2Y16  <hidden>
Min Period        n/a     RAMB36E2/CLKARDCLK  n/a            1.355         10.000      8.645      RAMB36_X2Y17  <hidden>
Min Period        n/a     RAMB36E2/CLKBWRCLK  n/a            1.355         10.000      8.645      RAMB36_X2Y17  <hidden>
Min Period        n/a     RAMB36E2/CLKARDCLK  n/a            1.355         10.000      8.645      RAMB36_X1Y18  <hidden>
Low Pulse Width   Slow    PS8/MAXIGP2ACLK     n/a            1.500         5.000       3.500      PS8_X0Y0      DPU_Block_i/zynq_ultra_ps_e_0/inst/PS8_i/MAXIGP2ACLK
Low Pulse Width   Fast    PS8/MAXIGP2ACLK     n/a            1.500         5.000       3.500      PS8_X0Y0      DPU_Block_i/zynq_ultra_ps_e_0/inst/PS8_i/MAXIGP2ACLK
Low Pulse Width   Slow    RAMB36E2/CLKARDCLK  n/a            0.542         5.000       4.458      RAMB36_X2Y18  <hidden>
Low Pulse Width   Fast    RAMB36E2/CLKARDCLK  n/a            0.542         5.000       4.458      RAMB36_X2Y18  <hidden>
Low Pulse Width   Slow    RAMB36E2/CLKBWRCLK  n/a            0.542         5.000       4.458      RAMB36_X2Y18  <hidden>
Low Pulse Width   Fast    RAMB36E2/CLKBWRCLK  n/a            0.542         5.000       4.458      RAMB36_X2Y18  <hidden>
Low Pulse Width   Slow    RAMB36E2/CLKARDCLK  n/a            0.542         5.000       4.458      RAMB36_X2Y21  <hidden>
Low Pulse Width   Fast    RAMB36E2/CLKARDCLK  n/a            0.542         5.000       4.458      RAMB36_X2Y21  <hidden>
Low Pulse Width   Slow    RAMB36E2/CLKBWRCLK  n/a            0.542         5.000       4.458      RAMB36_X2Y21  <hidden>
Low Pulse Width   Fast    RAMB36E2/CLKBWRCLK  n/a            0.542         5.000       4.458      RAMB36_X2Y21  <hidden>
High Pulse Width  Slow    PS8/MAXIGP2ACLK     n/a            1.500         5.000       3.500      PS8_X0Y0      DPU_Block_i/zynq_ultra_ps_e_0/inst/PS8_i/MAXIGP2ACLK
High Pulse Width  Fast    PS8/MAXIGP2ACLK     n/a            1.500         5.000       3.500      PS8_X0Y0      DPU_Block_i/zynq_ultra_ps_e_0/inst/PS8_i/MAXIGP2ACLK
High Pulse Width  Slow    RAMB36E2/CLKARDCLK  n/a            0.542         5.000       4.458      RAMB36_X2Y18  <hidden>
High Pulse Width  Fast    RAMB36E2/CLKARDCLK  n/a            0.542         5.000       4.458      RAMB36_X2Y18  <hidden>
High Pulse Width  Slow    RAMB36E2/CLKBWRCLK  n/a            0.542         5.000       4.458      RAMB36_X2Y18  <hidden>
High Pulse Width  Fast    RAMB36E2/CLKBWRCLK  n/a            0.542         5.000       4.458      RAMB36_X2Y18  <hidden>
High Pulse Width  Slow    RAMB36E2/CLKARDCLK  n/a            0.542         5.000       4.458      RAMB36_X2Y21  <hidden>
High Pulse Width  Fast    RAMB36E2/CLKARDCLK  n/a            0.542         5.000       4.458      RAMB36_X2Y21  <hidden>
High Pulse Width  Slow    RAMB36E2/CLKBWRCLK  n/a            0.542         5.000       4.458      RAMB36_X2Y21  <hidden>
High Pulse Width  Fast    RAMB36E2/CLKBWRCLK  n/a            0.542         5.000       4.458      RAMB36_X2Y21  <hidden>



---------------------------------------------------------------------------------------------------
Path Group:  **async_default**
From Clock:  clk_pl_0
  To Clock:  clk_pl_0

Setup :            0  Failing Endpoints,  Worst Slack        6.863ns,  Total Violation        0.000ns
Hold  :            0  Failing Endpoints,  Worst Slack        1.305ns,  Total Violation        0.000ns
---------------------------------------------------------------------------------------------------


Max Delay Paths
--------------------------------------------------------------------------------------
Slack (MET) :             6.863ns  (required time - arrival time)
  Source:                 DPU_Block_i/proc_sys_reset_0/U0/ACTIVE_LOW_PR_OUT_DFF[0].FDRE_PER_N/C
                            (rising edge-triggered cell FDRE clocked by clk_pl_0  {rise@0.000ns fall@5.000ns period=10.000ns})
  Destination:            DPU_Block_i/dpu_axi_0/inst/dpu_axi_slave_lite_v1_0_S00_AXI_inst/dpu_inst/core_TL/core/genblk3[3].genblk1[4].macUnit/OUT_reg[10]/CLR
                            (recovery check against rising-edge clock clk_pl_0  {rise@0.000ns fall@5.000ns period=10.000ns})
  Path Group:             **async_default**
  Path Type:              Recovery (Max at Slow Process Corner)
  Requirement:            10.000ns  (clk_pl_0 rise@10.000ns - clk_pl_0 rise@0.000ns)
  Data Path Delay:        2.809ns  (logic 0.107ns (3.809%)  route 2.702ns (96.191%))
  Logic Levels:           1  (BUFGCE=1)
  Clock Path Skew:        -0.132ns (DCD - SCD + CPR)
    Destination Clock Delay (DCD):    1.592ns = ( 11.592 - 10.000 ) 
    Source Clock Delay      (SCD):    1.825ns
    Clock Pessimism Removal (CPR):    0.101ns
  Clock Uncertainty:      0.130ns  ((TSJ^2 + DJ^2)^1/2) / 2 + PE
    Total System Jitter     (TSJ):    0.071ns
    Discrete Jitter          (DJ):    0.250ns
    Phase Error              (PE):    0.000ns
  Clock Net Delay (Source):      1.626ns (routing 0.591ns, distribution 1.035ns)
  Clock Net Delay (Destination): 1.432ns (routing 0.533ns, distribution 0.899ns)

    Location             Delay type                Incr(ns)  Path(ns)    Netlist Resource(s)
  -------------------------------------------------------------------    -------------------
                         (clock clk_pl_0 rise edge)
                                                      0.000     0.000 r  
    PS8_X0Y0             PS8                          0.000     0.000 r  DPU_Block_i/zynq_ultra_ps_e_0/inst/PS8_i/PLCLK[0]
                         net (fo=1, routed)           0.171     0.171    DPU_Block_i/zynq_ultra_ps_e_0/inst/pl_clk_unbuffered[0]
    BUFG_PS_X0Y58        BUFG_PS (Prop_BUFG_PS_I_O)
                                                      0.028     0.199 r  DPU_Block_i/zynq_ultra_ps_e_0/inst/buffer_pl_clk_0.PL_CLK_0_BUFG/O
    X0Y1 (CLOCK_ROOT)    net (fo=10450, routed)       1.626     1.825    DPU_Block_i/proc_sys_reset_0/U0/slowest_sync_clk
    SLICE_X22Y118        FDRE                                         r  DPU_Block_i/proc_sys_reset_0/U0/ACTIVE_LOW_PR_OUT_DFF[0].FDRE_PER_N/C
  -------------------------------------------------------------------    -------------------
    SLICE_X22Y118        FDRE (Prop_EFF_SLICEL_C_Q)
                                                      0.079     1.904 r  DPU_Block_i/proc_sys_reset_0/U0/ACTIVE_LOW_PR_OUT_DFF[0].FDRE_PER_N/Q
                         net (fo=1, routed)           1.186     3.090    DPU_Block_i/proc_sys_reset_0/U0/peripheral_aresetn[0]_bufg_place
    BUFGCE_X0Y50         BUFGCE (Prop_BUFCE_BUFGCE_I_O)
                                                      0.028     3.118 r  DPU_Block_i/proc_sys_reset_0/U0/ACTIVE_LOW_PR_OUT_DFF[0].FDRE_PER_N_bufg_place/O
                         net (fo=2599, routed)        1.516     4.634    DPU_Block_i/dpu_axi_0/inst/dpu_axi_slave_lite_v1_0_S00_AXI_inst/dpu_inst/core_TL/core/genblk3[3].genblk1[4].macUnit/OUT_reg[19]_0
    SLICE_X9Y50          FDCE                                         f  DPU_Block_i/dpu_axi_0/inst/dpu_axi_slave_lite_v1_0_S00_AXI_inst/dpu_inst/core_TL/core/genblk3[3].genblk1[4].macUnit/OUT_reg[10]/CLR  (IS_INVERTED)
  -------------------------------------------------------------------    -------------------

                         (clock clk_pl_0 rise edge)
                                                     10.000    10.000 r  
    PS8_X0Y0             PS8                          0.000    10.000 r  DPU_Block_i/zynq_ultra_ps_e_0/inst/PS8_i/PLCLK[0]
                         net (fo=1, routed)           0.135    10.135    DPU_Block_i/zynq_ultra_ps_e_0/inst/pl_clk_unbuffered[0]
    BUFG_PS_X0Y58        BUFG_PS (Prop_BUFG_PS_I_O)
                                                      0.025    10.160 r  DPU_Block_i/zynq_ultra_ps_e_0/inst/buffer_pl_clk_0.PL_CLK_0_BUFG/O
    X0Y1 (CLOCK_ROOT)    net (fo=10450, routed)       1.432    11.592    DPU_Block_i/dpu_axi_0/inst/dpu_axi_slave_lite_v1_0_S00_AXI_inst/dpu_inst/core_TL/core/genblk3[3].genblk1[4].macUnit/s00_axi_aclk
    SLICE_X9Y50          FDCE                                         r  DPU_Block_i/dpu_axi_0/inst/dpu_axi_slave_lite_v1_0_S00_AXI_inst/dpu_inst/core_TL/core/genblk3[3].genblk1[4].macUnit/OUT_reg[10]/C
                         clock pessimism              0.101    11.693    
                         clock uncertainty           -0.130    11.563    
    SLICE_X9Y50          FDCE (Recov_CFF_SLICEM_C_CLR)
                                                     -0.066    11.497    DPU_Block_i/dpu_axi_0/inst/dpu_axi_slave_lite_v1_0_S00_AXI_inst/dpu_inst/core_TL/core/genblk3[3].genblk1[4].macUnit/OUT_reg[10]
  -------------------------------------------------------------------
                         required time                         11.497    
                         arrival time                          -4.634    
  -------------------------------------------------------------------
                         slack                                  6.863    

Slack (MET) :             6.863ns  (required time - arrival time)
  Source:                 DPU_Block_i/proc_sys_reset_0/U0/ACTIVE_LOW_PR_OUT_DFF[0].FDRE_PER_N/C
                            (rising edge-triggered cell FDRE clocked by clk_pl_0  {rise@0.000ns fall@5.000ns period=10.000ns})
  Destination:            DPU_Block_i/dpu_axi_0/inst/dpu_axi_slave_lite_v1_0_S00_AXI_inst/dpu_inst/core_TL/core/genblk3[3].genblk1[4].macUnit/OUT_reg[11]/CLR
                            (recovery check against rising-edge clock clk_pl_0  {rise@0.000ns fall@5.000ns period=10.000ns})
  Path Group:             **async_default**
  Path Type:              Recovery (Max at Slow Process Corner)
  Requirement:            10.000ns  (clk_pl_0 rise@10.000ns - clk_pl_0 rise@0.000ns)
  Data Path Delay:        2.809ns  (logic 0.107ns (3.809%)  route 2.702ns (96.191%))
  Logic Levels:           1  (BUFGCE=1)
  Clock Path Skew:        -0.132ns (DCD - SCD + CPR)
    Destination Clock Delay (DCD):    1.592ns = ( 11.592 - 10.000 ) 
    Source Clock Delay      (SCD):    1.825ns
    Clock Pessimism Removal (CPR):    0.101ns
  Clock Uncertainty:      0.130ns  ((TSJ^2 + DJ^2)^1/2) / 2 + PE
    Total System Jitter     (TSJ):    0.071ns
    Discrete Jitter          (DJ):    0.250ns
    Phase Error              (PE):    0.000ns
  Clock Net Delay (Source):      1.626ns (routing 0.591ns, distribution 1.035ns)
  Clock Net Delay (Destination): 1.432ns (routing 0.533ns, distribution 0.899ns)

    Location             Delay type                Incr(ns)  Path(ns)    Netlist Resource(s)
  -------------------------------------------------------------------    -------------------
                         (clock clk_pl_0 rise edge)
                                                      0.000     0.000 r  
    PS8_X0Y0             PS8                          0.000     0.000 r  DPU_Block_i/zynq_ultra_ps_e_0/inst/PS8_i/PLCLK[0]
                         net (fo=1, routed)           0.171     0.171    DPU_Block_i/zynq_ultra_ps_e_0/inst/pl_clk_unbuffered[0]
    BUFG_PS_X0Y58        BUFG_PS (Prop_BUFG_PS_I_O)
                                                      0.028     0.199 r  DPU_Block_i/zynq_ultra_ps_e_0/inst/buffer_pl_clk_0.PL_CLK_0_BUFG/O
    X0Y1 (CLOCK_ROOT)    net (fo=10450, routed)       1.626     1.825    DPU_Block_i/proc_sys_reset_0/U0/slowest_sync_clk
    SLICE_X22Y118        FDRE                                         r  DPU_Block_i/proc_sys_reset_0/U0/ACTIVE_LOW_PR_OUT_DFF[0].FDRE_PER_N/C
  -------------------------------------------------------------------    -------------------
    SLICE_X22Y118        FDRE (Prop_EFF_SLICEL_C_Q)
                                                      0.079     1.904 r  DPU_Block_i/proc_sys_reset_0/U0/ACTIVE_LOW_PR_OUT_DFF[0].FDRE_PER_N/Q
                         net (fo=1, routed)           1.186     3.090    DPU_Block_i/proc_sys_reset_0/U0/peripheral_aresetn[0]_bufg_place
    BUFGCE_X0Y50         BUFGCE (Prop_BUFCE_BUFGCE_I_O)
                                                      0.028     3.118 r  DPU_Block_i/proc_sys_reset_0/U0/ACTIVE_LOW_PR_OUT_DFF[0].FDRE_PER_N_bufg_place/O
                         net (fo=2599, routed)        1.516     4.634    DPU_Block_i/dpu_axi_0/inst/dpu_axi_slave_lite_v1_0_S00_AXI_inst/dpu_inst/core_TL/core/genblk3[3].genblk1[4].macUnit/OUT_reg[19]_0
    SLICE_X9Y50          FDCE                                         f  DPU_Block_i/dpu_axi_0/inst/dpu_axi_slave_lite_v1_0_S00_AXI_inst/dpu_inst/core_TL/core/genblk3[3].genblk1[4].macUnit/OUT_reg[11]/CLR  (IS_INVERTED)
  -------------------------------------------------------------------    -------------------

                         (clock clk_pl_0 rise edge)
                                                     10.000    10.000 r  
    PS8_X0Y0             PS8                          0.000    10.000 r  DPU_Block_i/zynq_ultra_ps_e_0/inst/PS8_i/PLCLK[0]
                         net (fo=1, routed)           0.135    10.135    DPU_Block_i/zynq_ultra_ps_e_0/inst/pl_clk_unbuffered[0]
    BUFG_PS_X0Y58        BUFG_PS (Prop_BUFG_PS_I_O)
                                                      0.025    10.160 r  DPU_Block_i/zynq_ultra_ps_e_0/inst/buffer_pl_clk_0.PL_CLK_0_BUFG/O
    X0Y1 (CLOCK_ROOT)    net (fo=10450, routed)       1.432    11.592    DPU_Block_i/dpu_axi_0/inst/dpu_axi_slave_lite_v1_0_S00_AXI_inst/dpu_inst/core_TL/core/genblk3[3].genblk1[4].macUnit/s00_axi_aclk
    SLICE_X9Y50          FDCE                                         r  DPU_Block_i/dpu_axi_0/inst/dpu_axi_slave_lite_v1_0_S00_AXI_inst/dpu_inst/core_TL/core/genblk3[3].genblk1[4].macUnit/OUT_reg[11]/C
                         clock pessimism              0.101    11.693    
                         clock uncertainty           -0.130    11.563    
    SLICE_X9Y50          FDCE (Recov_DFF_SLICEM_C_CLR)
                                                     -0.066    11.497    DPU_Block_i/dpu_axi_0/inst/dpu_axi_slave_lite_v1_0_S00_AXI_inst/dpu_inst/core_TL/core/genblk3[3].genblk1[4].macUnit/OUT_reg[11]
  -------------------------------------------------------------------
                         required time                         11.497    
                         arrival time                          -4.634    
  -------------------------------------------------------------------
                         slack                                  6.863    

Slack (MET) :             6.863ns  (required time - arrival time)
  Source:                 DPU_Block_i/proc_sys_reset_0/U0/ACTIVE_LOW_PR_OUT_DFF[0].FDRE_PER_N/C
                            (rising edge-triggered cell FDRE clocked by clk_pl_0  {rise@0.000ns fall@5.000ns period=10.000ns})
  Destination:            DPU_Block_i/dpu_axi_0/inst/dpu_axi_slave_lite_v1_0_S00_AXI_inst/dpu_inst/core_TL/core/genblk3[3].genblk1[4].macUnit/OUT_reg[8]/CLR
                            (recovery check against rising-edge clock clk_pl_0  {rise@0.000ns fall@5.000ns period=10.000ns})
  Path Group:             **async_default**
  Path Type:              Recovery (Max at Slow Process Corner)
  Requirement:            10.000ns  (clk_pl_0 rise@10.000ns - clk_pl_0 rise@0.000ns)
  Data Path Delay:        2.809ns  (logic 0.107ns (3.809%)  route 2.702ns (96.191%))
  Logic Levels:           1  (BUFGCE=1)
  Clock Path Skew:        -0.132ns (DCD - SCD + CPR)
    Destination Clock Delay (DCD):    1.592ns = ( 11.592 - 10.000 ) 
    Source Clock Delay      (SCD):    1.825ns
    Clock Pessimism Removal (CPR):    0.101ns
  Clock Uncertainty:      0.130ns  ((TSJ^2 + DJ^2)^1/2) / 2 + PE
    Total System Jitter     (TSJ):    0.071ns
    Discrete Jitter          (DJ):    0.250ns
    Phase Error              (PE):    0.000ns
  Clock Net Delay (Source):      1.626ns (routing 0.591ns, distribution 1.035ns)
  Clock Net Delay (Destination): 1.432ns (routing 0.533ns, distribution 0.899ns)

    Location             Delay type                Incr(ns)  Path(ns)    Netlist Resource(s)
  -------------------------------------------------------------------    -------------------
                         (clock clk_pl_0 rise edge)
                                                      0.000     0.000 r  
    PS8_X0Y0             PS8                          0.000     0.000 r  DPU_Block_i/zynq_ultra_ps_e_0/inst/PS8_i/PLCLK[0]
                         net (fo=1, routed)           0.171     0.171    DPU_Block_i/zynq_ultra_ps_e_0/inst/pl_clk_unbuffered[0]
    BUFG_PS_X0Y58        BUFG_PS (Prop_BUFG_PS_I_O)
                                                      0.028     0.199 r  DPU_Block_i/zynq_ultra_ps_e_0/inst/buffer_pl_clk_0.PL_CLK_0_BUFG/O
    X0Y1 (CLOCK_ROOT)    net (fo=10450, routed)       1.626     1.825    DPU_Block_i/proc_sys_reset_0/U0/slowest_sync_clk
    SLICE_X22Y118        FDRE                                         r  DPU_Block_i/proc_sys_reset_0/U0/ACTIVE_LOW_PR_OUT_DFF[0].FDRE_PER_N/C
  -------------------------------------------------------------------    -------------------
    SLICE_X22Y118        FDRE (Prop_EFF_SLICEL_C_Q)
                                                      0.079     1.904 r  DPU_Block_i/proc_sys_reset_0/U0/ACTIVE_LOW_PR_OUT_DFF[0].FDRE_PER_N/Q
                         net (fo=1, routed)           1.186     3.090    DPU_Block_i/proc_sys_reset_0/U0/peripheral_aresetn[0]_bufg_place
    BUFGCE_X0Y50         BUFGCE (Prop_BUFCE_BUFGCE_I_O)
                                                      0.028     3.118 r  DPU_Block_i/proc_sys_reset_0/U0/ACTIVE_LOW_PR_OUT_DFF[0].FDRE_PER_N_bufg_place/O
                         net (fo=2599, routed)        1.516     4.634    DPU_Block_i/dpu_axi_0/inst/dpu_axi_slave_lite_v1_0_S00_AXI_inst/dpu_inst/core_TL/core/genblk3[3].genblk1[4].macUnit/OUT_reg[19]_0
    SLICE_X9Y50          FDCE                                         f  DPU_Block_i/dpu_axi_0/inst/dpu_axi_slave_lite_v1_0_S00_AXI_inst/dpu_inst/core_TL/core/genblk3[3].genblk1[4].macUnit/OUT_reg[8]/CLR  (IS_INVERTED)
  -------------------------------------------------------------------    -------------------

                         (clock clk_pl_0 rise edge)
                                                     10.000    10.000 r  
    PS8_X0Y0             PS8                          0.000    10.000 r  DPU_Block_i/zynq_ultra_ps_e_0/inst/PS8_i/PLCLK[0]
                         net (fo=1, routed)           0.135    10.135    DPU_Block_i/zynq_ultra_ps_e_0/inst/pl_clk_unbuffered[0]
    BUFG_PS_X0Y58        BUFG_PS (Prop_BUFG_PS_I_O)
                                                      0.025    10.160 r  DPU_Block_i/zynq_ultra_ps_e_0/inst/buffer_pl_clk_0.PL_CLK_0_BUFG/O
    X0Y1 (CLOCK_ROOT)    net (fo=10450, routed)       1.432    11.592    DPU_Block_i/dpu_axi_0/inst/dpu_axi_slave_lite_v1_0_S00_AXI_inst/dpu_inst/core_TL/core/genblk3[3].genblk1[4].macUnit/s00_axi_aclk
    SLICE_X9Y50          FDCE                                         r  DPU_Block_i/dpu_axi_0/inst/dpu_axi_slave_lite_v1_0_S00_AXI_inst/dpu_inst/core_TL/core/genblk3[3].genblk1[4].macUnit/OUT_reg[8]/C
                         clock pessimism              0.101    11.693    
                         clock uncertainty           -0.130    11.563    
    SLICE_X9Y50          FDCE (Recov_AFF_SLICEM_C_CLR)
                                                     -0.066    11.497    DPU_Block_i/dpu_axi_0/inst/dpu_axi_slave_lite_v1_0_S00_AXI_inst/dpu_inst/core_TL/core/genblk3[3].genblk1[4].macUnit/OUT_reg[8]
  -------------------------------------------------------------------
                         required time                         11.497    
                         arrival time                          -4.634    
  -------------------------------------------------------------------
                         slack                                  6.863    

Slack (MET) :             6.863ns  (required time - arrival time)
  Source:                 DPU_Block_i/proc_sys_reset_0/U0/ACTIVE_LOW_PR_OUT_DFF[0].FDRE_PER_N/C
                            (rising edge-triggered cell FDRE clocked by clk_pl_0  {rise@0.000ns fall@5.000ns period=10.000ns})
  Destination:            DPU_Block_i/dpu_axi_0/inst/dpu_axi_slave_lite_v1_0_S00_AXI_inst/dpu_inst/core_TL/core/genblk3[3].genblk1[4].macUnit/OUT_reg[9]/CLR
                            (recovery check against rising-edge clock clk_pl_0  {rise@0.000ns fall@5.000ns period=10.000ns})
  Path Group:             **async_default**
  Path Type:              Recovery (Max at Slow Process Corner)
  Requirement:            10.000ns  (clk_pl_0 rise@10.000ns - clk_pl_0 rise@0.000ns)
  Data Path Delay:        2.809ns  (logic 0.107ns (3.809%)  route 2.702ns (96.191%))
  Logic Levels:           1  (BUFGCE=1)
  Clock Path Skew:        -0.132ns (DCD - SCD + CPR)
    Destination Clock Delay (DCD):    1.592ns = ( 11.592 - 10.000 ) 
    Source Clock Delay      (SCD):    1.825ns
    Clock Pessimism Removal (CPR):    0.101ns
  Clock Uncertainty:      0.130ns  ((TSJ^2 + DJ^2)^1/2) / 2 + PE
    Total System Jitter     (TSJ):    0.071ns
    Discrete Jitter          (DJ):    0.250ns
    Phase Error              (PE):    0.000ns
  Clock Net Delay (Source):      1.626ns (routing 0.591ns, distribution 1.035ns)
  Clock Net Delay (Destination): 1.432ns (routing 0.533ns, distribution 0.899ns)

    Location             Delay type                Incr(ns)  Path(ns)    Netlist Resource(s)
  -------------------------------------------------------------------    -------------------
                         (clock clk_pl_0 rise edge)
                                                      0.000     0.000 r  
    PS8_X0Y0             PS8                          0.000     0.000 r  DPU_Block_i/zynq_ultra_ps_e_0/inst/PS8_i/PLCLK[0]
                         net (fo=1, routed)           0.171     0.171    DPU_Block_i/zynq_ultra_ps_e_0/inst/pl_clk_unbuffered[0]
    BUFG_PS_X0Y58        BUFG_PS (Prop_BUFG_PS_I_O)
                                                      0.028     0.199 r  DPU_Block_i/zynq_ultra_ps_e_0/inst/buffer_pl_clk_0.PL_CLK_0_BUFG/O
    X0Y1 (CLOCK_ROOT)    net (fo=10450, routed)       1.626     1.825    DPU_Block_i/proc_sys_reset_0/U0/slowest_sync_clk
    SLICE_X22Y118        FDRE                                         r  DPU_Block_i/proc_sys_reset_0/U0/ACTIVE_LOW_PR_OUT_DFF[0].FDRE_PER_N/C
  -------------------------------------------------------------------    -------------------
    SLICE_X22Y118        FDRE (Prop_EFF_SLICEL_C_Q)
                                                      0.079     1.904 r  DPU_Block_i/proc_sys_reset_0/U0/ACTIVE_LOW_PR_OUT_DFF[0].FDRE_PER_N/Q
                         net (fo=1, routed)           1.186     3.090    DPU_Block_i/proc_sys_reset_0/U0/peripheral_aresetn[0]_bufg_place
    BUFGCE_X0Y50         BUFGCE (Prop_BUFCE_BUFGCE_I_O)
                                                      0.028     3.118 r  DPU_Block_i/proc_sys_reset_0/U0/ACTIVE_LOW_PR_OUT_DFF[0].FDRE_PER_N_bufg_place/O
                         net (fo=2599, routed)        1.516     4.634    DPU_Block_i/dpu_axi_0/inst/dpu_axi_slave_lite_v1_0_S00_AXI_inst/dpu_inst/core_TL/core/genblk3[3].genblk1[4].macUnit/OUT_reg[19]_0
    SLICE_X9Y50          FDCE                                         f  DPU_Block_i/dpu_axi_0/inst/dpu_axi_slave_lite_v1_0_S00_AXI_inst/dpu_inst/core_TL/core/genblk3[3].genblk1[4].macUnit/OUT_reg[9]/CLR  (IS_INVERTED)
  -------------------------------------------------------------------    -------------------

                         (clock clk_pl_0 rise edge)
                                                     10.000    10.000 r  
    PS8_X0Y0             PS8                          0.000    10.000 r  DPU_Block_i/zynq_ultra_ps_e_0/inst/PS8_i/PLCLK[0]
                         net (fo=1, routed)           0.135    10.135    DPU_Block_i/zynq_ultra_ps_e_0/inst/pl_clk_unbuffered[0]
    BUFG_PS_X0Y58        BUFG_PS (Prop_BUFG_PS_I_O)
                                                      0.025    10.160 r  DPU_Block_i/zynq_ultra_ps_e_0/inst/buffer_pl_clk_0.PL_CLK_0_BUFG/O
    X0Y1 (CLOCK_ROOT)    net (fo=10450, routed)       1.432    11.592    DPU_Block_i/dpu_axi_0/inst/dpu_axi_slave_lite_v1_0_S00_AXI_inst/dpu_inst/core_TL/core/genblk3[3].genblk1[4].macUnit/s00_axi_aclk
    SLICE_X9Y50          FDCE                                         r  DPU_Block_i/dpu_axi_0/inst/dpu_axi_slave_lite_v1_0_S00_AXI_inst/dpu_inst/core_TL/core/genblk3[3].genblk1[4].macUnit/OUT_reg[9]/C
                         clock pessimism              0.101    11.693    
                         clock uncertainty           -0.130    11.563    
    SLICE_X9Y50          FDCE (Recov_BFF_SLICEM_C_CLR)
                                                     -0.066    11.497    DPU_Block_i/dpu_axi_0/inst/dpu_axi_slave_lite_v1_0_S00_AXI_inst/dpu_inst/core_TL/core/genblk3[3].genblk1[4].macUnit/OUT_reg[9]
  -------------------------------------------------------------------
                         required time                         11.497    
                         arrival time                          -4.634    
  -------------------------------------------------------------------
                         slack                                  6.863    

Slack (MET) :             6.864ns  (required time - arrival time)
  Source:                 DPU_Block_i/proc_sys_reset_0/U0/ACTIVE_LOW_PR_OUT_DFF[0].FDRE_PER_N/C
                            (rising edge-triggered cell FDRE clocked by clk_pl_0  {rise@0.000ns fall@5.000ns period=10.000ns})
  Destination:            DPU_Block_i/dpu_axi_0/inst/dpu_axi_slave_lite_v1_0_S00_AXI_inst/dpu_inst/core_TL/core/genblk3[3].genblk1[4].macUnit/OUT_reg[0]/CLR
                            (recovery check against rising-edge clock clk_pl_0  {rise@0.000ns fall@5.000ns period=10.000ns})
  Path Group:             **async_default**
  Path Type:              Recovery (Max at Slow Process Corner)
  Requirement:            10.000ns  (clk_pl_0 rise@10.000ns - clk_pl_0 rise@0.000ns)
  Data Path Delay:        2.808ns  (logic 0.107ns (3.811%)  route 2.701ns (96.189%))
  Logic Levels:           1  (BUFGCE=1)
  Clock Path Skew:        -0.132ns (DCD - SCD + CPR)
    Destination Clock Delay (DCD):    1.592ns = ( 11.592 - 10.000 ) 
    Source Clock Delay      (SCD):    1.825ns
    Clock Pessimism Removal (CPR):    0.101ns
  Clock Uncertainty:      0.130ns  ((TSJ^2 + DJ^2)^1/2) / 2 + PE
    Total System Jitter     (TSJ):    0.071ns
    Discrete Jitter          (DJ):    0.250ns
    Phase Error              (PE):    0.000ns
  Clock Net Delay (Source):      1.626ns (routing 0.591ns, distribution 1.035ns)
  Clock Net Delay (Destination): 1.432ns (routing 0.533ns, distribution 0.899ns)

    Location             Delay type                Incr(ns)  Path(ns)    Netlist Resource(s)
  -------------------------------------------------------------------    -------------------
                         (clock clk_pl_0 rise edge)
                                                      0.000     0.000 r  
    PS8_X0Y0             PS8                          0.000     0.000 r  DPU_Block_i/zynq_ultra_ps_e_0/inst/PS8_i/PLCLK[0]
                         net (fo=1, routed)           0.171     0.171    DPU_Block_i/zynq_ultra_ps_e_0/inst/pl_clk_unbuffered[0]
    BUFG_PS_X0Y58        BUFG_PS (Prop_BUFG_PS_I_O)
                                                      0.028     0.199 r  DPU_Block_i/zynq_ultra_ps_e_0/inst/buffer_pl_clk_0.PL_CLK_0_BUFG/O
    X0Y1 (CLOCK_ROOT)    net (fo=10450, routed)       1.626     1.825    DPU_Block_i/proc_sys_reset_0/U0/slowest_sync_clk
    SLICE_X22Y118        FDRE                                         r  DPU_Block_i/proc_sys_reset_0/U0/ACTIVE_LOW_PR_OUT_DFF[0].FDRE_PER_N/C
  -------------------------------------------------------------------    -------------------
    SLICE_X22Y118        FDRE (Prop_EFF_SLICEL_C_Q)
                                                      0.079     1.904 r  DPU_Block_i/proc_sys_reset_0/U0/ACTIVE_LOW_PR_OUT_DFF[0].FDRE_PER_N/Q
                         net (fo=1, routed)           1.186     3.090    DPU_Block_i/proc_sys_reset_0/U0/peripheral_aresetn[0]_bufg_place
    BUFGCE_X0Y50         BUFGCE (Prop_BUFCE_BUFGCE_I_O)
                                                      0.028     3.118 r  DPU_Block_i/proc_sys_reset_0/U0/ACTIVE_LOW_PR_OUT_DFF[0].FDRE_PER_N_bufg_place/O
                         net (fo=2599, routed)        1.515     4.633    DPU_Block_i/dpu_axi_0/inst/dpu_axi_slave_lite_v1_0_S00_AXI_inst/dpu_inst/core_TL/core/genblk3[3].genblk1[4].macUnit/OUT_reg[19]_0
    SLICE_X9Y49          FDCE                                         f  DPU_Block_i/dpu_axi_0/inst/dpu_axi_slave_lite_v1_0_S00_AXI_inst/dpu_inst/core_TL/core/genblk3[3].genblk1[4].macUnit/OUT_reg[0]/CLR  (IS_INVERTED)
  -------------------------------------------------------------------    -------------------

                         (clock clk_pl_0 rise edge)
                                                     10.000    10.000 r  
    PS8_X0Y0             PS8                          0.000    10.000 r  DPU_Block_i/zynq_ultra_ps_e_0/inst/PS8_i/PLCLK[0]
                         net (fo=1, routed)           0.135    10.135    DPU_Block_i/zynq_ultra_ps_e_0/inst/pl_clk_unbuffered[0]
    BUFG_PS_X0Y58        BUFG_PS (Prop_BUFG_PS_I_O)
                                                      0.025    10.160 r  DPU_Block_i/zynq_ultra_ps_e_0/inst/buffer_pl_clk_0.PL_CLK_0_BUFG/O
    X0Y1 (CLOCK_ROOT)    net (fo=10450, routed)       1.432    11.592    DPU_Block_i/dpu_axi_0/inst/dpu_axi_slave_lite_v1_0_S00_AXI_inst/dpu_inst/core_TL/core/genblk3[3].genblk1[4].macUnit/s00_axi_aclk
    SLICE_X9Y49          FDCE                                         r  DPU_Block_i/dpu_axi_0/inst/dpu_axi_slave_lite_v1_0_S00_AXI_inst/dpu_inst/core_TL/core/genblk3[3].genblk1[4].macUnit/OUT_reg[0]/C
                         clock pessimism              0.101    11.693    
                         clock uncertainty           -0.130    11.563    
    SLICE_X9Y49          FDCE (Recov_AFF_SLICEM_C_CLR)
                                                     -0.066    11.497    DPU_Block_i/dpu_axi_0/inst/dpu_axi_slave_lite_v1_0_S00_AXI_inst/dpu_inst/core_TL/core/genblk3[3].genblk1[4].macUnit/OUT_reg[0]
  -------------------------------------------------------------------
                         required time                         11.497    
                         arrival time                          -4.633    
  -------------------------------------------------------------------
                         slack                                  6.864    

Slack (MET) :             6.864ns  (required time - arrival time)
  Source:                 DPU_Block_i/proc_sys_reset_0/U0/ACTIVE_LOW_PR_OUT_DFF[0].FDRE_PER_N/C
                            (rising edge-triggered cell FDRE clocked by clk_pl_0  {rise@0.000ns fall@5.000ns period=10.000ns})
  Destination:            DPU_Block_i/dpu_axi_0/inst/dpu_axi_slave_lite_v1_0_S00_AXI_inst/dpu_inst/core_TL/core/genblk3[3].genblk1[4].macUnit/OUT_reg[1]/CLR
                            (recovery check against rising-edge clock clk_pl_0  {rise@0.000ns fall@5.000ns period=10.000ns})
  Path Group:             **async_default**
  Path Type:              Recovery (Max at Slow Process Corner)
  Requirement:            10.000ns  (clk_pl_0 rise@10.000ns - clk_pl_0 rise@0.000ns)
  Data Path Delay:        2.808ns  (logic 0.107ns (3.811%)  route 2.701ns (96.189%))
  Logic Levels:           1  (BUFGCE=1)
  Clock Path Skew:        -0.132ns (DCD - SCD + CPR)
    Destination Clock Delay (DCD):    1.592ns = ( 11.592 - 10.000 ) 
    Source Clock Delay      (SCD):    1.825ns
    Clock Pessimism Removal (CPR):    0.101ns
  Clock Uncertainty:      0.130ns  ((TSJ^2 + DJ^2)^1/2) / 2 + PE
    Total System Jitter     (TSJ):    0.071ns
    Discrete Jitter          (DJ):    0.250ns
    Phase Error              (PE):    0.000ns
  Clock Net Delay (Source):      1.626ns (routing 0.591ns, distribution 1.035ns)
  Clock Net Delay (Destination): 1.432ns (routing 0.533ns, distribution 0.899ns)

    Location             Delay type                Incr(ns)  Path(ns)    Netlist Resource(s)
  -------------------------------------------------------------------    -------------------
                         (clock clk_pl_0 rise edge)
                                                      0.000     0.000 r  
    PS8_X0Y0             PS8                          0.000     0.000 r  DPU_Block_i/zynq_ultra_ps_e_0/inst/PS8_i/PLCLK[0]
                         net (fo=1, routed)           0.171     0.171    DPU_Block_i/zynq_ultra_ps_e_0/inst/pl_clk_unbuffered[0]
    BUFG_PS_X0Y58        BUFG_PS (Prop_BUFG_PS_I_O)
                                                      0.028     0.199 r  DPU_Block_i/zynq_ultra_ps_e_0/inst/buffer_pl_clk_0.PL_CLK_0_BUFG/O
    X0Y1 (CLOCK_ROOT)    net (fo=10450, routed)       1.626     1.825    DPU_Block_i/proc_sys_reset_0/U0/slowest_sync_clk
    SLICE_X22Y118        FDRE                                         r  DPU_Block_i/proc_sys_reset_0/U0/ACTIVE_LOW_PR_OUT_DFF[0].FDRE_PER_N/C
  -------------------------------------------------------------------    -------------------
    SLICE_X22Y118        FDRE (Prop_EFF_SLICEL_C_Q)
                                                      0.079     1.904 r  DPU_Block_i/proc_sys_reset_0/U0/ACTIVE_LOW_PR_OUT_DFF[0].FDRE_PER_N/Q
                         net (fo=1, routed)           1.186     3.090    DPU_Block_i/proc_sys_reset_0/U0/peripheral_aresetn[0]_bufg_place
    BUFGCE_X0Y50         BUFGCE (Prop_BUFCE_BUFGCE_I_O)
                                                      0.028     3.118 r  DPU_Block_i/proc_sys_reset_0/U0/ACTIVE_LOW_PR_OUT_DFF[0].FDRE_PER_N_bufg_place/O
                         net (fo=2599, routed)        1.515     4.633    DPU_Block_i/dpu_axi_0/inst/dpu_axi_slave_lite_v1_0_S00_AXI_inst/dpu_inst/core_TL/core/genblk3[3].genblk1[4].macUnit/OUT_reg[19]_0
    SLICE_X9Y49          FDCE                                         f  DPU_Block_i/dpu_axi_0/inst/dpu_axi_slave_lite_v1_0_S00_AXI_inst/dpu_inst/core_TL/core/genblk3[3].genblk1[4].macUnit/OUT_reg[1]/CLR  (IS_INVERTED)
  -------------------------------------------------------------------    -------------------

                         (clock clk_pl_0 rise edge)
                                                     10.000    10.000 r  
    PS8_X0Y0             PS8                          0.000    10.000 r  DPU_Block_i/zynq_ultra_ps_e_0/inst/PS8_i/PLCLK[0]
                         net (fo=1, routed)           0.135    10.135    DPU_Block_i/zynq_ultra_ps_e_0/inst/pl_clk_unbuffered[0]
    BUFG_PS_X0Y58        BUFG_PS (Prop_BUFG_PS_I_O)
                                                      0.025    10.160 r  DPU_Block_i/zynq_ultra_ps_e_0/inst/buffer_pl_clk_0.PL_CLK_0_BUFG/O
    X0Y1 (CLOCK_ROOT)    net (fo=10450, routed)       1.432    11.592    DPU_Block_i/dpu_axi_0/inst/dpu_axi_slave_lite_v1_0_S00_AXI_inst/dpu_inst/core_TL/core/genblk3[3].genblk1[4].macUnit/s00_axi_aclk
    SLICE_X9Y49          FDCE                                         r  DPU_Block_i/dpu_axi_0/inst/dpu_axi_slave_lite_v1_0_S00_AXI_inst/dpu_inst/core_TL/core/genblk3[3].genblk1[4].macUnit/OUT_reg[1]/C
                         clock pessimism              0.101    11.693    
                         clock uncertainty           -0.130    11.563    
    SLICE_X9Y49          FDCE (Recov_BFF_SLICEM_C_CLR)
                                                     -0.066    11.497    DPU_Block_i/dpu_axi_0/inst/dpu_axi_slave_lite_v1_0_S00_AXI_inst/dpu_inst/core_TL/core/genblk3[3].genblk1[4].macUnit/OUT_reg[1]
  -------------------------------------------------------------------
                         required time                         11.497    
                         arrival time                          -4.633    
  -------------------------------------------------------------------
                         slack                                  6.864    

Slack (MET) :             6.864ns  (required time - arrival time)
  Source:                 DPU_Block_i/proc_sys_reset_0/U0/ACTIVE_LOW_PR_OUT_DFF[0].FDRE_PER_N/C
                            (rising edge-triggered cell FDRE clocked by clk_pl_0  {rise@0.000ns fall@5.000ns period=10.000ns})
  Destination:            DPU_Block_i/dpu_axi_0/inst/dpu_axi_slave_lite_v1_0_S00_AXI_inst/dpu_inst/core_TL/core/genblk3[3].genblk1[4].macUnit/OUT_reg[2]/CLR
                            (recovery check against rising-edge clock clk_pl_0  {rise@0.000ns fall@5.000ns period=10.000ns})
  Path Group:             **async_default**
  Path Type:              Recovery (Max at Slow Process Corner)
  Requirement:            10.000ns  (clk_pl_0 rise@10.000ns - clk_pl_0 rise@0.000ns)
  Data Path Delay:        2.808ns  (logic 0.107ns (3.811%)  route 2.701ns (96.189%))
  Logic Levels:           1  (BUFGCE=1)
  Clock Path Skew:        -0.132ns (DCD - SCD + CPR)
    Destination Clock Delay (DCD):    1.592ns = ( 11.592 - 10.000 ) 
    Source Clock Delay      (SCD):    1.825ns
    Clock Pessimism Removal (CPR):    0.101ns
  Clock Uncertainty:      0.130ns  ((TSJ^2 + DJ^2)^1/2) / 2 + PE
    Total System Jitter     (TSJ):    0.071ns
    Discrete Jitter          (DJ):    0.250ns
    Phase Error              (PE):    0.000ns
  Clock Net Delay (Source):      1.626ns (routing 0.591ns, distribution 1.035ns)
  Clock Net Delay (Destination): 1.432ns (routing 0.533ns, distribution 0.899ns)

    Location             Delay type                Incr(ns)  Path(ns)    Netlist Resource(s)
  -------------------------------------------------------------------    -------------------
                         (clock clk_pl_0 rise edge)
                                                      0.000     0.000 r  
    PS8_X0Y0             PS8                          0.000     0.000 r  DPU_Block_i/zynq_ultra_ps_e_0/inst/PS8_i/PLCLK[0]
                         net (fo=1, routed)           0.171     0.171    DPU_Block_i/zynq_ultra_ps_e_0/inst/pl_clk_unbuffered[0]
    BUFG_PS_X0Y58        BUFG_PS (Prop_BUFG_PS_I_O)
                                                      0.028     0.199 r  DPU_Block_i/zynq_ultra_ps_e_0/inst/buffer_pl_clk_0.PL_CLK_0_BUFG/O
    X0Y1 (CLOCK_ROOT)    net (fo=10450, routed)       1.626     1.825    DPU_Block_i/proc_sys_reset_0/U0/slowest_sync_clk
    SLICE_X22Y118        FDRE                                         r  DPU_Block_i/proc_sys_reset_0/U0/ACTIVE_LOW_PR_OUT_DFF[0].FDRE_PER_N/C
  -------------------------------------------------------------------    -------------------
    SLICE_X22Y118        FDRE (Prop_EFF_SLICEL_C_Q)
                                                      0.079     1.904 r  DPU_Block_i/proc_sys_reset_0/U0/ACTIVE_LOW_PR_OUT_DFF[0].FDRE_PER_N/Q
                         net (fo=1, routed)           1.186     3.090    DPU_Block_i/proc_sys_reset_0/U0/peripheral_aresetn[0]_bufg_place
    BUFGCE_X0Y50         BUFGCE (Prop_BUFCE_BUFGCE_I_O)
                                                      0.028     3.118 r  DPU_Block_i/proc_sys_reset_0/U0/ACTIVE_LOW_PR_OUT_DFF[0].FDRE_PER_N_bufg_place/O
                         net (fo=2599, routed)        1.515     4.633    DPU_Block_i/dpu_axi_0/inst/dpu_axi_slave_lite_v1_0_S00_AXI_inst/dpu_inst/core_TL/core/genblk3[3].genblk1[4].macUnit/OUT_reg[19]_0
    SLICE_X9Y49          FDCE                                         f  DPU_Block_i/dpu_axi_0/inst/dpu_axi_slave_lite_v1_0_S00_AXI_inst/dpu_inst/core_TL/core/genblk3[3].genblk1[4].macUnit/OUT_reg[2]/CLR  (IS_INVERTED)
  -------------------------------------------------------------------    -------------------

                         (clock clk_pl_0 rise edge)
                                                     10.000    10.000 r  
    PS8_X0Y0             PS8                          0.000    10.000 r  DPU_Block_i/zynq_ultra_ps_e_0/inst/PS8_i/PLCLK[0]
                         net (fo=1, routed)           0.135    10.135    DPU_Block_i/zynq_ultra_ps_e_0/inst/pl_clk_unbuffered[0]
    BUFG_PS_X0Y58        BUFG_PS (Prop_BUFG_PS_I_O)
                                                      0.025    10.160 r  DPU_Block_i/zynq_ultra_ps_e_0/inst/buffer_pl_clk_0.PL_CLK_0_BUFG/O
    X0Y1 (CLOCK_ROOT)    net (fo=10450, routed)       1.432    11.592    DPU_Block_i/dpu_axi_0/inst/dpu_axi_slave_lite_v1_0_S00_AXI_inst/dpu_inst/core_TL/core/genblk3[3].genblk1[4].macUnit/s00_axi_aclk
    SLICE_X9Y49          FDCE                                         r  DPU_Block_i/dpu_axi_0/inst/dpu_axi_slave_lite_v1_0_S00_AXI_inst/dpu_inst/core_TL/core/genblk3[3].genblk1[4].macUnit/OUT_reg[2]/C
                         clock pessimism              0.101    11.693    
                         clock uncertainty           -0.130    11.563    
    SLICE_X9Y49          FDCE (Recov_CFF_SLICEM_C_CLR)
                                                     -0.066    11.497    DPU_Block_i/dpu_axi_0/inst/dpu_axi_slave_lite_v1_0_S00_AXI_inst/dpu_inst/core_TL/core/genblk3[3].genblk1[4].macUnit/OUT_reg[2]
  -------------------------------------------------------------------
                         required time                         11.497    
                         arrival time                          -4.633    
  -------------------------------------------------------------------
                         slack                                  6.864    

Slack (MET) :             6.864ns  (required time - arrival time)
  Source:                 DPU_Block_i/proc_sys_reset_0/U0/ACTIVE_LOW_PR_OUT_DFF[0].FDRE_PER_N/C
                            (rising edge-triggered cell FDRE clocked by clk_pl_0  {rise@0.000ns fall@5.000ns period=10.000ns})
  Destination:            DPU_Block_i/dpu_axi_0/inst/dpu_axi_slave_lite_v1_0_S00_AXI_inst/dpu_inst/core_TL/core/genblk3[3].genblk1[4].macUnit/OUT_reg[3]/CLR
                            (recovery check against rising-edge clock clk_pl_0  {rise@0.000ns fall@5.000ns period=10.000ns})
  Path Group:             **async_default**
  Path Type:              Recovery (Max at Slow Process Corner)
  Requirement:            10.000ns  (clk_pl_0 rise@10.000ns - clk_pl_0 rise@0.000ns)
  Data Path Delay:        2.808ns  (logic 0.107ns (3.811%)  route 2.701ns (96.189%))
  Logic Levels:           1  (BUFGCE=1)
  Clock Path Skew:        -0.132ns (DCD - SCD + CPR)
    Destination Clock Delay (DCD):    1.592ns = ( 11.592 - 10.000 ) 
    Source Clock Delay      (SCD):    1.825ns
    Clock Pessimism Removal (CPR):    0.101ns
  Clock Uncertainty:      0.130ns  ((TSJ^2 + DJ^2)^1/2) / 2 + PE
    Total System Jitter     (TSJ):    0.071ns
    Discrete Jitter          (DJ):    0.250ns
    Phase Error              (PE):    0.000ns
  Clock Net Delay (Source):      1.626ns (routing 0.591ns, distribution 1.035ns)
  Clock Net Delay (Destination): 1.432ns (routing 0.533ns, distribution 0.899ns)

    Location             Delay type                Incr(ns)  Path(ns)    Netlist Resource(s)
  -------------------------------------------------------------------    -------------------
                         (clock clk_pl_0 rise edge)
                                                      0.000     0.000 r  
    PS8_X0Y0             PS8                          0.000     0.000 r  DPU_Block_i/zynq_ultra_ps_e_0/inst/PS8_i/PLCLK[0]
                         net (fo=1, routed)           0.171     0.171    DPU_Block_i/zynq_ultra_ps_e_0/inst/pl_clk_unbuffered[0]
    BUFG_PS_X0Y58        BUFG_PS (Prop_BUFG_PS_I_O)
                                                      0.028     0.199 r  DPU_Block_i/zynq_ultra_ps_e_0/inst/buffer_pl_clk_0.PL_CLK_0_BUFG/O
    X0Y1 (CLOCK_ROOT)    net (fo=10450, routed)       1.626     1.825    DPU_Block_i/proc_sys_reset_0/U0/slowest_sync_clk
    SLICE_X22Y118        FDRE                                         r  DPU_Block_i/proc_sys_reset_0/U0/ACTIVE_LOW_PR_OUT_DFF[0].FDRE_PER_N/C
  -------------------------------------------------------------------    -------------------
    SLICE_X22Y118        FDRE (Prop_EFF_SLICEL_C_Q)
                                                      0.079     1.904 r  DPU_Block_i/proc_sys_reset_0/U0/ACTIVE_LOW_PR_OUT_DFF[0].FDRE_PER_N/Q
                         net (fo=1, routed)           1.186     3.090    DPU_Block_i/proc_sys_reset_0/U0/peripheral_aresetn[0]_bufg_place
    BUFGCE_X0Y50         BUFGCE (Prop_BUFCE_BUFGCE_I_O)
                                                      0.028     3.118 r  DPU_Block_i/proc_sys_reset_0/U0/ACTIVE_LOW_PR_OUT_DFF[0].FDRE_PER_N_bufg_place/O
                         net (fo=2599, routed)        1.515     4.633    DPU_Block_i/dpu_axi_0/inst/dpu_axi_slave_lite_v1_0_S00_AXI_inst/dpu_inst/core_TL/core/genblk3[3].genblk1[4].macUnit/OUT_reg[19]_0
    SLICE_X9Y49          FDCE                                         f  DPU_Block_i/dpu_axi_0/inst/dpu_axi_slave_lite_v1_0_S00_AXI_inst/dpu_inst/core_TL/core/genblk3[3].genblk1[4].macUnit/OUT_reg[3]/CLR  (IS_INVERTED)
  -------------------------------------------------------------------    -------------------

                         (clock clk_pl_0 rise edge)
                                                     10.000    10.000 r  
    PS8_X0Y0             PS8                          0.000    10.000 r  DPU_Block_i/zynq_ultra_ps_e_0/inst/PS8_i/PLCLK[0]
                         net (fo=1, routed)           0.135    10.135    DPU_Block_i/zynq_ultra_ps_e_0/inst/pl_clk_unbuffered[0]
    BUFG_PS_X0Y58        BUFG_PS (Prop_BUFG_PS_I_O)
                                                      0.025    10.160 r  DPU_Block_i/zynq_ultra_ps_e_0/inst/buffer_pl_clk_0.PL_CLK_0_BUFG/O
    X0Y1 (CLOCK_ROOT)    net (fo=10450, routed)       1.432    11.592    DPU_Block_i/dpu_axi_0/inst/dpu_axi_slave_lite_v1_0_S00_AXI_inst/dpu_inst/core_TL/core/genblk3[3].genblk1[4].macUnit/s00_axi_aclk
    SLICE_X9Y49          FDCE                                         r  DPU_Block_i/dpu_axi_0/inst/dpu_axi_slave_lite_v1_0_S00_AXI_inst/dpu_inst/core_TL/core/genblk3[3].genblk1[4].macUnit/OUT_reg[3]/C
                         clock pessimism              0.101    11.693    
                         clock uncertainty           -0.130    11.563    
    SLICE_X9Y49          FDCE (Recov_DFF_SLICEM_C_CLR)
                                                     -0.066    11.497    DPU_Block_i/dpu_axi_0/inst/dpu_axi_slave_lite_v1_0_S00_AXI_inst/dpu_inst/core_TL/core/genblk3[3].genblk1[4].macUnit/OUT_reg[3]
  -------------------------------------------------------------------
                         required time                         11.497    
                         arrival time                          -4.633    
  -------------------------------------------------------------------
                         slack                                  6.864    

Slack (MET) :             6.865ns  (required time - arrival time)
  Source:                 DPU_Block_i/proc_sys_reset_0/U0/ACTIVE_LOW_PR_OUT_DFF[0].FDRE_PER_N/C
                            (rising edge-triggered cell FDRE clocked by clk_pl_0  {rise@0.000ns fall@5.000ns period=10.000ns})
  Destination:            DPU_Block_i/dpu_axi_0/inst/dpu_axi_slave_lite_v1_0_S00_AXI_inst/dpu_inst/core_TL/core/genblk3[3].genblk1[4].macUnit/OUT_reg[12]/CLR
                            (recovery check against rising-edge clock clk_pl_0  {rise@0.000ns fall@5.000ns period=10.000ns})
  Path Group:             **async_default**
  Path Type:              Recovery (Max at Slow Process Corner)
  Requirement:            10.000ns  (clk_pl_0 rise@10.000ns - clk_pl_0 rise@0.000ns)
  Data Path Delay:        2.806ns  (logic 0.107ns (3.813%)  route 2.699ns (96.187%))
  Logic Levels:           1  (BUFGCE=1)
  Clock Path Skew:        -0.133ns (DCD - SCD + CPR)
    Destination Clock Delay (DCD):    1.591ns = ( 11.591 - 10.000 ) 
    Source Clock Delay      (SCD):    1.825ns
    Clock Pessimism Removal (CPR):    0.101ns
  Clock Uncertainty:      0.130ns  ((TSJ^2 + DJ^2)^1/2) / 2 + PE
    Total System Jitter     (TSJ):    0.071ns
    Discrete Jitter          (DJ):    0.250ns
    Phase Error              (PE):    0.000ns
  Clock Net Delay (Source):      1.626ns (routing 0.591ns, distribution 1.035ns)
  Clock Net Delay (Destination): 1.431ns (routing 0.533ns, distribution 0.898ns)

    Location             Delay type                Incr(ns)  Path(ns)    Netlist Resource(s)
  -------------------------------------------------------------------    -------------------
                         (clock clk_pl_0 rise edge)
                                                      0.000     0.000 r  
    PS8_X0Y0             PS8                          0.000     0.000 r  DPU_Block_i/zynq_ultra_ps_e_0/inst/PS8_i/PLCLK[0]
                         net (fo=1, routed)           0.171     0.171    DPU_Block_i/zynq_ultra_ps_e_0/inst/pl_clk_unbuffered[0]
    BUFG_PS_X0Y58        BUFG_PS (Prop_BUFG_PS_I_O)
                                                      0.028     0.199 r  DPU_Block_i/zynq_ultra_ps_e_0/inst/buffer_pl_clk_0.PL_CLK_0_BUFG/O
    X0Y1 (CLOCK_ROOT)    net (fo=10450, routed)       1.626     1.825    DPU_Block_i/proc_sys_reset_0/U0/slowest_sync_clk
    SLICE_X22Y118        FDRE                                         r  DPU_Block_i/proc_sys_reset_0/U0/ACTIVE_LOW_PR_OUT_DFF[0].FDRE_PER_N/C
  -------------------------------------------------------------------    -------------------
    SLICE_X22Y118        FDRE (Prop_EFF_SLICEL_C_Q)
                                                      0.079     1.904 r  DPU_Block_i/proc_sys_reset_0/U0/ACTIVE_LOW_PR_OUT_DFF[0].FDRE_PER_N/Q
                         net (fo=1, routed)           1.186     3.090    DPU_Block_i/proc_sys_reset_0/U0/peripheral_aresetn[0]_bufg_place
    BUFGCE_X0Y50         BUFGCE (Prop_BUFCE_BUFGCE_I_O)
                                                      0.028     3.118 r  DPU_Block_i/proc_sys_reset_0/U0/ACTIVE_LOW_PR_OUT_DFF[0].FDRE_PER_N_bufg_place/O
                         net (fo=2599, routed)        1.513     4.631    DPU_Block_i/dpu_axi_0/inst/dpu_axi_slave_lite_v1_0_S00_AXI_inst/dpu_inst/core_TL/core/genblk3[3].genblk1[4].macUnit/OUT_reg[19]_0
    SLICE_X9Y50          FDCE                                         f  DPU_Block_i/dpu_axi_0/inst/dpu_axi_slave_lite_v1_0_S00_AXI_inst/dpu_inst/core_TL/core/genblk3[3].genblk1[4].macUnit/OUT_reg[12]/CLR  (IS_INVERTED)
  -------------------------------------------------------------------    -------------------

                         (clock clk_pl_0 rise edge)
                                                     10.000    10.000 r  
    PS8_X0Y0             PS8                          0.000    10.000 r  DPU_Block_i/zynq_ultra_ps_e_0/inst/PS8_i/PLCLK[0]
                         net (fo=1, routed)           0.135    10.135    DPU_Block_i/zynq_ultra_ps_e_0/inst/pl_clk_unbuffered[0]
    BUFG_PS_X0Y58        BUFG_PS (Prop_BUFG_PS_I_O)
                                                      0.025    10.160 r  DPU_Block_i/zynq_ultra_ps_e_0/inst/buffer_pl_clk_0.PL_CLK_0_BUFG/O
    X0Y1 (CLOCK_ROOT)    net (fo=10450, routed)       1.431    11.591    DPU_Block_i/dpu_axi_0/inst/dpu_axi_slave_lite_v1_0_S00_AXI_inst/dpu_inst/core_TL/core/genblk3[3].genblk1[4].macUnit/s00_axi_aclk
    SLICE_X9Y50          FDCE                                         r  DPU_Block_i/dpu_axi_0/inst/dpu_axi_slave_lite_v1_0_S00_AXI_inst/dpu_inst/core_TL/core/genblk3[3].genblk1[4].macUnit/OUT_reg[12]/C
                         clock pessimism              0.101    11.692    
                         clock uncertainty           -0.130    11.562    
    SLICE_X9Y50          FDCE (Recov_EFF_SLICEM_C_CLR)
                                                     -0.066    11.496    DPU_Block_i/dpu_axi_0/inst/dpu_axi_slave_lite_v1_0_S00_AXI_inst/dpu_inst/core_TL/core/genblk3[3].genblk1[4].macUnit/OUT_reg[12]
  -------------------------------------------------------------------
                         required time                         11.496    
                         arrival time                          -4.631    
  -------------------------------------------------------------------
                         slack                                  6.865    

Slack (MET) :             6.865ns  (required time - arrival time)
  Source:                 DPU_Block_i/proc_sys_reset_0/U0/ACTIVE_LOW_PR_OUT_DFF[0].FDRE_PER_N/C
                            (rising edge-triggered cell FDRE clocked by clk_pl_0  {rise@0.000ns fall@5.000ns period=10.000ns})
  Destination:            DPU_Block_i/dpu_axi_0/inst/dpu_axi_slave_lite_v1_0_S00_AXI_inst/dpu_inst/core_TL/core/genblk3[3].genblk1[4].macUnit/OUT_reg[13]/CLR
                            (recovery check against rising-edge clock clk_pl_0  {rise@0.000ns fall@5.000ns period=10.000ns})
  Path Group:             **async_default**
  Path Type:              Recovery (Max at Slow Process Corner)
  Requirement:            10.000ns  (clk_pl_0 rise@10.000ns - clk_pl_0 rise@0.000ns)
  Data Path Delay:        2.806ns  (logic 0.107ns (3.813%)  route 2.699ns (96.187%))
  Logic Levels:           1  (BUFGCE=1)
  Clock Path Skew:        -0.133ns (DCD - SCD + CPR)
    Destination Clock Delay (DCD):    1.591ns = ( 11.591 - 10.000 ) 
    Source Clock Delay      (SCD):    1.825ns
    Clock Pessimism Removal (CPR):    0.101ns
  Clock Uncertainty:      0.130ns  ((TSJ^2 + DJ^2)^1/2) / 2 + PE
    Total System Jitter     (TSJ):    0.071ns
    Discrete Jitter          (DJ):    0.250ns
    Phase Error              (PE):    0.000ns
  Clock Net Delay (Source):      1.626ns (routing 0.591ns, distribution 1.035ns)
  Clock Net Delay (Destination): 1.431ns (routing 0.533ns, distribution 0.898ns)

    Location             Delay type                Incr(ns)  Path(ns)    Netlist Resource(s)
  -------------------------------------------------------------------    -------------------
                         (clock clk_pl_0 rise edge)
                                                      0.000     0.000 r  
    PS8_X0Y0             PS8                          0.000     0.000 r  DPU_Block_i/zynq_ultra_ps_e_0/inst/PS8_i/PLCLK[0]
                         net (fo=1, routed)           0.171     0.171    DPU_Block_i/zynq_ultra_ps_e_0/inst/pl_clk_unbuffered[0]
    BUFG_PS_X0Y58        BUFG_PS (Prop_BUFG_PS_I_O)
                                                      0.028     0.199 r  DPU_Block_i/zynq_ultra_ps_e_0/inst/buffer_pl_clk_0.PL_CLK_0_BUFG/O
    X0Y1 (CLOCK_ROOT)    net (fo=10450, routed)       1.626     1.825    DPU_Block_i/proc_sys_reset_0/U0/slowest_sync_clk
    SLICE_X22Y118        FDRE                                         r  DPU_Block_i/proc_sys_reset_0/U0/ACTIVE_LOW_PR_OUT_DFF[0].FDRE_PER_N/C
  -------------------------------------------------------------------    -------------------
    SLICE_X22Y118        FDRE (Prop_EFF_SLICEL_C_Q)
                                                      0.079     1.904 r  DPU_Block_i/proc_sys_reset_0/U0/ACTIVE_LOW_PR_OUT_DFF[0].FDRE_PER_N/Q
                         net (fo=1, routed)           1.186     3.090    DPU_Block_i/proc_sys_reset_0/U0/peripheral_aresetn[0]_bufg_place
    BUFGCE_X0Y50         BUFGCE (Prop_BUFCE_BUFGCE_I_O)
                                                      0.028     3.118 r  DPU_Block_i/proc_sys_reset_0/U0/ACTIVE_LOW_PR_OUT_DFF[0].FDRE_PER_N_bufg_place/O
                         net (fo=2599, routed)        1.513     4.631    DPU_Block_i/dpu_axi_0/inst/dpu_axi_slave_lite_v1_0_S00_AXI_inst/dpu_inst/core_TL/core/genblk3[3].genblk1[4].macUnit/OUT_reg[19]_0
    SLICE_X9Y50          FDCE                                         f  DPU_Block_i/dpu_axi_0/inst/dpu_axi_slave_lite_v1_0_S00_AXI_inst/dpu_inst/core_TL/core/genblk3[3].genblk1[4].macUnit/OUT_reg[13]/CLR  (IS_INVERTED)
  -------------------------------------------------------------------    -------------------

                         (clock clk_pl_0 rise edge)
                                                     10.000    10.000 r  
    PS8_X0Y0             PS8                          0.000    10.000 r  DPU_Block_i/zynq_ultra_ps_e_0/inst/PS8_i/PLCLK[0]
                         net (fo=1, routed)           0.135    10.135    DPU_Block_i/zynq_ultra_ps_e_0/inst/pl_clk_unbuffered[0]
    BUFG_PS_X0Y58        BUFG_PS (Prop_BUFG_PS_I_O)
                                                      0.025    10.160 r  DPU_Block_i/zynq_ultra_ps_e_0/inst/buffer_pl_clk_0.PL_CLK_0_BUFG/O
    X0Y1 (CLOCK_ROOT)    net (fo=10450, routed)       1.431    11.591    DPU_Block_i/dpu_axi_0/inst/dpu_axi_slave_lite_v1_0_S00_AXI_inst/dpu_inst/core_TL/core/genblk3[3].genblk1[4].macUnit/s00_axi_aclk
    SLICE_X9Y50          FDCE                                         r  DPU_Block_i/dpu_axi_0/inst/dpu_axi_slave_lite_v1_0_S00_AXI_inst/dpu_inst/core_TL/core/genblk3[3].genblk1[4].macUnit/OUT_reg[13]/C
                         clock pessimism              0.101    11.692    
                         clock uncertainty           -0.130    11.562    
    SLICE_X9Y50          FDCE (Recov_FFF_SLICEM_C_CLR)
                                                     -0.066    11.496    DPU_Block_i/dpu_axi_0/inst/dpu_axi_slave_lite_v1_0_S00_AXI_inst/dpu_inst/core_TL/core/genblk3[3].genblk1[4].macUnit/OUT_reg[13]
  -------------------------------------------------------------------
                         required time                         11.496    
                         arrival time                          -4.631    
  -------------------------------------------------------------------
                         slack                                  6.865    





Min Delay Paths
--------------------------------------------------------------------------------------
Slack (MET) :             1.305ns  (arrival time - required time)
  Source:                 DPU_Block_i/proc_sys_reset_0/U0/ACTIVE_LOW_PR_OUT_DFF[0].FDRE_PER_N/C
                            (rising edge-triggered cell FDRE clocked by clk_pl_0  {rise@0.000ns fall@5.000ns period=10.000ns})
  Destination:            DPU_Block_i/dpu_axi_0/inst/dpu_axi_slave_lite_v1_0_S00_AXI_inst/dpu_inst/core_TL/core/genblk3[5].genblk1[2].macUnit/carryout_w_reg[4]/CLR
                            (removal check against rising-edge clock clk_pl_0  {rise@0.000ns fall@5.000ns period=10.000ns})
  Path Group:             **async_default**
  Path Type:              Removal (Min at Fast Process Corner)
  Requirement:            0.000ns  (clk_pl_0 rise@0.000ns - clk_pl_0 rise@0.000ns)
  Data Path Delay:        1.368ns  (logic 0.056ns (4.094%)  route 1.312ns (95.906%))
  Logic Levels:           1  (BUFGCE=1)
  Clock Path Skew:        0.083ns (DCD - SCD - CPR)
    Destination Clock Delay (DCD):    1.187ns
    Source Clock Delay      (SCD):    1.004ns
    Clock Pessimism Removal (CPR):    0.101ns
  Clock Net Delay (Source):      0.893ns (routing 0.324ns, distribution 0.569ns)
  Clock Net Delay (Destination): 1.049ns (routing 0.365ns, distribution 0.684ns)

    Location             Delay type                Incr(ns)  Path(ns)    Netlist Resource(s)
  -------------------------------------------------------------------    -------------------
                         (clock clk_pl_0 rise edge)
                                                      0.000     0.000 r  
    PS8_X0Y0             PS8                          0.000     0.000 r  DPU_Block_i/zynq_ultra_ps_e_0/inst/PS8_i/PLCLK[0]
                         net (fo=1, routed)           0.094     0.094    DPU_Block_i/zynq_ultra_ps_e_0/inst/pl_clk_unbuffered[0]
    BUFG_PS_X0Y58        BUFG_PS (Prop_BUFG_PS_I_O)
                                                      0.017     0.111 r  DPU_Block_i/zynq_ultra_ps_e_0/inst/buffer_pl_clk_0.PL_CLK_0_BUFG/O
    X0Y1 (CLOCK_ROOT)    net (fo=10450, routed)       0.893     1.004    DPU_Block_i/proc_sys_reset_0/U0/slowest_sync_clk
    SLICE_X22Y118        FDRE                                         r  DPU_Block_i/proc_sys_reset_0/U0/ACTIVE_LOW_PR_OUT_DFF[0].FDRE_PER_N/C
  -------------------------------------------------------------------    -------------------
    SLICE_X22Y118        FDRE (Prop_EFF_SLICEL_C_Q)
                                                      0.039     1.043 r  DPU_Block_i/proc_sys_reset_0/U0/ACTIVE_LOW_PR_OUT_DFF[0].FDRE_PER_N/Q
                         net (fo=1, routed)           0.625     1.668    DPU_Block_i/proc_sys_reset_0/U0/peripheral_aresetn[0]_bufg_place
    BUFGCE_X0Y50         BUFGCE (Prop_BUFCE_BUFGCE_I_O)
                                                      0.017     1.685 r  DPU_Block_i/proc_sys_reset_0/U0/ACTIVE_LOW_PR_OUT_DFF[0].FDRE_PER_N_bufg_place/O
                         net (fo=2599, routed)        0.687     2.372    DPU_Block_i/dpu_axi_0/inst/dpu_axi_slave_lite_v1_0_S00_AXI_inst/dpu_inst/core_TL/core/genblk3[5].genblk1[2].macUnit/OUT_reg[19]_0
    SLICE_X29Y72         FDCE                                         f  DPU_Block_i/dpu_axi_0/inst/dpu_axi_slave_lite_v1_0_S00_AXI_inst/dpu_inst/core_TL/core/genblk3[5].genblk1[2].macUnit/carryout_w_reg[4]/CLR  (IS_INVERTED)
  -------------------------------------------------------------------    -------------------

                         (clock clk_pl_0 rise edge)
                                                      0.000     0.000 r  
    PS8_X0Y0             PS8                          0.000     0.000 r  DPU_Block_i/zynq_ultra_ps_e_0/inst/PS8_i/PLCLK[0]
                         net (fo=1, routed)           0.120     0.120    DPU_Block_i/zynq_ultra_ps_e_0/inst/pl_clk_unbuffered[0]
    BUFG_PS_X0Y58        BUFG_PS (Prop_BUFG_PS_I_O)
                                                      0.018     0.138 r  DPU_Block_i/zynq_ultra_ps_e_0/inst/buffer_pl_clk_0.PL_CLK_0_BUFG/O
    X0Y1 (CLOCK_ROOT)    net (fo=10450, routed)       1.049     1.187    DPU_Block_i/dpu_axi_0/inst/dpu_axi_slave_lite_v1_0_S00_AXI_inst/dpu_inst/core_TL/core/genblk3[5].genblk1[2].macUnit/s00_axi_aclk
    SLICE_X29Y72         FDCE                                         r  DPU_Block_i/dpu_axi_0/inst/dpu_axi_slave_lite_v1_0_S00_AXI_inst/dpu_inst/core_TL/core/genblk3[5].genblk1[2].macUnit/carryout_w_reg[4]/C
                         clock pessimism             -0.101     1.086    
    SLICE_X29Y72         FDCE (Remov_DFF_SLICEM_C_CLR)
                                                     -0.020     1.066    DPU_Block_i/dpu_axi_0/inst/dpu_axi_slave_lite_v1_0_S00_AXI_inst/dpu_inst/core_TL/core/genblk3[5].genblk1[2].macUnit/carryout_w_reg[4]
  -------------------------------------------------------------------
                         required time                         -1.066    
                         arrival time                           2.372    
  -------------------------------------------------------------------
                         slack                                  1.305    

Slack (MET) :             1.305ns  (arrival time - required time)
  Source:                 DPU_Block_i/proc_sys_reset_0/U0/ACTIVE_LOW_PR_OUT_DFF[0].FDRE_PER_N/C
                            (rising edge-triggered cell FDRE clocked by clk_pl_0  {rise@0.000ns fall@5.000ns period=10.000ns})
  Destination:            DPU_Block_i/dpu_axi_0/inst/dpu_axi_slave_lite_v1_0_S00_AXI_inst/dpu_inst/core_TL/core/genblk3[5].genblk1[2].macUnit/carryout_w_reg[5]/CLR
                            (removal check against rising-edge clock clk_pl_0  {rise@0.000ns fall@5.000ns period=10.000ns})
  Path Group:             **async_default**
  Path Type:              Removal (Min at Fast Process Corner)
  Requirement:            0.000ns  (clk_pl_0 rise@0.000ns - clk_pl_0 rise@0.000ns)
  Data Path Delay:        1.368ns  (logic 0.056ns (4.094%)  route 1.312ns (95.906%))
  Logic Levels:           1  (BUFGCE=1)
  Clock Path Skew:        0.083ns (DCD - SCD - CPR)
    Destination Clock Delay (DCD):    1.187ns
    Source Clock Delay      (SCD):    1.004ns
    Clock Pessimism Removal (CPR):    0.101ns
  Clock Net Delay (Source):      0.893ns (routing 0.324ns, distribution 0.569ns)
  Clock Net Delay (Destination): 1.049ns (routing 0.365ns, distribution 0.684ns)

    Location             Delay type                Incr(ns)  Path(ns)    Netlist Resource(s)
  -------------------------------------------------------------------    -------------------
                         (clock clk_pl_0 rise edge)
                                                      0.000     0.000 r  
    PS8_X0Y0             PS8                          0.000     0.000 r  DPU_Block_i/zynq_ultra_ps_e_0/inst/PS8_i/PLCLK[0]
                         net (fo=1, routed)           0.094     0.094    DPU_Block_i/zynq_ultra_ps_e_0/inst/pl_clk_unbuffered[0]
    BUFG_PS_X0Y58        BUFG_PS (Prop_BUFG_PS_I_O)
                                                      0.017     0.111 r  DPU_Block_i/zynq_ultra_ps_e_0/inst/buffer_pl_clk_0.PL_CLK_0_BUFG/O
    X0Y1 (CLOCK_ROOT)    net (fo=10450, routed)       0.893     1.004    DPU_Block_i/proc_sys_reset_0/U0/slowest_sync_clk
    SLICE_X22Y118        FDRE                                         r  DPU_Block_i/proc_sys_reset_0/U0/ACTIVE_LOW_PR_OUT_DFF[0].FDRE_PER_N/C
  -------------------------------------------------------------------    -------------------
    SLICE_X22Y118        FDRE (Prop_EFF_SLICEL_C_Q)
                                                      0.039     1.043 r  DPU_Block_i/proc_sys_reset_0/U0/ACTIVE_LOW_PR_OUT_DFF[0].FDRE_PER_N/Q
                         net (fo=1, routed)           0.625     1.668    DPU_Block_i/proc_sys_reset_0/U0/peripheral_aresetn[0]_bufg_place
    BUFGCE_X0Y50         BUFGCE (Prop_BUFCE_BUFGCE_I_O)
                                                      0.017     1.685 r  DPU_Block_i/proc_sys_reset_0/U0/ACTIVE_LOW_PR_OUT_DFF[0].FDRE_PER_N_bufg_place/O
                         net (fo=2599, routed)        0.687     2.372    DPU_Block_i/dpu_axi_0/inst/dpu_axi_slave_lite_v1_0_S00_AXI_inst/dpu_inst/core_TL/core/genblk3[5].genblk1[2].macUnit/OUT_reg[19]_0
    SLICE_X29Y72         FDCE                                         f  DPU_Block_i/dpu_axi_0/inst/dpu_axi_slave_lite_v1_0_S00_AXI_inst/dpu_inst/core_TL/core/genblk3[5].genblk1[2].macUnit/carryout_w_reg[5]/CLR  (IS_INVERTED)
  -------------------------------------------------------------------    -------------------

                         (clock clk_pl_0 rise edge)
                                                      0.000     0.000 r  
    PS8_X0Y0             PS8                          0.000     0.000 r  DPU_Block_i/zynq_ultra_ps_e_0/inst/PS8_i/PLCLK[0]
                         net (fo=1, routed)           0.120     0.120    DPU_Block_i/zynq_ultra_ps_e_0/inst/pl_clk_unbuffered[0]
    BUFG_PS_X0Y58        BUFG_PS (Prop_BUFG_PS_I_O)
                                                      0.018     0.138 r  DPU_Block_i/zynq_ultra_ps_e_0/inst/buffer_pl_clk_0.PL_CLK_0_BUFG/O
    X0Y1 (CLOCK_ROOT)    net (fo=10450, routed)       1.049     1.187    DPU_Block_i/dpu_axi_0/inst/dpu_axi_slave_lite_v1_0_S00_AXI_inst/dpu_inst/core_TL/core/genblk3[5].genblk1[2].macUnit/s00_axi_aclk
    SLICE_X29Y72         FDCE                                         r  DPU_Block_i/dpu_axi_0/inst/dpu_axi_slave_lite_v1_0_S00_AXI_inst/dpu_inst/core_TL/core/genblk3[5].genblk1[2].macUnit/carryout_w_reg[5]/C
                         clock pessimism             -0.101     1.086    
    SLICE_X29Y72         FDCE (Remov_DFF2_SLICEM_C_CLR)
                                                     -0.020     1.066    DPU_Block_i/dpu_axi_0/inst/dpu_axi_slave_lite_v1_0_S00_AXI_inst/dpu_inst/core_TL/core/genblk3[5].genblk1[2].macUnit/carryout_w_reg[5]
  -------------------------------------------------------------------
                         required time                         -1.066    
                         arrival time                           2.372    
  -------------------------------------------------------------------
                         slack                                  1.305    

Slack (MET) :             1.305ns  (arrival time - required time)
  Source:                 DPU_Block_i/proc_sys_reset_0/U0/ACTIVE_LOW_PR_OUT_DFF[0].FDRE_PER_N/C
                            (rising edge-triggered cell FDRE clocked by clk_pl_0  {rise@0.000ns fall@5.000ns period=10.000ns})
  Destination:            DPU_Block_i/dpu_axi_0/inst/dpu_axi_slave_lite_v1_0_S00_AXI_inst/dpu_inst/core_TL/core/genblk3[5].genblk1[2].macUnit/carryout_w_reg[6]/CLR
                            (removal check against rising-edge clock clk_pl_0  {rise@0.000ns fall@5.000ns period=10.000ns})
  Path Group:             **async_default**
  Path Type:              Removal (Min at Fast Process Corner)
  Requirement:            0.000ns  (clk_pl_0 rise@0.000ns - clk_pl_0 rise@0.000ns)
  Data Path Delay:        1.368ns  (logic 0.056ns (4.094%)  route 1.312ns (95.906%))
  Logic Levels:           1  (BUFGCE=1)
  Clock Path Skew:        0.083ns (DCD - SCD - CPR)
    Destination Clock Delay (DCD):    1.187ns
    Source Clock Delay      (SCD):    1.004ns
    Clock Pessimism Removal (CPR):    0.101ns
  Clock Net Delay (Source):      0.893ns (routing 0.324ns, distribution 0.569ns)
  Clock Net Delay (Destination): 1.049ns (routing 0.365ns, distribution 0.684ns)

    Location             Delay type                Incr(ns)  Path(ns)    Netlist Resource(s)
  -------------------------------------------------------------------    -------------------
                         (clock clk_pl_0 rise edge)
                                                      0.000     0.000 r  
    PS8_X0Y0             PS8                          0.000     0.000 r  DPU_Block_i/zynq_ultra_ps_e_0/inst/PS8_i/PLCLK[0]
                         net (fo=1, routed)           0.094     0.094    DPU_Block_i/zynq_ultra_ps_e_0/inst/pl_clk_unbuffered[0]
    BUFG_PS_X0Y58        BUFG_PS (Prop_BUFG_PS_I_O)
                                                      0.017     0.111 r  DPU_Block_i/zynq_ultra_ps_e_0/inst/buffer_pl_clk_0.PL_CLK_0_BUFG/O
    X0Y1 (CLOCK_ROOT)    net (fo=10450, routed)       0.893     1.004    DPU_Block_i/proc_sys_reset_0/U0/slowest_sync_clk
    SLICE_X22Y118        FDRE                                         r  DPU_Block_i/proc_sys_reset_0/U0/ACTIVE_LOW_PR_OUT_DFF[0].FDRE_PER_N/C
  -------------------------------------------------------------------    -------------------
    SLICE_X22Y118        FDRE (Prop_EFF_SLICEL_C_Q)
                                                      0.039     1.043 r  DPU_Block_i/proc_sys_reset_0/U0/ACTIVE_LOW_PR_OUT_DFF[0].FDRE_PER_N/Q
                         net (fo=1, routed)           0.625     1.668    DPU_Block_i/proc_sys_reset_0/U0/peripheral_aresetn[0]_bufg_place
    BUFGCE_X0Y50         BUFGCE (Prop_BUFCE_BUFGCE_I_O)
                                                      0.017     1.685 r  DPU_Block_i/proc_sys_reset_0/U0/ACTIVE_LOW_PR_OUT_DFF[0].FDRE_PER_N_bufg_place/O
                         net (fo=2599, routed)        0.687     2.372    DPU_Block_i/dpu_axi_0/inst/dpu_axi_slave_lite_v1_0_S00_AXI_inst/dpu_inst/core_TL/core/genblk3[5].genblk1[2].macUnit/OUT_reg[19]_0
    SLICE_X29Y72         FDCE                                         f  DPU_Block_i/dpu_axi_0/inst/dpu_axi_slave_lite_v1_0_S00_AXI_inst/dpu_inst/core_TL/core/genblk3[5].genblk1[2].macUnit/carryout_w_reg[6]/CLR  (IS_INVERTED)
  -------------------------------------------------------------------    -------------------

                         (clock clk_pl_0 rise edge)
                                                      0.000     0.000 r  
    PS8_X0Y0             PS8                          0.000     0.000 r  DPU_Block_i/zynq_ultra_ps_e_0/inst/PS8_i/PLCLK[0]
                         net (fo=1, routed)           0.120     0.120    DPU_Block_i/zynq_ultra_ps_e_0/inst/pl_clk_unbuffered[0]
    BUFG_PS_X0Y58        BUFG_PS (Prop_BUFG_PS_I_O)
                                                      0.018     0.138 r  DPU_Block_i/zynq_ultra_ps_e_0/inst/buffer_pl_clk_0.PL_CLK_0_BUFG/O
    X0Y1 (CLOCK_ROOT)    net (fo=10450, routed)       1.049     1.187    DPU_Block_i/dpu_axi_0/inst/dpu_axi_slave_lite_v1_0_S00_AXI_inst/dpu_inst/core_TL/core/genblk3[5].genblk1[2].macUnit/s00_axi_aclk
    SLICE_X29Y72         FDCE                                         r  DPU_Block_i/dpu_axi_0/inst/dpu_axi_slave_lite_v1_0_S00_AXI_inst/dpu_inst/core_TL/core/genblk3[5].genblk1[2].macUnit/carryout_w_reg[6]/C
                         clock pessimism             -0.101     1.086    
    SLICE_X29Y72         FDCE (Remov_CFF_SLICEM_C_CLR)
                                                     -0.020     1.066    DPU_Block_i/dpu_axi_0/inst/dpu_axi_slave_lite_v1_0_S00_AXI_inst/dpu_inst/core_TL/core/genblk3[5].genblk1[2].macUnit/carryout_w_reg[6]
  -------------------------------------------------------------------
                         required time                         -1.066    
                         arrival time                           2.372    
  -------------------------------------------------------------------
                         slack                                  1.305    

Slack (MET) :             1.305ns  (arrival time - required time)
  Source:                 DPU_Block_i/proc_sys_reset_0/U0/ACTIVE_LOW_PR_OUT_DFF[0].FDRE_PER_N/C
                            (rising edge-triggered cell FDRE clocked by clk_pl_0  {rise@0.000ns fall@5.000ns period=10.000ns})
  Destination:            DPU_Block_i/dpu_axi_0/inst/dpu_axi_slave_lite_v1_0_S00_AXI_inst/dpu_inst/core_TL/core/genblk3[5].genblk1[2].macUnit/carryout_w_reg[7]/CLR
                            (removal check against rising-edge clock clk_pl_0  {rise@0.000ns fall@5.000ns period=10.000ns})
  Path Group:             **async_default**
  Path Type:              Removal (Min at Fast Process Corner)
  Requirement:            0.000ns  (clk_pl_0 rise@0.000ns - clk_pl_0 rise@0.000ns)
  Data Path Delay:        1.368ns  (logic 0.056ns (4.094%)  route 1.312ns (95.906%))
  Logic Levels:           1  (BUFGCE=1)
  Clock Path Skew:        0.083ns (DCD - SCD - CPR)
    Destination Clock Delay (DCD):    1.187ns
    Source Clock Delay      (SCD):    1.004ns
    Clock Pessimism Removal (CPR):    0.101ns
  Clock Net Delay (Source):      0.893ns (routing 0.324ns, distribution 0.569ns)
  Clock Net Delay (Destination): 1.049ns (routing 0.365ns, distribution 0.684ns)

    Location             Delay type                Incr(ns)  Path(ns)    Netlist Resource(s)
  -------------------------------------------------------------------    -------------------
                         (clock clk_pl_0 rise edge)
                                                      0.000     0.000 r  
    PS8_X0Y0             PS8                          0.000     0.000 r  DPU_Block_i/zynq_ultra_ps_e_0/inst/PS8_i/PLCLK[0]
                         net (fo=1, routed)           0.094     0.094    DPU_Block_i/zynq_ultra_ps_e_0/inst/pl_clk_unbuffered[0]
    BUFG_PS_X0Y58        BUFG_PS (Prop_BUFG_PS_I_O)
                                                      0.017     0.111 r  DPU_Block_i/zynq_ultra_ps_e_0/inst/buffer_pl_clk_0.PL_CLK_0_BUFG/O
    X0Y1 (CLOCK_ROOT)    net (fo=10450, routed)       0.893     1.004    DPU_Block_i/proc_sys_reset_0/U0/slowest_sync_clk
    SLICE_X22Y118        FDRE                                         r  DPU_Block_i/proc_sys_reset_0/U0/ACTIVE_LOW_PR_OUT_DFF[0].FDRE_PER_N/C
  -------------------------------------------------------------------    -------------------
    SLICE_X22Y118        FDRE (Prop_EFF_SLICEL_C_Q)
                                                      0.039     1.043 r  DPU_Block_i/proc_sys_reset_0/U0/ACTIVE_LOW_PR_OUT_DFF[0].FDRE_PER_N/Q
                         net (fo=1, routed)           0.625     1.668    DPU_Block_i/proc_sys_reset_0/U0/peripheral_aresetn[0]_bufg_place
    BUFGCE_X0Y50         BUFGCE (Prop_BUFCE_BUFGCE_I_O)
                                                      0.017     1.685 r  DPU_Block_i/proc_sys_reset_0/U0/ACTIVE_LOW_PR_OUT_DFF[0].FDRE_PER_N_bufg_place/O
                         net (fo=2599, routed)        0.687     2.372    DPU_Block_i/dpu_axi_0/inst/dpu_axi_slave_lite_v1_0_S00_AXI_inst/dpu_inst/core_TL/core/genblk3[5].genblk1[2].macUnit/OUT_reg[19]_0
    SLICE_X29Y72         FDCE                                         f  DPU_Block_i/dpu_axi_0/inst/dpu_axi_slave_lite_v1_0_S00_AXI_inst/dpu_inst/core_TL/core/genblk3[5].genblk1[2].macUnit/carryout_w_reg[7]/CLR  (IS_INVERTED)
  -------------------------------------------------------------------    -------------------

                         (clock clk_pl_0 rise edge)
                                                      0.000     0.000 r  
    PS8_X0Y0             PS8                          0.000     0.000 r  DPU_Block_i/zynq_ultra_ps_e_0/inst/PS8_i/PLCLK[0]
                         net (fo=1, routed)           0.120     0.120    DPU_Block_i/zynq_ultra_ps_e_0/inst/pl_clk_unbuffered[0]
    BUFG_PS_X0Y58        BUFG_PS (Prop_BUFG_PS_I_O)
                                                      0.018     0.138 r  DPU_Block_i/zynq_ultra_ps_e_0/inst/buffer_pl_clk_0.PL_CLK_0_BUFG/O
    X0Y1 (CLOCK_ROOT)    net (fo=10450, routed)       1.049     1.187    DPU_Block_i/dpu_axi_0/inst/dpu_axi_slave_lite_v1_0_S00_AXI_inst/dpu_inst/core_TL/core/genblk3[5].genblk1[2].macUnit/s00_axi_aclk
    SLICE_X29Y72         FDCE                                         r  DPU_Block_i/dpu_axi_0/inst/dpu_axi_slave_lite_v1_0_S00_AXI_inst/dpu_inst/core_TL/core/genblk3[5].genblk1[2].macUnit/carryout_w_reg[7]/C
                         clock pessimism             -0.101     1.086    
    SLICE_X29Y72         FDCE (Remov_CFF2_SLICEM_C_CLR)
                                                     -0.020     1.066    DPU_Block_i/dpu_axi_0/inst/dpu_axi_slave_lite_v1_0_S00_AXI_inst/dpu_inst/core_TL/core/genblk3[5].genblk1[2].macUnit/carryout_w_reg[7]
  -------------------------------------------------------------------
                         required time                         -1.066    
                         arrival time                           2.372    
  -------------------------------------------------------------------
                         slack                                  1.305    

Slack (MET) :             1.305ns  (arrival time - required time)
  Source:                 DPU_Block_i/proc_sys_reset_0/U0/ACTIVE_LOW_PR_OUT_DFF[0].FDRE_PER_N/C
                            (rising edge-triggered cell FDRE clocked by clk_pl_0  {rise@0.000ns fall@5.000ns period=10.000ns})
  Destination:            DPU_Block_i/dpu_axi_0/inst/dpu_axi_slave_lite_v1_0_S00_AXI_inst/dpu_inst/core_TL/core/genblk3[6].genblk1[2].macUnit/carryout_w_reg[4]/CLR
                            (removal check against rising-edge clock clk_pl_0  {rise@0.000ns fall@5.000ns period=10.000ns})
  Path Group:             **async_default**
  Path Type:              Removal (Min at Fast Process Corner)
  Requirement:            0.000ns  (clk_pl_0 rise@0.000ns - clk_pl_0 rise@0.000ns)
  Data Path Delay:        1.369ns  (logic 0.056ns (4.091%)  route 1.313ns (95.909%))
  Logic Levels:           1  (BUFGCE=1)
  Clock Path Skew:        0.084ns (DCD - SCD - CPR)
    Destination Clock Delay (DCD):    1.188ns
    Source Clock Delay      (SCD):    1.004ns
    Clock Pessimism Removal (CPR):    0.101ns
  Clock Net Delay (Source):      0.893ns (routing 0.324ns, distribution 0.569ns)
  Clock Net Delay (Destination): 1.050ns (routing 0.365ns, distribution 0.685ns)

    Location             Delay type                Incr(ns)  Path(ns)    Netlist Resource(s)
  -------------------------------------------------------------------    -------------------
                         (clock clk_pl_0 rise edge)
                                                      0.000     0.000 r  
    PS8_X0Y0             PS8                          0.000     0.000 r  DPU_Block_i/zynq_ultra_ps_e_0/inst/PS8_i/PLCLK[0]
                         net (fo=1, routed)           0.094     0.094    DPU_Block_i/zynq_ultra_ps_e_0/inst/pl_clk_unbuffered[0]
    BUFG_PS_X0Y58        BUFG_PS (Prop_BUFG_PS_I_O)
                                                      0.017     0.111 r  DPU_Block_i/zynq_ultra_ps_e_0/inst/buffer_pl_clk_0.PL_CLK_0_BUFG/O
    X0Y1 (CLOCK_ROOT)    net (fo=10450, routed)       0.893     1.004    DPU_Block_i/proc_sys_reset_0/U0/slowest_sync_clk
    SLICE_X22Y118        FDRE                                         r  DPU_Block_i/proc_sys_reset_0/U0/ACTIVE_LOW_PR_OUT_DFF[0].FDRE_PER_N/C
  -------------------------------------------------------------------    -------------------
    SLICE_X22Y118        FDRE (Prop_EFF_SLICEL_C_Q)
                                                      0.039     1.043 r  DPU_Block_i/proc_sys_reset_0/U0/ACTIVE_LOW_PR_OUT_DFF[0].FDRE_PER_N/Q
                         net (fo=1, routed)           0.625     1.668    DPU_Block_i/proc_sys_reset_0/U0/peripheral_aresetn[0]_bufg_place
    BUFGCE_X0Y50         BUFGCE (Prop_BUFCE_BUFGCE_I_O)
                                                      0.017     1.685 r  DPU_Block_i/proc_sys_reset_0/U0/ACTIVE_LOW_PR_OUT_DFF[0].FDRE_PER_N_bufg_place/O
                         net (fo=2599, routed)        0.688     2.373    DPU_Block_i/dpu_axi_0/inst/dpu_axi_slave_lite_v1_0_S00_AXI_inst/dpu_inst/core_TL/core/genblk3[6].genblk1[2].macUnit/OUT_reg[19]_0
    SLICE_X29Y68         FDCE                                         f  DPU_Block_i/dpu_axi_0/inst/dpu_axi_slave_lite_v1_0_S00_AXI_inst/dpu_inst/core_TL/core/genblk3[6].genblk1[2].macUnit/carryout_w_reg[4]/CLR  (IS_INVERTED)
  -------------------------------------------------------------------    -------------------

                         (clock clk_pl_0 rise edge)
                                                      0.000     0.000 r  
    PS8_X0Y0             PS8                          0.000     0.000 r  DPU_Block_i/zynq_ultra_ps_e_0/inst/PS8_i/PLCLK[0]
                         net (fo=1, routed)           0.120     0.120    DPU_Block_i/zynq_ultra_ps_e_0/inst/pl_clk_unbuffered[0]
    BUFG_PS_X0Y58        BUFG_PS (Prop_BUFG_PS_I_O)
                                                      0.018     0.138 r  DPU_Block_i/zynq_ultra_ps_e_0/inst/buffer_pl_clk_0.PL_CLK_0_BUFG/O
    X0Y1 (CLOCK_ROOT)    net (fo=10450, routed)       1.050     1.188    DPU_Block_i/dpu_axi_0/inst/dpu_axi_slave_lite_v1_0_S00_AXI_inst/dpu_inst/core_TL/core/genblk3[6].genblk1[2].macUnit/s00_axi_aclk
    SLICE_X29Y68         FDCE                                         r  DPU_Block_i/dpu_axi_0/inst/dpu_axi_slave_lite_v1_0_S00_AXI_inst/dpu_inst/core_TL/core/genblk3[6].genblk1[2].macUnit/carryout_w_reg[4]/C
                         clock pessimism             -0.101     1.087    
    SLICE_X29Y68         FDCE (Remov_DFF_SLICEM_C_CLR)
                                                     -0.020     1.067    DPU_Block_i/dpu_axi_0/inst/dpu_axi_slave_lite_v1_0_S00_AXI_inst/dpu_inst/core_TL/core/genblk3[6].genblk1[2].macUnit/carryout_w_reg[4]
  -------------------------------------------------------------------
                         required time                         -1.067    
                         arrival time                           2.373    
  -------------------------------------------------------------------
                         slack                                  1.305    

Slack (MET) :             1.305ns  (arrival time - required time)
  Source:                 DPU_Block_i/proc_sys_reset_0/U0/ACTIVE_LOW_PR_OUT_DFF[0].FDRE_PER_N/C
                            (rising edge-triggered cell FDRE clocked by clk_pl_0  {rise@0.000ns fall@5.000ns period=10.000ns})
  Destination:            DPU_Block_i/dpu_axi_0/inst/dpu_axi_slave_lite_v1_0_S00_AXI_inst/dpu_inst/core_TL/core/genblk3[6].genblk1[2].macUnit/carryout_w_reg[5]/CLR
                            (removal check against rising-edge clock clk_pl_0  {rise@0.000ns fall@5.000ns period=10.000ns})
  Path Group:             **async_default**
  Path Type:              Removal (Min at Fast Process Corner)
  Requirement:            0.000ns  (clk_pl_0 rise@0.000ns - clk_pl_0 rise@0.000ns)
  Data Path Delay:        1.369ns  (logic 0.056ns (4.091%)  route 1.313ns (95.909%))
  Logic Levels:           1  (BUFGCE=1)
  Clock Path Skew:        0.084ns (DCD - SCD - CPR)
    Destination Clock Delay (DCD):    1.188ns
    Source Clock Delay      (SCD):    1.004ns
    Clock Pessimism Removal (CPR):    0.101ns
  Clock Net Delay (Source):      0.893ns (routing 0.324ns, distribution 0.569ns)
  Clock Net Delay (Destination): 1.050ns (routing 0.365ns, distribution 0.685ns)

    Location             Delay type                Incr(ns)  Path(ns)    Netlist Resource(s)
  -------------------------------------------------------------------    -------------------
                         (clock clk_pl_0 rise edge)
                                                      0.000     0.000 r  
    PS8_X0Y0             PS8                          0.000     0.000 r  DPU_Block_i/zynq_ultra_ps_e_0/inst/PS8_i/PLCLK[0]
                         net (fo=1, routed)           0.094     0.094    DPU_Block_i/zynq_ultra_ps_e_0/inst/pl_clk_unbuffered[0]
    BUFG_PS_X0Y58        BUFG_PS (Prop_BUFG_PS_I_O)
                                                      0.017     0.111 r  DPU_Block_i/zynq_ultra_ps_e_0/inst/buffer_pl_clk_0.PL_CLK_0_BUFG/O
    X0Y1 (CLOCK_ROOT)    net (fo=10450, routed)       0.893     1.004    DPU_Block_i/proc_sys_reset_0/U0/slowest_sync_clk
    SLICE_X22Y118        FDRE                                         r  DPU_Block_i/proc_sys_reset_0/U0/ACTIVE_LOW_PR_OUT_DFF[0].FDRE_PER_N/C
  -------------------------------------------------------------------    -------------------
    SLICE_X22Y118        FDRE (Prop_EFF_SLICEL_C_Q)
                                                      0.039     1.043 r  DPU_Block_i/proc_sys_reset_0/U0/ACTIVE_LOW_PR_OUT_DFF[0].FDRE_PER_N/Q
                         net (fo=1, routed)           0.625     1.668    DPU_Block_i/proc_sys_reset_0/U0/peripheral_aresetn[0]_bufg_place
    BUFGCE_X0Y50         BUFGCE (Prop_BUFCE_BUFGCE_I_O)
                                                      0.017     1.685 r  DPU_Block_i/proc_sys_reset_0/U0/ACTIVE_LOW_PR_OUT_DFF[0].FDRE_PER_N_bufg_place/O
                         net (fo=2599, routed)        0.688     2.373    DPU_Block_i/dpu_axi_0/inst/dpu_axi_slave_lite_v1_0_S00_AXI_inst/dpu_inst/core_TL/core/genblk3[6].genblk1[2].macUnit/OUT_reg[19]_0
    SLICE_X29Y68         FDCE                                         f  DPU_Block_i/dpu_axi_0/inst/dpu_axi_slave_lite_v1_0_S00_AXI_inst/dpu_inst/core_TL/core/genblk3[6].genblk1[2].macUnit/carryout_w_reg[5]/CLR  (IS_INVERTED)
  -------------------------------------------------------------------    -------------------

                         (clock clk_pl_0 rise edge)
                                                      0.000     0.000 r  
    PS8_X0Y0             PS8                          0.000     0.000 r  DPU_Block_i/zynq_ultra_ps_e_0/inst/PS8_i/PLCLK[0]
                         net (fo=1, routed)           0.120     0.120    DPU_Block_i/zynq_ultra_ps_e_0/inst/pl_clk_unbuffered[0]
    BUFG_PS_X0Y58        BUFG_PS (Prop_BUFG_PS_I_O)
                                                      0.018     0.138 r  DPU_Block_i/zynq_ultra_ps_e_0/inst/buffer_pl_clk_0.PL_CLK_0_BUFG/O
    X0Y1 (CLOCK_ROOT)    net (fo=10450, routed)       1.050     1.188    DPU_Block_i/dpu_axi_0/inst/dpu_axi_slave_lite_v1_0_S00_AXI_inst/dpu_inst/core_TL/core/genblk3[6].genblk1[2].macUnit/s00_axi_aclk
    SLICE_X29Y68         FDCE                                         r  DPU_Block_i/dpu_axi_0/inst/dpu_axi_slave_lite_v1_0_S00_AXI_inst/dpu_inst/core_TL/core/genblk3[6].genblk1[2].macUnit/carryout_w_reg[5]/C
                         clock pessimism             -0.101     1.087    
    SLICE_X29Y68         FDCE (Remov_DFF2_SLICEM_C_CLR)
                                                     -0.020     1.067    DPU_Block_i/dpu_axi_0/inst/dpu_axi_slave_lite_v1_0_S00_AXI_inst/dpu_inst/core_TL/core/genblk3[6].genblk1[2].macUnit/carryout_w_reg[5]
  -------------------------------------------------------------------
                         required time                         -1.067    
                         arrival time                           2.373    
  -------------------------------------------------------------------
                         slack                                  1.305    

Slack (MET) :             1.306ns  (arrival time - required time)
  Source:                 DPU_Block_i/proc_sys_reset_0/U0/ACTIVE_LOW_PR_OUT_DFF[0].FDRE_PER_N/C
                            (rising edge-triggered cell FDRE clocked by clk_pl_0  {rise@0.000ns fall@5.000ns period=10.000ns})
  Destination:            DPU_Block_i/dpu_axi_0/inst/dpu_axi_slave_lite_v1_0_S00_AXI_inst/dpu_inst/core_TL/core/genblk3[4].genblk1[2].macUnit/carryout_w_reg[5]/CLR
                            (removal check against rising-edge clock clk_pl_0  {rise@0.000ns fall@5.000ns period=10.000ns})
  Path Group:             **async_default**
  Path Type:              Removal (Min at Fast Process Corner)
  Requirement:            0.000ns  (clk_pl_0 rise@0.000ns - clk_pl_0 rise@0.000ns)
  Data Path Delay:        1.369ns  (logic 0.056ns (4.091%)  route 1.313ns (95.909%))
  Logic Levels:           1  (BUFGCE=1)
  Clock Path Skew:        0.083ns (DCD - SCD - CPR)
    Destination Clock Delay (DCD):    1.187ns
    Source Clock Delay      (SCD):    1.004ns
    Clock Pessimism Removal (CPR):    0.101ns
  Clock Net Delay (Source):      0.893ns (routing 0.324ns, distribution 0.569ns)
  Clock Net Delay (Destination): 1.049ns (routing 0.365ns, distribution 0.684ns)

    Location             Delay type                Incr(ns)  Path(ns)    Netlist Resource(s)
  -------------------------------------------------------------------    -------------------
                         (clock clk_pl_0 rise edge)
                                                      0.000     0.000 r  
    PS8_X0Y0             PS8                          0.000     0.000 r  DPU_Block_i/zynq_ultra_ps_e_0/inst/PS8_i/PLCLK[0]
                         net (fo=1, routed)           0.094     0.094    DPU_Block_i/zynq_ultra_ps_e_0/inst/pl_clk_unbuffered[0]
    BUFG_PS_X0Y58        BUFG_PS (Prop_BUFG_PS_I_O)
                                                      0.017     0.111 r  DPU_Block_i/zynq_ultra_ps_e_0/inst/buffer_pl_clk_0.PL_CLK_0_BUFG/O
    X0Y1 (CLOCK_ROOT)    net (fo=10450, routed)       0.893     1.004    DPU_Block_i/proc_sys_reset_0/U0/slowest_sync_clk
    SLICE_X22Y118        FDRE                                         r  DPU_Block_i/proc_sys_reset_0/U0/ACTIVE_LOW_PR_OUT_DFF[0].FDRE_PER_N/C
  -------------------------------------------------------------------    -------------------
    SLICE_X22Y118        FDRE (Prop_EFF_SLICEL_C_Q)
                                                      0.039     1.043 r  DPU_Block_i/proc_sys_reset_0/U0/ACTIVE_LOW_PR_OUT_DFF[0].FDRE_PER_N/Q
                         net (fo=1, routed)           0.625     1.668    DPU_Block_i/proc_sys_reset_0/U0/peripheral_aresetn[0]_bufg_place
    BUFGCE_X0Y50         BUFGCE (Prop_BUFCE_BUFGCE_I_O)
                                                      0.017     1.685 r  DPU_Block_i/proc_sys_reset_0/U0/ACTIVE_LOW_PR_OUT_DFF[0].FDRE_PER_N_bufg_place/O
                         net (fo=2599, routed)        0.688     2.373    DPU_Block_i/dpu_axi_0/inst/dpu_axi_slave_lite_v1_0_S00_AXI_inst/dpu_inst/core_TL/core/genblk3[4].genblk1[2].macUnit/OUT_reg[19]_0
    SLICE_X29Y70         FDCE                                         f  DPU_Block_i/dpu_axi_0/inst/dpu_axi_slave_lite_v1_0_S00_AXI_inst/dpu_inst/core_TL/core/genblk3[4].genblk1[2].macUnit/carryout_w_reg[5]/CLR  (IS_INVERTED)
  -------------------------------------------------------------------    -------------------

                         (clock clk_pl_0 rise edge)
                                                      0.000     0.000 r  
    PS8_X0Y0             PS8                          0.000     0.000 r  DPU_Block_i/zynq_ultra_ps_e_0/inst/PS8_i/PLCLK[0]
                         net (fo=1, routed)           0.120     0.120    DPU_Block_i/zynq_ultra_ps_e_0/inst/pl_clk_unbuffered[0]
    BUFG_PS_X0Y58        BUFG_PS (Prop_BUFG_PS_I_O)
                                                      0.018     0.138 r  DPU_Block_i/zynq_ultra_ps_e_0/inst/buffer_pl_clk_0.PL_CLK_0_BUFG/O
    X0Y1 (CLOCK_ROOT)    net (fo=10450, routed)       1.049     1.187    DPU_Block_i/dpu_axi_0/inst/dpu_axi_slave_lite_v1_0_S00_AXI_inst/dpu_inst/core_TL/core/genblk3[4].genblk1[2].macUnit/s00_axi_aclk
    SLICE_X29Y70         FDCE                                         r  DPU_Block_i/dpu_axi_0/inst/dpu_axi_slave_lite_v1_0_S00_AXI_inst/dpu_inst/core_TL/core/genblk3[4].genblk1[2].macUnit/carryout_w_reg[5]/C
                         clock pessimism             -0.101     1.086    
    SLICE_X29Y70         FDCE (Remov_DFF_SLICEM_C_CLR)
                                                     -0.020     1.066    DPU_Block_i/dpu_axi_0/inst/dpu_axi_slave_lite_v1_0_S00_AXI_inst/dpu_inst/core_TL/core/genblk3[4].genblk1[2].macUnit/carryout_w_reg[5]
  -------------------------------------------------------------------
                         required time                         -1.066    
                         arrival time                           2.373    
  -------------------------------------------------------------------
                         slack                                  1.306    

Slack (MET) :             1.306ns  (arrival time - required time)
  Source:                 DPU_Block_i/proc_sys_reset_0/U0/ACTIVE_LOW_PR_OUT_DFF[0].FDRE_PER_N/C
                            (rising edge-triggered cell FDRE clocked by clk_pl_0  {rise@0.000ns fall@5.000ns period=10.000ns})
  Destination:            DPU_Block_i/dpu_axi_0/inst/dpu_axi_slave_lite_v1_0_S00_AXI_inst/dpu_inst/core_TL/core/genblk3[4].genblk1[2].macUnit/carryout_w_reg[6]/CLR
                            (removal check against rising-edge clock clk_pl_0  {rise@0.000ns fall@5.000ns period=10.000ns})
  Path Group:             **async_default**
  Path Type:              Removal (Min at Fast Process Corner)
  Requirement:            0.000ns  (clk_pl_0 rise@0.000ns - clk_pl_0 rise@0.000ns)
  Data Path Delay:        1.369ns  (logic 0.056ns (4.091%)  route 1.313ns (95.909%))
  Logic Levels:           1  (BUFGCE=1)
  Clock Path Skew:        0.083ns (DCD - SCD - CPR)
    Destination Clock Delay (DCD):    1.187ns
    Source Clock Delay      (SCD):    1.004ns
    Clock Pessimism Removal (CPR):    0.101ns
  Clock Net Delay (Source):      0.893ns (routing 0.324ns, distribution 0.569ns)
  Clock Net Delay (Destination): 1.049ns (routing 0.365ns, distribution 0.684ns)

    Location             Delay type                Incr(ns)  Path(ns)    Netlist Resource(s)
  -------------------------------------------------------------------    -------------------
                         (clock clk_pl_0 rise edge)
                                                      0.000     0.000 r  
    PS8_X0Y0             PS8                          0.000     0.000 r  DPU_Block_i/zynq_ultra_ps_e_0/inst/PS8_i/PLCLK[0]
                         net (fo=1, routed)           0.094     0.094    DPU_Block_i/zynq_ultra_ps_e_0/inst/pl_clk_unbuffered[0]
    BUFG_PS_X0Y58        BUFG_PS (Prop_BUFG_PS_I_O)
                                                      0.017     0.111 r  DPU_Block_i/zynq_ultra_ps_e_0/inst/buffer_pl_clk_0.PL_CLK_0_BUFG/O
    X0Y1 (CLOCK_ROOT)    net (fo=10450, routed)       0.893     1.004    DPU_Block_i/proc_sys_reset_0/U0/slowest_sync_clk
    SLICE_X22Y118        FDRE                                         r  DPU_Block_i/proc_sys_reset_0/U0/ACTIVE_LOW_PR_OUT_DFF[0].FDRE_PER_N/C
  -------------------------------------------------------------------    -------------------
    SLICE_X22Y118        FDRE (Prop_EFF_SLICEL_C_Q)
                                                      0.039     1.043 r  DPU_Block_i/proc_sys_reset_0/U0/ACTIVE_LOW_PR_OUT_DFF[0].FDRE_PER_N/Q
                         net (fo=1, routed)           0.625     1.668    DPU_Block_i/proc_sys_reset_0/U0/peripheral_aresetn[0]_bufg_place
    BUFGCE_X0Y50         BUFGCE (Prop_BUFCE_BUFGCE_I_O)
                                                      0.017     1.685 r  DPU_Block_i/proc_sys_reset_0/U0/ACTIVE_LOW_PR_OUT_DFF[0].FDRE_PER_N_bufg_place/O
                         net (fo=2599, routed)        0.688     2.373    DPU_Block_i/dpu_axi_0/inst/dpu_axi_slave_lite_v1_0_S00_AXI_inst/dpu_inst/core_TL/core/genblk3[4].genblk1[2].macUnit/OUT_reg[19]_0
    SLICE_X29Y70         FDCE                                         f  DPU_Block_i/dpu_axi_0/inst/dpu_axi_slave_lite_v1_0_S00_AXI_inst/dpu_inst/core_TL/core/genblk3[4].genblk1[2].macUnit/carryout_w_reg[6]/CLR  (IS_INVERTED)
  -------------------------------------------------------------------    -------------------

                         (clock clk_pl_0 rise edge)
                                                      0.000     0.000 r  
    PS8_X0Y0             PS8                          0.000     0.000 r  DPU_Block_i/zynq_ultra_ps_e_0/inst/PS8_i/PLCLK[0]
                         net (fo=1, routed)           0.120     0.120    DPU_Block_i/zynq_ultra_ps_e_0/inst/pl_clk_unbuffered[0]
    BUFG_PS_X0Y58        BUFG_PS (Prop_BUFG_PS_I_O)
                                                      0.018     0.138 r  DPU_Block_i/zynq_ultra_ps_e_0/inst/buffer_pl_clk_0.PL_CLK_0_BUFG/O
    X0Y1 (CLOCK_ROOT)    net (fo=10450, routed)       1.049     1.187    DPU_Block_i/dpu_axi_0/inst/dpu_axi_slave_lite_v1_0_S00_AXI_inst/dpu_inst/core_TL/core/genblk3[4].genblk1[2].macUnit/s00_axi_aclk
    SLICE_X29Y70         FDCE                                         r  DPU_Block_i/dpu_axi_0/inst/dpu_axi_slave_lite_v1_0_S00_AXI_inst/dpu_inst/core_TL/core/genblk3[4].genblk1[2].macUnit/carryout_w_reg[6]/C
                         clock pessimism             -0.101     1.086    
    SLICE_X29Y70         FDCE (Remov_DFF2_SLICEM_C_CLR)
                                                     -0.020     1.066    DPU_Block_i/dpu_axi_0/inst/dpu_axi_slave_lite_v1_0_S00_AXI_inst/dpu_inst/core_TL/core/genblk3[4].genblk1[2].macUnit/carryout_w_reg[6]
  -------------------------------------------------------------------
                         required time                         -1.066    
                         arrival time                           2.373    
  -------------------------------------------------------------------
                         slack                                  1.306    

Slack (MET) :             1.306ns  (arrival time - required time)
  Source:                 DPU_Block_i/proc_sys_reset_0/U0/ACTIVE_LOW_PR_OUT_DFF[0].FDRE_PER_N/C
                            (rising edge-triggered cell FDRE clocked by clk_pl_0  {rise@0.000ns fall@5.000ns period=10.000ns})
  Destination:            DPU_Block_i/dpu_axi_0/inst/dpu_axi_slave_lite_v1_0_S00_AXI_inst/dpu_inst/core_TL/core/genblk3[6].genblk1[1].macUnit/carryout_in_reg[4]/CLR
                            (removal check against rising-edge clock clk_pl_0  {rise@0.000ns fall@5.000ns period=10.000ns})
  Path Group:             **async_default**
  Path Type:              Removal (Min at Fast Process Corner)
  Requirement:            0.000ns  (clk_pl_0 rise@0.000ns - clk_pl_0 rise@0.000ns)
  Data Path Delay:        1.368ns  (logic 0.056ns (4.094%)  route 1.312ns (95.906%))
  Logic Levels:           1  (BUFGCE=1)
  Clock Path Skew:        0.082ns (DCD - SCD - CPR)
    Destination Clock Delay (DCD):    1.186ns
    Source Clock Delay      (SCD):    1.004ns
    Clock Pessimism Removal (CPR):    0.101ns
  Clock Net Delay (Source):      0.893ns (routing 0.324ns, distribution 0.569ns)
  Clock Net Delay (Destination): 1.048ns (routing 0.365ns, distribution 0.683ns)

    Location             Delay type                Incr(ns)  Path(ns)    Netlist Resource(s)
  -------------------------------------------------------------------    -------------------
                         (clock clk_pl_0 rise edge)
                                                      0.000     0.000 r  
    PS8_X0Y0             PS8                          0.000     0.000 r  DPU_Block_i/zynq_ultra_ps_e_0/inst/PS8_i/PLCLK[0]
                         net (fo=1, routed)           0.094     0.094    DPU_Block_i/zynq_ultra_ps_e_0/inst/pl_clk_unbuffered[0]
    BUFG_PS_X0Y58        BUFG_PS (Prop_BUFG_PS_I_O)
                                                      0.017     0.111 r  DPU_Block_i/zynq_ultra_ps_e_0/inst/buffer_pl_clk_0.PL_CLK_0_BUFG/O
    X0Y1 (CLOCK_ROOT)    net (fo=10450, routed)       0.893     1.004    DPU_Block_i/proc_sys_reset_0/U0/slowest_sync_clk
    SLICE_X22Y118        FDRE                                         r  DPU_Block_i/proc_sys_reset_0/U0/ACTIVE_LOW_PR_OUT_DFF[0].FDRE_PER_N/C
  -------------------------------------------------------------------    -------------------
    SLICE_X22Y118        FDRE (Prop_EFF_SLICEL_C_Q)
                                                      0.039     1.043 r  DPU_Block_i/proc_sys_reset_0/U0/ACTIVE_LOW_PR_OUT_DFF[0].FDRE_PER_N/Q
                         net (fo=1, routed)           0.625     1.668    DPU_Block_i/proc_sys_reset_0/U0/peripheral_aresetn[0]_bufg_place
    BUFGCE_X0Y50         BUFGCE (Prop_BUFCE_BUFGCE_I_O)
                                                      0.017     1.685 r  DPU_Block_i/proc_sys_reset_0/U0/ACTIVE_LOW_PR_OUT_DFF[0].FDRE_PER_N_bufg_place/O
                         net (fo=2599, routed)        0.687     2.372    DPU_Block_i/dpu_axi_0/inst/dpu_axi_slave_lite_v1_0_S00_AXI_inst/dpu_inst/core_TL/core/genblk3[6].genblk1[1].macUnit/carryout_in_reg[7]_0
    SLICE_X29Y74         FDCE                                         f  DPU_Block_i/dpu_axi_0/inst/dpu_axi_slave_lite_v1_0_S00_AXI_inst/dpu_inst/core_TL/core/genblk3[6].genblk1[1].macUnit/carryout_in_reg[4]/CLR  (IS_INVERTED)
  -------------------------------------------------------------------    -------------------

                         (clock clk_pl_0 rise edge)
                                                      0.000     0.000 r  
    PS8_X0Y0             PS8                          0.000     0.000 r  DPU_Block_i/zynq_ultra_ps_e_0/inst/PS8_i/PLCLK[0]
                         net (fo=1, routed)           0.120     0.120    DPU_Block_i/zynq_ultra_ps_e_0/inst/pl_clk_unbuffered[0]
    BUFG_PS_X0Y58        BUFG_PS (Prop_BUFG_PS_I_O)
                                                      0.018     0.138 r  DPU_Block_i/zynq_ultra_ps_e_0/inst/buffer_pl_clk_0.PL_CLK_0_BUFG/O
    X0Y1 (CLOCK_ROOT)    net (fo=10450, routed)       1.048     1.186    DPU_Block_i/dpu_axi_0/inst/dpu_axi_slave_lite_v1_0_S00_AXI_inst/dpu_inst/core_TL/core/genblk3[6].genblk1[1].macUnit/s00_axi_aclk
    SLICE_X29Y74         FDCE                                         r  DPU_Block_i/dpu_axi_0/inst/dpu_axi_slave_lite_v1_0_S00_AXI_inst/dpu_inst/core_TL/core/genblk3[6].genblk1[1].macUnit/carryout_in_reg[4]/C
                         clock pessimism             -0.101     1.085    
    SLICE_X29Y74         FDCE (Remov_DFF_SLICEM_C_CLR)
                                                     -0.020     1.065    DPU_Block_i/dpu_axi_0/inst/dpu_axi_slave_lite_v1_0_S00_AXI_inst/dpu_inst/core_TL/core/genblk3[6].genblk1[1].macUnit/carryout_in_reg[4]
  -------------------------------------------------------------------
                         required time                         -1.065    
                         arrival time                           2.372    
  -------------------------------------------------------------------
                         slack                                  1.306    

Slack (MET) :             1.306ns  (arrival time - required time)
  Source:                 DPU_Block_i/proc_sys_reset_0/U0/ACTIVE_LOW_PR_OUT_DFF[0].FDRE_PER_N/C
                            (rising edge-triggered cell FDRE clocked by clk_pl_0  {rise@0.000ns fall@5.000ns period=10.000ns})
  Destination:            DPU_Block_i/dpu_axi_0/inst/dpu_axi_slave_lite_v1_0_S00_AXI_inst/dpu_inst/core_TL/core/genblk3[6].genblk1[1].macUnit/carryout_in_reg[5]/CLR
                            (removal check against rising-edge clock clk_pl_0  {rise@0.000ns fall@5.000ns period=10.000ns})
  Path Group:             **async_default**
  Path Type:              Removal (Min at Fast Process Corner)
  Requirement:            0.000ns  (clk_pl_0 rise@0.000ns - clk_pl_0 rise@0.000ns)
  Data Path Delay:        1.368ns  (logic 0.056ns (4.094%)  route 1.312ns (95.906%))
  Logic Levels:           1  (BUFGCE=1)
  Clock Path Skew:        0.082ns (DCD - SCD - CPR)
    Destination Clock Delay (DCD):    1.186ns
    Source Clock Delay      (SCD):    1.004ns
    Clock Pessimism Removal (CPR):    0.101ns
  Clock Net Delay (Source):      0.893ns (routing 0.324ns, distribution 0.569ns)
  Clock Net Delay (Destination): 1.048ns (routing 0.365ns, distribution 0.683ns)

    Location             Delay type                Incr(ns)  Path(ns)    Netlist Resource(s)
  -------------------------------------------------------------------    -------------------
                         (clock clk_pl_0 rise edge)
                                                      0.000     0.000 r  
    PS8_X0Y0             PS8                          0.000     0.000 r  DPU_Block_i/zynq_ultra_ps_e_0/inst/PS8_i/PLCLK[0]
                         net (fo=1, routed)           0.094     0.094    DPU_Block_i/zynq_ultra_ps_e_0/inst/pl_clk_unbuffered[0]
    BUFG_PS_X0Y58        BUFG_PS (Prop_BUFG_PS_I_O)
                                                      0.017     0.111 r  DPU_Block_i/zynq_ultra_ps_e_0/inst/buffer_pl_clk_0.PL_CLK_0_BUFG/O
    X0Y1 (CLOCK_ROOT)    net (fo=10450, routed)       0.893     1.004    DPU_Block_i/proc_sys_reset_0/U0/slowest_sync_clk
    SLICE_X22Y118        FDRE                                         r  DPU_Block_i/proc_sys_reset_0/U0/ACTIVE_LOW_PR_OUT_DFF[0].FDRE_PER_N/C
  -------------------------------------------------------------------    -------------------
    SLICE_X22Y118        FDRE (Prop_EFF_SLICEL_C_Q)
                                                      0.039     1.043 r  DPU_Block_i/proc_sys_reset_0/U0/ACTIVE_LOW_PR_OUT_DFF[0].FDRE_PER_N/Q
                         net (fo=1, routed)           0.625     1.668    DPU_Block_i/proc_sys_reset_0/U0/peripheral_aresetn[0]_bufg_place
    BUFGCE_X0Y50         BUFGCE (Prop_BUFCE_BUFGCE_I_O)
                                                      0.017     1.685 r  DPU_Block_i/proc_sys_reset_0/U0/ACTIVE_LOW_PR_OUT_DFF[0].FDRE_PER_N_bufg_place/O
                         net (fo=2599, routed)        0.687     2.372    DPU_Block_i/dpu_axi_0/inst/dpu_axi_slave_lite_v1_0_S00_AXI_inst/dpu_inst/core_TL/core/genblk3[6].genblk1[1].macUnit/carryout_in_reg[7]_0
    SLICE_X29Y74         FDCE                                         f  DPU_Block_i/dpu_axi_0/inst/dpu_axi_slave_lite_v1_0_S00_AXI_inst/dpu_inst/core_TL/core/genblk3[6].genblk1[1].macUnit/carryout_in_reg[5]/CLR  (IS_INVERTED)
  -------------------------------------------------------------------    -------------------

                         (clock clk_pl_0 rise edge)
                                                      0.000     0.000 r  
    PS8_X0Y0             PS8                          0.000     0.000 r  DPU_Block_i/zynq_ultra_ps_e_0/inst/PS8_i/PLCLK[0]
                         net (fo=1, routed)           0.120     0.120    DPU_Block_i/zynq_ultra_ps_e_0/inst/pl_clk_unbuffered[0]
    BUFG_PS_X0Y58        BUFG_PS (Prop_BUFG_PS_I_O)
                                                      0.018     0.138 r  DPU_Block_i/zynq_ultra_ps_e_0/inst/buffer_pl_clk_0.PL_CLK_0_BUFG/O
    X0Y1 (CLOCK_ROOT)    net (fo=10450, routed)       1.048     1.186    DPU_Block_i/dpu_axi_0/inst/dpu_axi_slave_lite_v1_0_S00_AXI_inst/dpu_inst/core_TL/core/genblk3[6].genblk1[1].macUnit/s00_axi_aclk
    SLICE_X29Y74         FDCE                                         r  DPU_Block_i/dpu_axi_0/inst/dpu_axi_slave_lite_v1_0_S00_AXI_inst/dpu_inst/core_TL/core/genblk3[6].genblk1[1].macUnit/carryout_in_reg[5]/C
                         clock pessimism             -0.101     1.085    
    SLICE_X29Y74         FDCE (Remov_DFF2_SLICEM_C_CLR)
                                                     -0.020     1.065    DPU_Block_i/dpu_axi_0/inst/dpu_axi_slave_lite_v1_0_S00_AXI_inst/dpu_inst/core_TL/core/genblk3[6].genblk1[1].macUnit/carryout_in_reg[5]
  -------------------------------------------------------------------
                         required time                         -1.065    
                         arrival time                           2.372    
  -------------------------------------------------------------------
                         slack                                  1.306    





--------------------------------------------------------------------------------------
Path Group:  (none)
From Clock:  
  To Clock:  clk_pl_0

Max Delay             1 Endpoint
Min Delay             1 Endpoint
--------------------------------------------------------------------------------------


Max Delay Paths
--------------------------------------------------------------------------------------
Slack:                    inf
  Source:                 DPU_Block_i/zynq_ultra_ps_e_0/inst/PS8_i/EMIOGPIOO[95]
                            (internal pin)
  Destination:            DPU_Block_i/proc_sys_reset_0/U0/EXT_LPF/ACTIVE_LOW_EXT.ACT_LO_EXT/syncstages_ff_reg[0]/D
                            (rising edge-triggered cell FDRE clocked by clk_pl_0  {rise@0.000ns fall@5.000ns period=10.000ns})
  Path Group:             (none)
  Path Type:              Setup (Max at Slow Process Corner)
  Data Path Delay:        1.292ns  (logic 0.037ns (2.864%)  route 1.255ns (97.136%))
  Logic Levels:           1  (LUT1=1)
  Clock Uncertainty:      0.127ns  ((TSJ^2 + DJ^2)^1/2) / 2 + PE
    Total System Jitter     (TSJ):    0.050ns
    Discrete Jitter          (DJ):    0.250ns
    Phase Error              (PE):    0.000ns
  Clock Net Delay (Destination): 1.482ns (routing 0.533ns, distribution 0.949ns)
  Timing Exception:       False Path

    Location             Delay type                Incr(ns)  Path(ns)    Netlist Resource(s)
  -------------------------------------------------------------------    -------------------
    PS8_X0Y0             PS8                          0.000     0.000 f  DPU_Block_i/zynq_ultra_ps_e_0/inst/PS8_i/EMIOGPIOO[95]
                         net (fo=1, routed)           1.097     1.097    DPU_Block_i/proc_sys_reset_0/U0/EXT_LPF/ext_reset_in
    SLICE_X20Y120        LUT1 (Prop_D6LUT_SLICEM_I0_O)
                                                      0.037     1.134 r  DPU_Block_i/proc_sys_reset_0/U0/EXT_LPF/ACTIVE_LOW_EXT.ACT_LO_EXT_i_1/O
                         net (fo=1, routed)           0.158     1.292    DPU_Block_i/proc_sys_reset_0/U0/EXT_LPF/ACTIVE_LOW_EXT.ACT_LO_EXT/src_in
    SLICE_X20Y120        FDRE                                         r  DPU_Block_i/proc_sys_reset_0/U0/EXT_LPF/ACTIVE_LOW_EXT.ACT_LO_EXT/syncstages_ff_reg[0]/D
  -------------------------------------------------------------------    -------------------

                         (clock clk_pl_0 rise edge)
                                                      0.000     0.000 r  
    PS8_X0Y0             PS8                          0.000     0.000 r  DPU_Block_i/zynq_ultra_ps_e_0/inst/PS8_i/PLCLK[0]
                         net (fo=1, routed)           0.135     0.135    DPU_Block_i/zynq_ultra_ps_e_0/inst/pl_clk_unbuffered[0]
    BUFG_PS_X0Y58        BUFG_PS (Prop_BUFG_PS_I_O)
                                                      0.025     0.160 r  DPU_Block_i/zynq_ultra_ps_e_0/inst/buffer_pl_clk_0.PL_CLK_0_BUFG/O
    X0Y1 (CLOCK_ROOT)    net (fo=10450, routed)       1.482     1.642    DPU_Block_i/proc_sys_reset_0/U0/EXT_LPF/ACTIVE_LOW_EXT.ACT_LO_EXT/dest_clk
    SLICE_X20Y120        FDRE                                         r  DPU_Block_i/proc_sys_reset_0/U0/EXT_LPF/ACTIVE_LOW_EXT.ACT_LO_EXT/syncstages_ff_reg[0]/C





Min Delay Paths
--------------------------------------------------------------------------------------
Slack:                    inf
  Source:                 DPU_Block_i/zynq_ultra_ps_e_0/inst/PS8_i/EMIOGPIOO[95]
                            (internal pin)
  Destination:            DPU_Block_i/proc_sys_reset_0/U0/EXT_LPF/ACTIVE_LOW_EXT.ACT_LO_EXT/syncstages_ff_reg[0]/D
                            (rising edge-triggered cell FDRE clocked by clk_pl_0  {rise@0.000ns fall@5.000ns period=10.000ns})
  Path Group:             (none)
  Path Type:              Hold (Min at Fast Process Corner)
  Data Path Delay:        0.642ns  (logic 0.014ns (2.181%)  route 0.628ns (97.819%))
  Logic Levels:           1  (LUT1=1)
  Clock Uncertainty:      0.127ns  ((TSJ^2 + DJ^2)^1/2) / 2 + PE
    Total System Jitter     (TSJ):    0.050ns
    Discrete Jitter          (DJ):    0.250ns
    Phase Error              (PE):    0.000ns
  Clock Net Delay (Destination): 1.046ns (routing 0.365ns, distribution 0.681ns)
  Timing Exception:       False Path

    Location             Delay type                Incr(ns)  Path(ns)    Netlist Resource(s)
  -------------------------------------------------------------------    -------------------
    PS8_X0Y0             PS8                          0.000     0.000 f  DPU_Block_i/zynq_ultra_ps_e_0/inst/PS8_i/EMIOGPIOO[95]
                         net (fo=1, routed)           0.573     0.573    DPU_Block_i/proc_sys_reset_0/U0/EXT_LPF/ext_reset_in
    SLICE_X20Y120        LUT1 (Prop_D6LUT_SLICEM_I0_O)
                                                      0.014     0.587 r  DPU_Block_i/proc_sys_reset_0/U0/EXT_LPF/ACTIVE_LOW_EXT.ACT_LO_EXT_i_1/O
                         net (fo=1, routed)           0.055     0.642    DPU_Block_i/proc_sys_reset_0/U0/EXT_LPF/ACTIVE_LOW_EXT.ACT_LO_EXT/src_in
    SLICE_X20Y120        FDRE                                         r  DPU_Block_i/proc_sys_reset_0/U0/EXT_LPF/ACTIVE_LOW_EXT.ACT_LO_EXT/syncstages_ff_reg[0]/D
  -------------------------------------------------------------------    -------------------

                         (clock clk_pl_0 rise edge)
                                                      0.000     0.000 r  
    PS8_X0Y0             PS8                          0.000     0.000 r  DPU_Block_i/zynq_ultra_ps_e_0/inst/PS8_i/PLCLK[0]
                         net (fo=1, routed)           0.120     0.120    DPU_Block_i/zynq_ultra_ps_e_0/inst/pl_clk_unbuffered[0]
    BUFG_PS_X0Y58        BUFG_PS (Prop_BUFG_PS_I_O)
                                                      0.018     0.138 r  DPU_Block_i/zynq_ultra_ps_e_0/inst/buffer_pl_clk_0.PL_CLK_0_BUFG/O
    X0Y1 (CLOCK_ROOT)    net (fo=10450, routed)       1.046     1.184    DPU_Block_i/proc_sys_reset_0/U0/EXT_LPF/ACTIVE_LOW_EXT.ACT_LO_EXT/dest_clk
    SLICE_X20Y120        FDRE                                         r  DPU_Block_i/proc_sys_reset_0/U0/EXT_LPF/ACTIVE_LOW_EXT.ACT_LO_EXT/syncstages_ff_reg[0]/C





--------------------------------------------------------------------------------------
Path Group:  (none)
From Clock:  clk_pl_0
  To Clock:  clk_pl_0

Max Delay            97 Endpoints
Min Delay            97 Endpoints
--------------------------------------------------------------------------------------


Max Delay Paths
--------------------------------------------------------------------------------------
Slack:                    inf
  Source:                 DPU_Block_i/smartconnect_0/inst/clk_map/psr_aclk/U0/ACTIVE_LOW_BSR_OUT_DFF[0].FDRE_BSR_N/C
                            (rising edge-triggered cell FDRE clocked by clk_pl_0  {rise@0.000ns fall@5.000ns period=10.000ns})
  Destination:            <hidden>
                            (recovery check against rising-edge clock clk_pl_0  {rise@0.000ns fall@5.000ns period=10.000ns})
  Path Group:             (none)
  Path Type:              Recovery (Max at Slow Process Corner)
  Data Path Delay:        2.473ns  (logic 0.079ns (3.195%)  route 2.394ns (96.805%))
  Logic Levels:           0  
  Clock Path Skew:        -0.194ns (DCD - SCD + CPR)
    Destination Clock Delay (DCD):    1.626ns
    Source Clock Delay      (SCD):    1.820ns
    Clock Pessimism Removal (CPR):    0.000ns
  Clock Uncertainty:      0.130ns  ((TSJ^2 + DJ^2)^1/2) / 2 + PE
    Total System Jitter     (TSJ):    0.071ns
    Discrete Jitter          (DJ):    0.250ns
    Phase Error              (PE):    0.000ns
  Clock Net Delay (Source):      1.621ns (routing 0.591ns, distribution 1.030ns)
  Clock Net Delay (Destination): 1.466ns (routing 0.533ns, distribution 0.933ns)
  Timing Exception:       False Path

    Location             Delay type                Incr(ns)  Path(ns)    Netlist Resource(s)
  -------------------------------------------------------------------    -------------------
                         (clock clk_pl_0 rise edge)
                                                      0.000     0.000 r  
    PS8_X0Y0             PS8                          0.000     0.000 r  DPU_Block_i/zynq_ultra_ps_e_0/inst/PS8_i/PLCLK[0]
                         net (fo=1, routed)           0.171     0.171    DPU_Block_i/zynq_ultra_ps_e_0/inst/pl_clk_unbuffered[0]
    BUFG_PS_X0Y58        BUFG_PS (Prop_BUFG_PS_I_O)
                                                      0.028     0.199 r  DPU_Block_i/zynq_ultra_ps_e_0/inst/buffer_pl_clk_0.PL_CLK_0_BUFG/O
    X0Y1 (CLOCK_ROOT)    net (fo=10450, routed)       1.621     1.820    DPU_Block_i/smartconnect_0/inst/clk_map/psr_aclk/U0/aclk
    SLICE_X26Y98         FDRE                                         r  DPU_Block_i/smartconnect_0/inst/clk_map/psr_aclk/U0/ACTIVE_LOW_BSR_OUT_DFF[0].FDRE_BSR_N/C
  -------------------------------------------------------------------    -------------------
    SLICE_X26Y98         FDRE (Prop_DFF_SLICEL_C_Q)
                                                      0.079     1.899 r  DPU_Block_i/smartconnect_0/inst/clk_map/psr_aclk/U0/ACTIVE_LOW_BSR_OUT_DFF[0].FDRE_BSR_N/Q
                         net (fo=96, routed)          2.394     4.293    <hidden>
    SLICE_X6Y128         FDCE                                         f  <hidden>  (IS_INVERTED)
  -------------------------------------------------------------------    -------------------

                         (clock clk_pl_0 rise edge)
                                                      0.000     0.000 r  
    PS8_X0Y0             PS8                          0.000     0.000 r  DPU_Block_i/zynq_ultra_ps_e_0/inst/PS8_i/PLCLK[0]
                         net (fo=1, routed)           0.135     0.135    DPU_Block_i/zynq_ultra_ps_e_0/inst/pl_clk_unbuffered[0]
    BUFG_PS_X0Y58        BUFG_PS (Prop_BUFG_PS_I_O)
                                                      0.025     0.160 r  DPU_Block_i/zynq_ultra_ps_e_0/inst/buffer_pl_clk_0.PL_CLK_0_BUFG/O
    X0Y1 (CLOCK_ROOT)    net (fo=10450, routed)       1.466     1.626    <hidden>
    SLICE_X6Y128         FDCE                                         r  <hidden>

Slack:                    inf
  Source:                 DPU_Block_i/smartconnect_0/inst/clk_map/psr_aclk/U0/ACTIVE_LOW_BSR_OUT_DFF[0].FDRE_BSR_N/C
                            (rising edge-triggered cell FDRE clocked by clk_pl_0  {rise@0.000ns fall@5.000ns period=10.000ns})
  Destination:            <hidden>
                            (recovery check against rising-edge clock clk_pl_0  {rise@0.000ns fall@5.000ns period=10.000ns})
  Path Group:             (none)
  Path Type:              Recovery (Max at Slow Process Corner)
  Data Path Delay:        2.473ns  (logic 0.079ns (3.195%)  route 2.394ns (96.805%))
  Logic Levels:           0  
  Clock Path Skew:        -0.194ns (DCD - SCD + CPR)
    Destination Clock Delay (DCD):    1.626ns
    Source Clock Delay      (SCD):    1.820ns
    Clock Pessimism Removal (CPR):    0.000ns
  Clock Uncertainty:      0.130ns  ((TSJ^2 + DJ^2)^1/2) / 2 + PE
    Total System Jitter     (TSJ):    0.071ns
    Discrete Jitter          (DJ):    0.250ns
    Phase Error              (PE):    0.000ns
  Clock Net Delay (Source):      1.621ns (routing 0.591ns, distribution 1.030ns)
  Clock Net Delay (Destination): 1.466ns (routing 0.533ns, distribution 0.933ns)
  Timing Exception:       False Path

    Location             Delay type                Incr(ns)  Path(ns)    Netlist Resource(s)
  -------------------------------------------------------------------    -------------------
                         (clock clk_pl_0 rise edge)
                                                      0.000     0.000 r  
    PS8_X0Y0             PS8                          0.000     0.000 r  DPU_Block_i/zynq_ultra_ps_e_0/inst/PS8_i/PLCLK[0]
                         net (fo=1, routed)           0.171     0.171    DPU_Block_i/zynq_ultra_ps_e_0/inst/pl_clk_unbuffered[0]
    BUFG_PS_X0Y58        BUFG_PS (Prop_BUFG_PS_I_O)
                                                      0.028     0.199 r  DPU_Block_i/zynq_ultra_ps_e_0/inst/buffer_pl_clk_0.PL_CLK_0_BUFG/O
    X0Y1 (CLOCK_ROOT)    net (fo=10450, routed)       1.621     1.820    DPU_Block_i/smartconnect_0/inst/clk_map/psr_aclk/U0/aclk
    SLICE_X26Y98         FDRE                                         r  DPU_Block_i/smartconnect_0/inst/clk_map/psr_aclk/U0/ACTIVE_LOW_BSR_OUT_DFF[0].FDRE_BSR_N/C
  -------------------------------------------------------------------    -------------------
    SLICE_X26Y98         FDRE (Prop_DFF_SLICEL_C_Q)
                                                      0.079     1.899 r  DPU_Block_i/smartconnect_0/inst/clk_map/psr_aclk/U0/ACTIVE_LOW_BSR_OUT_DFF[0].FDRE_BSR_N/Q
                         net (fo=96, routed)          2.394     4.293    <hidden>
    SLICE_X6Y128         FDCE                                         f  <hidden>  (IS_INVERTED)
  -------------------------------------------------------------------    -------------------

                         (clock clk_pl_0 rise edge)
                                                      0.000     0.000 r  
    PS8_X0Y0             PS8                          0.000     0.000 r  DPU_Block_i/zynq_ultra_ps_e_0/inst/PS8_i/PLCLK[0]
                         net (fo=1, routed)           0.135     0.135    DPU_Block_i/zynq_ultra_ps_e_0/inst/pl_clk_unbuffered[0]
    BUFG_PS_X0Y58        BUFG_PS (Prop_BUFG_PS_I_O)
                                                      0.025     0.160 r  DPU_Block_i/zynq_ultra_ps_e_0/inst/buffer_pl_clk_0.PL_CLK_0_BUFG/O
    X0Y1 (CLOCK_ROOT)    net (fo=10450, routed)       1.466     1.626    <hidden>
    SLICE_X6Y128         FDCE                                         r  <hidden>

Slack:                    inf
  Source:                 DPU_Block_i/smartconnect_0/inst/clk_map/psr_aclk/U0/ACTIVE_LOW_BSR_OUT_DFF[0].FDRE_BSR_N/C
                            (rising edge-triggered cell FDRE clocked by clk_pl_0  {rise@0.000ns fall@5.000ns period=10.000ns})
  Destination:            <hidden>
                            (recovery check against rising-edge clock clk_pl_0  {rise@0.000ns fall@5.000ns period=10.000ns})
  Path Group:             (none)
  Path Type:              Recovery (Max at Slow Process Corner)
  Data Path Delay:        2.473ns  (logic 0.079ns (3.195%)  route 2.394ns (96.805%))
  Logic Levels:           0  
  Clock Path Skew:        -0.194ns (DCD - SCD + CPR)
    Destination Clock Delay (DCD):    1.626ns
    Source Clock Delay      (SCD):    1.820ns
    Clock Pessimism Removal (CPR):    0.000ns
  Clock Uncertainty:      0.130ns  ((TSJ^2 + DJ^2)^1/2) / 2 + PE
    Total System Jitter     (TSJ):    0.071ns
    Discrete Jitter          (DJ):    0.250ns
    Phase Error              (PE):    0.000ns
  Clock Net Delay (Source):      1.621ns (routing 0.591ns, distribution 1.030ns)
  Clock Net Delay (Destination): 1.466ns (routing 0.533ns, distribution 0.933ns)
  Timing Exception:       False Path

    Location             Delay type                Incr(ns)  Path(ns)    Netlist Resource(s)
  -------------------------------------------------------------------    -------------------
                         (clock clk_pl_0 rise edge)
                                                      0.000     0.000 r  
    PS8_X0Y0             PS8                          0.000     0.000 r  DPU_Block_i/zynq_ultra_ps_e_0/inst/PS8_i/PLCLK[0]
                         net (fo=1, routed)           0.171     0.171    DPU_Block_i/zynq_ultra_ps_e_0/inst/pl_clk_unbuffered[0]
    BUFG_PS_X0Y58        BUFG_PS (Prop_BUFG_PS_I_O)
                                                      0.028     0.199 r  DPU_Block_i/zynq_ultra_ps_e_0/inst/buffer_pl_clk_0.PL_CLK_0_BUFG/O
    X0Y1 (CLOCK_ROOT)    net (fo=10450, routed)       1.621     1.820    DPU_Block_i/smartconnect_0/inst/clk_map/psr_aclk/U0/aclk
    SLICE_X26Y98         FDRE                                         r  DPU_Block_i/smartconnect_0/inst/clk_map/psr_aclk/U0/ACTIVE_LOW_BSR_OUT_DFF[0].FDRE_BSR_N/C
  -------------------------------------------------------------------    -------------------
    SLICE_X26Y98         FDRE (Prop_DFF_SLICEL_C_Q)
                                                      0.079     1.899 r  DPU_Block_i/smartconnect_0/inst/clk_map/psr_aclk/U0/ACTIVE_LOW_BSR_OUT_DFF[0].FDRE_BSR_N/Q
                         net (fo=96, routed)          2.394     4.293    <hidden>
    SLICE_X6Y128         FDCE                                         f  <hidden>  (IS_INVERTED)
  -------------------------------------------------------------------    -------------------

                         (clock clk_pl_0 rise edge)
                                                      0.000     0.000 r  
    PS8_X0Y0             PS8                          0.000     0.000 r  DPU_Block_i/zynq_ultra_ps_e_0/inst/PS8_i/PLCLK[0]
                         net (fo=1, routed)           0.135     0.135    DPU_Block_i/zynq_ultra_ps_e_0/inst/pl_clk_unbuffered[0]
    BUFG_PS_X0Y58        BUFG_PS (Prop_BUFG_PS_I_O)
                                                      0.025     0.160 r  DPU_Block_i/zynq_ultra_ps_e_0/inst/buffer_pl_clk_0.PL_CLK_0_BUFG/O
    X0Y1 (CLOCK_ROOT)    net (fo=10450, routed)       1.466     1.626    <hidden>
    SLICE_X6Y128         FDCE                                         r  <hidden>

Slack:                    inf
  Source:                 DPU_Block_i/smartconnect_0/inst/clk_map/psr_aclk/U0/ACTIVE_LOW_BSR_OUT_DFF[0].FDRE_BSR_N/C
                            (rising edge-triggered cell FDRE clocked by clk_pl_0  {rise@0.000ns fall@5.000ns period=10.000ns})
  Destination:            <hidden>
                            (recovery check against rising-edge clock clk_pl_0  {rise@0.000ns fall@5.000ns period=10.000ns})
  Path Group:             (none)
  Path Type:              Recovery (Max at Slow Process Corner)
  Data Path Delay:        2.427ns  (logic 0.079ns (3.255%)  route 2.348ns (96.745%))
  Logic Levels:           0  
  Clock Path Skew:        -0.180ns (DCD - SCD + CPR)
    Destination Clock Delay (DCD):    1.640ns
    Source Clock Delay      (SCD):    1.820ns
    Clock Pessimism Removal (CPR):    0.000ns
  Clock Uncertainty:      0.130ns  ((TSJ^2 + DJ^2)^1/2) / 2 + PE
    Total System Jitter     (TSJ):    0.071ns
    Discrete Jitter          (DJ):    0.250ns
    Phase Error              (PE):    0.000ns
  Clock Net Delay (Source):      1.621ns (routing 0.591ns, distribution 1.030ns)
  Clock Net Delay (Destination): 1.480ns (routing 0.533ns, distribution 0.947ns)
  Timing Exception:       False Path

    Location             Delay type                Incr(ns)  Path(ns)    Netlist Resource(s)
  -------------------------------------------------------------------    -------------------
                         (clock clk_pl_0 rise edge)
                                                      0.000     0.000 r  
    PS8_X0Y0             PS8                          0.000     0.000 r  DPU_Block_i/zynq_ultra_ps_e_0/inst/PS8_i/PLCLK[0]
                         net (fo=1, routed)           0.171     0.171    DPU_Block_i/zynq_ultra_ps_e_0/inst/pl_clk_unbuffered[0]
    BUFG_PS_X0Y58        BUFG_PS (Prop_BUFG_PS_I_O)
                                                      0.028     0.199 r  DPU_Block_i/zynq_ultra_ps_e_0/inst/buffer_pl_clk_0.PL_CLK_0_BUFG/O
    X0Y1 (CLOCK_ROOT)    net (fo=10450, routed)       1.621     1.820    DPU_Block_i/smartconnect_0/inst/clk_map/psr_aclk/U0/aclk
    SLICE_X26Y98         FDRE                                         r  DPU_Block_i/smartconnect_0/inst/clk_map/psr_aclk/U0/ACTIVE_LOW_BSR_OUT_DFF[0].FDRE_BSR_N/C
  -------------------------------------------------------------------    -------------------
    SLICE_X26Y98         FDRE (Prop_DFF_SLICEL_C_Q)
                                                      0.079     1.899 r  DPU_Block_i/smartconnect_0/inst/clk_map/psr_aclk/U0/ACTIVE_LOW_BSR_OUT_DFF[0].FDRE_BSR_N/Q
                         net (fo=96, routed)          2.348     4.247    <hidden>
    SLICE_X19Y125        FDCE                                         f  <hidden>  (IS_INVERTED)
  -------------------------------------------------------------------    -------------------

                         (clock clk_pl_0 rise edge)
                                                      0.000     0.000 r  
    PS8_X0Y0             PS8                          0.000     0.000 r  DPU_Block_i/zynq_ultra_ps_e_0/inst/PS8_i/PLCLK[0]
                         net (fo=1, routed)           0.135     0.135    DPU_Block_i/zynq_ultra_ps_e_0/inst/pl_clk_unbuffered[0]
    BUFG_PS_X0Y58        BUFG_PS (Prop_BUFG_PS_I_O)
                                                      0.025     0.160 r  DPU_Block_i/zynq_ultra_ps_e_0/inst/buffer_pl_clk_0.PL_CLK_0_BUFG/O
    X0Y1 (CLOCK_ROOT)    net (fo=10450, routed)       1.480     1.640    <hidden>
    SLICE_X19Y125        FDCE                                         r  <hidden>

Slack:                    inf
  Source:                 DPU_Block_i/smartconnect_0/inst/clk_map/psr_aclk/U0/ACTIVE_LOW_BSR_OUT_DFF[0].FDRE_BSR_N/C
                            (rising edge-triggered cell FDRE clocked by clk_pl_0  {rise@0.000ns fall@5.000ns period=10.000ns})
  Destination:            <hidden>
                            (recovery check against rising-edge clock clk_pl_0  {rise@0.000ns fall@5.000ns period=10.000ns})
  Path Group:             (none)
  Path Type:              Recovery (Max at Slow Process Corner)
  Data Path Delay:        2.427ns  (logic 0.079ns (3.255%)  route 2.348ns (96.745%))
  Logic Levels:           0  
  Clock Path Skew:        -0.180ns (DCD - SCD + CPR)
    Destination Clock Delay (DCD):    1.640ns
    Source Clock Delay      (SCD):    1.820ns
    Clock Pessimism Removal (CPR):    0.000ns
  Clock Uncertainty:      0.130ns  ((TSJ^2 + DJ^2)^1/2) / 2 + PE
    Total System Jitter     (TSJ):    0.071ns
    Discrete Jitter          (DJ):    0.250ns
    Phase Error              (PE):    0.000ns
  Clock Net Delay (Source):      1.621ns (routing 0.591ns, distribution 1.030ns)
  Clock Net Delay (Destination): 1.480ns (routing 0.533ns, distribution 0.947ns)
  Timing Exception:       False Path

    Location             Delay type                Incr(ns)  Path(ns)    Netlist Resource(s)
  -------------------------------------------------------------------    -------------------
                         (clock clk_pl_0 rise edge)
                                                      0.000     0.000 r  
    PS8_X0Y0             PS8                          0.000     0.000 r  DPU_Block_i/zynq_ultra_ps_e_0/inst/PS8_i/PLCLK[0]
                         net (fo=1, routed)           0.171     0.171    DPU_Block_i/zynq_ultra_ps_e_0/inst/pl_clk_unbuffered[0]
    BUFG_PS_X0Y58        BUFG_PS (Prop_BUFG_PS_I_O)
                                                      0.028     0.199 r  DPU_Block_i/zynq_ultra_ps_e_0/inst/buffer_pl_clk_0.PL_CLK_0_BUFG/O
    X0Y1 (CLOCK_ROOT)    net (fo=10450, routed)       1.621     1.820    DPU_Block_i/smartconnect_0/inst/clk_map/psr_aclk/U0/aclk
    SLICE_X26Y98         FDRE                                         r  DPU_Block_i/smartconnect_0/inst/clk_map/psr_aclk/U0/ACTIVE_LOW_BSR_OUT_DFF[0].FDRE_BSR_N/C
  -------------------------------------------------------------------    -------------------
    SLICE_X26Y98         FDRE (Prop_DFF_SLICEL_C_Q)
                                                      0.079     1.899 r  DPU_Block_i/smartconnect_0/inst/clk_map/psr_aclk/U0/ACTIVE_LOW_BSR_OUT_DFF[0].FDRE_BSR_N/Q
                         net (fo=96, routed)          2.348     4.247    <hidden>
    SLICE_X19Y125        FDCE                                         f  <hidden>  (IS_INVERTED)
  -------------------------------------------------------------------    -------------------

                         (clock clk_pl_0 rise edge)
                                                      0.000     0.000 r  
    PS8_X0Y0             PS8                          0.000     0.000 r  DPU_Block_i/zynq_ultra_ps_e_0/inst/PS8_i/PLCLK[0]
                         net (fo=1, routed)           0.135     0.135    DPU_Block_i/zynq_ultra_ps_e_0/inst/pl_clk_unbuffered[0]
    BUFG_PS_X0Y58        BUFG_PS (Prop_BUFG_PS_I_O)
                                                      0.025     0.160 r  DPU_Block_i/zynq_ultra_ps_e_0/inst/buffer_pl_clk_0.PL_CLK_0_BUFG/O
    X0Y1 (CLOCK_ROOT)    net (fo=10450, routed)       1.480     1.640    <hidden>
    SLICE_X19Y125        FDCE                                         r  <hidden>

Slack:                    inf
  Source:                 DPU_Block_i/smartconnect_0/inst/clk_map/psr_aclk/U0/ACTIVE_LOW_BSR_OUT_DFF[0].FDRE_BSR_N/C
                            (rising edge-triggered cell FDRE clocked by clk_pl_0  {rise@0.000ns fall@5.000ns period=10.000ns})
  Destination:            <hidden>
                            (recovery check against rising-edge clock clk_pl_0  {rise@0.000ns fall@5.000ns period=10.000ns})
  Path Group:             (none)
  Path Type:              Recovery (Max at Slow Process Corner)
  Data Path Delay:        2.427ns  (logic 0.079ns (3.255%)  route 2.348ns (96.745%))
  Logic Levels:           0  
  Clock Path Skew:        -0.180ns (DCD - SCD + CPR)
    Destination Clock Delay (DCD):    1.640ns
    Source Clock Delay      (SCD):    1.820ns
    Clock Pessimism Removal (CPR):    0.000ns
  Clock Uncertainty:      0.130ns  ((TSJ^2 + DJ^2)^1/2) / 2 + PE
    Total System Jitter     (TSJ):    0.071ns
    Discrete Jitter          (DJ):    0.250ns
    Phase Error              (PE):    0.000ns
  Clock Net Delay (Source):      1.621ns (routing 0.591ns, distribution 1.030ns)
  Clock Net Delay (Destination): 1.480ns (routing 0.533ns, distribution 0.947ns)
  Timing Exception:       False Path

    Location             Delay type                Incr(ns)  Path(ns)    Netlist Resource(s)
  -------------------------------------------------------------------    -------------------
                         (clock clk_pl_0 rise edge)
                                                      0.000     0.000 r  
    PS8_X0Y0             PS8                          0.000     0.000 r  DPU_Block_i/zynq_ultra_ps_e_0/inst/PS8_i/PLCLK[0]
                         net (fo=1, routed)           0.171     0.171    DPU_Block_i/zynq_ultra_ps_e_0/inst/pl_clk_unbuffered[0]
    BUFG_PS_X0Y58        BUFG_PS (Prop_BUFG_PS_I_O)
                                                      0.028     0.199 r  DPU_Block_i/zynq_ultra_ps_e_0/inst/buffer_pl_clk_0.PL_CLK_0_BUFG/O
    X0Y1 (CLOCK_ROOT)    net (fo=10450, routed)       1.621     1.820    DPU_Block_i/smartconnect_0/inst/clk_map/psr_aclk/U0/aclk
    SLICE_X26Y98         FDRE                                         r  DPU_Block_i/smartconnect_0/inst/clk_map/psr_aclk/U0/ACTIVE_LOW_BSR_OUT_DFF[0].FDRE_BSR_N/C
  -------------------------------------------------------------------    -------------------
    SLICE_X26Y98         FDRE (Prop_DFF_SLICEL_C_Q)
                                                      0.079     1.899 r  DPU_Block_i/smartconnect_0/inst/clk_map/psr_aclk/U0/ACTIVE_LOW_BSR_OUT_DFF[0].FDRE_BSR_N/Q
                         net (fo=96, routed)          2.348     4.247    <hidden>
    SLICE_X19Y125        FDCE                                         f  <hidden>  (IS_INVERTED)
  -------------------------------------------------------------------    -------------------

                         (clock clk_pl_0 rise edge)
                                                      0.000     0.000 r  
    PS8_X0Y0             PS8                          0.000     0.000 r  DPU_Block_i/zynq_ultra_ps_e_0/inst/PS8_i/PLCLK[0]
                         net (fo=1, routed)           0.135     0.135    DPU_Block_i/zynq_ultra_ps_e_0/inst/pl_clk_unbuffered[0]
    BUFG_PS_X0Y58        BUFG_PS (Prop_BUFG_PS_I_O)
                                                      0.025     0.160 r  DPU_Block_i/zynq_ultra_ps_e_0/inst/buffer_pl_clk_0.PL_CLK_0_BUFG/O
    X0Y1 (CLOCK_ROOT)    net (fo=10450, routed)       1.480     1.640    <hidden>
    SLICE_X19Y125        FDCE                                         r  <hidden>

Slack:                    inf
  Source:                 DPU_Block_i/smartconnect_0/inst/clk_map/psr_aclk/U0/ACTIVE_LOW_BSR_OUT_DFF[0].FDRE_BSR_N/C
                            (rising edge-triggered cell FDRE clocked by clk_pl_0  {rise@0.000ns fall@5.000ns period=10.000ns})
  Destination:            <hidden>
                            (recovery check against rising-edge clock clk_pl_0  {rise@0.000ns fall@5.000ns period=10.000ns})
  Path Group:             (none)
  Path Type:              Recovery (Max at Slow Process Corner)
  Data Path Delay:        2.418ns  (logic 0.079ns (3.267%)  route 2.339ns (96.733%))
  Logic Levels:           0  
  Clock Path Skew:        -0.186ns (DCD - SCD + CPR)
    Destination Clock Delay (DCD):    1.634ns
    Source Clock Delay      (SCD):    1.820ns
    Clock Pessimism Removal (CPR):    0.000ns
  Clock Uncertainty:      0.130ns  ((TSJ^2 + DJ^2)^1/2) / 2 + PE
    Total System Jitter     (TSJ):    0.071ns
    Discrete Jitter          (DJ):    0.250ns
    Phase Error              (PE):    0.000ns
  Clock Net Delay (Source):      1.621ns (routing 0.591ns, distribution 1.030ns)
  Clock Net Delay (Destination): 1.474ns (routing 0.533ns, distribution 0.941ns)
  Timing Exception:       False Path

    Location             Delay type                Incr(ns)  Path(ns)    Netlist Resource(s)
  -------------------------------------------------------------------    -------------------
                         (clock clk_pl_0 rise edge)
                                                      0.000     0.000 r  
    PS8_X0Y0             PS8                          0.000     0.000 r  DPU_Block_i/zynq_ultra_ps_e_0/inst/PS8_i/PLCLK[0]
                         net (fo=1, routed)           0.171     0.171    DPU_Block_i/zynq_ultra_ps_e_0/inst/pl_clk_unbuffered[0]
    BUFG_PS_X0Y58        BUFG_PS (Prop_BUFG_PS_I_O)
                                                      0.028     0.199 r  DPU_Block_i/zynq_ultra_ps_e_0/inst/buffer_pl_clk_0.PL_CLK_0_BUFG/O
    X0Y1 (CLOCK_ROOT)    net (fo=10450, routed)       1.621     1.820    DPU_Block_i/smartconnect_0/inst/clk_map/psr_aclk/U0/aclk
    SLICE_X26Y98         FDRE                                         r  DPU_Block_i/smartconnect_0/inst/clk_map/psr_aclk/U0/ACTIVE_LOW_BSR_OUT_DFF[0].FDRE_BSR_N/C
  -------------------------------------------------------------------    -------------------
    SLICE_X26Y98         FDRE (Prop_DFF_SLICEL_C_Q)
                                                      0.079     1.899 r  DPU_Block_i/smartconnect_0/inst/clk_map/psr_aclk/U0/ACTIVE_LOW_BSR_OUT_DFF[0].FDRE_BSR_N/Q
                         net (fo=96, routed)          2.339     4.238    <hidden>
    SLICE_X16Y130        FDCE                                         f  <hidden>  (IS_INVERTED)
  -------------------------------------------------------------------    -------------------

                         (clock clk_pl_0 rise edge)
                                                      0.000     0.000 r  
    PS8_X0Y0             PS8                          0.000     0.000 r  DPU_Block_i/zynq_ultra_ps_e_0/inst/PS8_i/PLCLK[0]
                         net (fo=1, routed)           0.135     0.135    DPU_Block_i/zynq_ultra_ps_e_0/inst/pl_clk_unbuffered[0]
    BUFG_PS_X0Y58        BUFG_PS (Prop_BUFG_PS_I_O)
                                                      0.025     0.160 r  DPU_Block_i/zynq_ultra_ps_e_0/inst/buffer_pl_clk_0.PL_CLK_0_BUFG/O
    X0Y1 (CLOCK_ROOT)    net (fo=10450, routed)       1.474     1.634    <hidden>
    SLICE_X16Y130        FDCE                                         r  <hidden>

Slack:                    inf
  Source:                 DPU_Block_i/smartconnect_0/inst/clk_map/psr_aclk/U0/ACTIVE_LOW_BSR_OUT_DFF[0].FDRE_BSR_N/C
                            (rising edge-triggered cell FDRE clocked by clk_pl_0  {rise@0.000ns fall@5.000ns period=10.000ns})
  Destination:            <hidden>
                            (recovery check against rising-edge clock clk_pl_0  {rise@0.000ns fall@5.000ns period=10.000ns})
  Path Group:             (none)
  Path Type:              Recovery (Max at Slow Process Corner)
  Data Path Delay:        2.418ns  (logic 0.079ns (3.267%)  route 2.339ns (96.733%))
  Logic Levels:           0  
  Clock Path Skew:        -0.186ns (DCD - SCD + CPR)
    Destination Clock Delay (DCD):    1.634ns
    Source Clock Delay      (SCD):    1.820ns
    Clock Pessimism Removal (CPR):    0.000ns
  Clock Uncertainty:      0.130ns  ((TSJ^2 + DJ^2)^1/2) / 2 + PE
    Total System Jitter     (TSJ):    0.071ns
    Discrete Jitter          (DJ):    0.250ns
    Phase Error              (PE):    0.000ns
  Clock Net Delay (Source):      1.621ns (routing 0.591ns, distribution 1.030ns)
  Clock Net Delay (Destination): 1.474ns (routing 0.533ns, distribution 0.941ns)
  Timing Exception:       False Path

    Location             Delay type                Incr(ns)  Path(ns)    Netlist Resource(s)
  -------------------------------------------------------------------    -------------------
                         (clock clk_pl_0 rise edge)
                                                      0.000     0.000 r  
    PS8_X0Y0             PS8                          0.000     0.000 r  DPU_Block_i/zynq_ultra_ps_e_0/inst/PS8_i/PLCLK[0]
                         net (fo=1, routed)           0.171     0.171    DPU_Block_i/zynq_ultra_ps_e_0/inst/pl_clk_unbuffered[0]
    BUFG_PS_X0Y58        BUFG_PS (Prop_BUFG_PS_I_O)
                                                      0.028     0.199 r  DPU_Block_i/zynq_ultra_ps_e_0/inst/buffer_pl_clk_0.PL_CLK_0_BUFG/O
    X0Y1 (CLOCK_ROOT)    net (fo=10450, routed)       1.621     1.820    DPU_Block_i/smartconnect_0/inst/clk_map/psr_aclk/U0/aclk
    SLICE_X26Y98         FDRE                                         r  DPU_Block_i/smartconnect_0/inst/clk_map/psr_aclk/U0/ACTIVE_LOW_BSR_OUT_DFF[0].FDRE_BSR_N/C
  -------------------------------------------------------------------    -------------------
    SLICE_X26Y98         FDRE (Prop_DFF_SLICEL_C_Q)
                                                      0.079     1.899 r  DPU_Block_i/smartconnect_0/inst/clk_map/psr_aclk/U0/ACTIVE_LOW_BSR_OUT_DFF[0].FDRE_BSR_N/Q
                         net (fo=96, routed)          2.339     4.238    <hidden>
    SLICE_X16Y130        FDCE                                         f  <hidden>  (IS_INVERTED)
  -------------------------------------------------------------------    -------------------

                         (clock clk_pl_0 rise edge)
                                                      0.000     0.000 r  
    PS8_X0Y0             PS8                          0.000     0.000 r  DPU_Block_i/zynq_ultra_ps_e_0/inst/PS8_i/PLCLK[0]
                         net (fo=1, routed)           0.135     0.135    DPU_Block_i/zynq_ultra_ps_e_0/inst/pl_clk_unbuffered[0]
    BUFG_PS_X0Y58        BUFG_PS (Prop_BUFG_PS_I_O)
                                                      0.025     0.160 r  DPU_Block_i/zynq_ultra_ps_e_0/inst/buffer_pl_clk_0.PL_CLK_0_BUFG/O
    X0Y1 (CLOCK_ROOT)    net (fo=10450, routed)       1.474     1.634    <hidden>
    SLICE_X16Y130        FDCE                                         r  <hidden>

Slack:                    inf
  Source:                 DPU_Block_i/smartconnect_0/inst/clk_map/psr_aclk/U0/ACTIVE_LOW_BSR_OUT_DFF[0].FDRE_BSR_N/C
                            (rising edge-triggered cell FDRE clocked by clk_pl_0  {rise@0.000ns fall@5.000ns period=10.000ns})
  Destination:            <hidden>
                            (recovery check against rising-edge clock clk_pl_0  {rise@0.000ns fall@5.000ns period=10.000ns})
  Path Group:             (none)
  Path Type:              Recovery (Max at Slow Process Corner)
  Data Path Delay:        2.418ns  (logic 0.079ns (3.267%)  route 2.339ns (96.733%))
  Logic Levels:           0  
  Clock Path Skew:        -0.186ns (DCD - SCD + CPR)
    Destination Clock Delay (DCD):    1.634ns
    Source Clock Delay      (SCD):    1.820ns
    Clock Pessimism Removal (CPR):    0.000ns
  Clock Uncertainty:      0.130ns  ((TSJ^2 + DJ^2)^1/2) / 2 + PE
    Total System Jitter     (TSJ):    0.071ns
    Discrete Jitter          (DJ):    0.250ns
    Phase Error              (PE):    0.000ns
  Clock Net Delay (Source):      1.621ns (routing 0.591ns, distribution 1.030ns)
  Clock Net Delay (Destination): 1.474ns (routing 0.533ns, distribution 0.941ns)
  Timing Exception:       False Path

    Location             Delay type                Incr(ns)  Path(ns)    Netlist Resource(s)
  -------------------------------------------------------------------    -------------------
                         (clock clk_pl_0 rise edge)
                                                      0.000     0.000 r  
    PS8_X0Y0             PS8                          0.000     0.000 r  DPU_Block_i/zynq_ultra_ps_e_0/inst/PS8_i/PLCLK[0]
                         net (fo=1, routed)           0.171     0.171    DPU_Block_i/zynq_ultra_ps_e_0/inst/pl_clk_unbuffered[0]
    BUFG_PS_X0Y58        BUFG_PS (Prop_BUFG_PS_I_O)
                                                      0.028     0.199 r  DPU_Block_i/zynq_ultra_ps_e_0/inst/buffer_pl_clk_0.PL_CLK_0_BUFG/O
    X0Y1 (CLOCK_ROOT)    net (fo=10450, routed)       1.621     1.820    DPU_Block_i/smartconnect_0/inst/clk_map/psr_aclk/U0/aclk
    SLICE_X26Y98         FDRE                                         r  DPU_Block_i/smartconnect_0/inst/clk_map/psr_aclk/U0/ACTIVE_LOW_BSR_OUT_DFF[0].FDRE_BSR_N/C
  -------------------------------------------------------------------    -------------------
    SLICE_X26Y98         FDRE (Prop_DFF_SLICEL_C_Q)
                                                      0.079     1.899 r  DPU_Block_i/smartconnect_0/inst/clk_map/psr_aclk/U0/ACTIVE_LOW_BSR_OUT_DFF[0].FDRE_BSR_N/Q
                         net (fo=96, routed)          2.339     4.238    <hidden>
    SLICE_X16Y130        FDCE                                         f  <hidden>  (IS_INVERTED)
  -------------------------------------------------------------------    -------------------

                         (clock clk_pl_0 rise edge)
                                                      0.000     0.000 r  
    PS8_X0Y0             PS8                          0.000     0.000 r  DPU_Block_i/zynq_ultra_ps_e_0/inst/PS8_i/PLCLK[0]
                         net (fo=1, routed)           0.135     0.135    DPU_Block_i/zynq_ultra_ps_e_0/inst/pl_clk_unbuffered[0]
    BUFG_PS_X0Y58        BUFG_PS (Prop_BUFG_PS_I_O)
                                                      0.025     0.160 r  DPU_Block_i/zynq_ultra_ps_e_0/inst/buffer_pl_clk_0.PL_CLK_0_BUFG/O
    X0Y1 (CLOCK_ROOT)    net (fo=10450, routed)       1.474     1.634    <hidden>
    SLICE_X16Y130        FDCE                                         r  <hidden>

Slack:                    inf
  Source:                 DPU_Block_i/smartconnect_0/inst/clk_map/psr_aclk/U0/ACTIVE_LOW_BSR_OUT_DFF[0].FDRE_BSR_N/C
                            (rising edge-triggered cell FDRE clocked by clk_pl_0  {rise@0.000ns fall@5.000ns period=10.000ns})
  Destination:            <hidden>
                            (recovery check against rising-edge clock clk_pl_0  {rise@0.000ns fall@5.000ns period=10.000ns})
  Path Group:             (none)
  Path Type:              Recovery (Max at Slow Process Corner)
  Data Path Delay:        2.255ns  (logic 0.079ns (3.503%)  route 2.176ns (96.497%))
  Logic Levels:           0  
  Clock Path Skew:        -0.231ns (DCD - SCD + CPR)
    Destination Clock Delay (DCD):    1.589ns
    Source Clock Delay      (SCD):    1.820ns
    Clock Pessimism Removal (CPR):    0.000ns
  Clock Uncertainty:      0.130ns  ((TSJ^2 + DJ^2)^1/2) / 2 + PE
    Total System Jitter     (TSJ):    0.071ns
    Discrete Jitter          (DJ):    0.250ns
    Phase Error              (PE):    0.000ns
  Clock Net Delay (Source):      1.621ns (routing 0.591ns, distribution 1.030ns)
  Clock Net Delay (Destination): 1.429ns (routing 0.533ns, distribution 0.896ns)
  Timing Exception:       False Path

    Location             Delay type                Incr(ns)  Path(ns)    Netlist Resource(s)
  -------------------------------------------------------------------    -------------------
                         (clock clk_pl_0 rise edge)
                                                      0.000     0.000 r  
    PS8_X0Y0             PS8                          0.000     0.000 r  DPU_Block_i/zynq_ultra_ps_e_0/inst/PS8_i/PLCLK[0]
                         net (fo=1, routed)           0.171     0.171    DPU_Block_i/zynq_ultra_ps_e_0/inst/pl_clk_unbuffered[0]
    BUFG_PS_X0Y58        BUFG_PS (Prop_BUFG_PS_I_O)
                                                      0.028     0.199 r  DPU_Block_i/zynq_ultra_ps_e_0/inst/buffer_pl_clk_0.PL_CLK_0_BUFG/O
    X0Y1 (CLOCK_ROOT)    net (fo=10450, routed)       1.621     1.820    DPU_Block_i/smartconnect_0/inst/clk_map/psr_aclk/U0/aclk
    SLICE_X26Y98         FDRE                                         r  DPU_Block_i/smartconnect_0/inst/clk_map/psr_aclk/U0/ACTIVE_LOW_BSR_OUT_DFF[0].FDRE_BSR_N/C
  -------------------------------------------------------------------    -------------------
    SLICE_X26Y98         FDRE (Prop_DFF_SLICEL_C_Q)
                                                      0.079     1.899 r  DPU_Block_i/smartconnect_0/inst/clk_map/psr_aclk/U0/ACTIVE_LOW_BSR_OUT_DFF[0].FDRE_BSR_N/Q
                         net (fo=96, routed)          2.176     4.075    <hidden>
    SLICE_X16Y116        FDCE                                         f  <hidden>  (IS_INVERTED)
  -------------------------------------------------------------------    -------------------

                         (clock clk_pl_0 rise edge)
                                                      0.000     0.000 r  
    PS8_X0Y0             PS8                          0.000     0.000 r  DPU_Block_i/zynq_ultra_ps_e_0/inst/PS8_i/PLCLK[0]
                         net (fo=1, routed)           0.135     0.135    DPU_Block_i/zynq_ultra_ps_e_0/inst/pl_clk_unbuffered[0]
    BUFG_PS_X0Y58        BUFG_PS (Prop_BUFG_PS_I_O)
                                                      0.025     0.160 r  DPU_Block_i/zynq_ultra_ps_e_0/inst/buffer_pl_clk_0.PL_CLK_0_BUFG/O
    X0Y1 (CLOCK_ROOT)    net (fo=10450, routed)       1.429     1.589    <hidden>
    SLICE_X16Y116        FDCE                                         r  <hidden>





Min Delay Paths
--------------------------------------------------------------------------------------
Slack:                    inf
  Source:                 DPU_Block_i/smartconnect_0/inst/clk_map/psr_aclk/U0/ACTIVE_LOW_BSR_OUT_DFF[0].FDRE_BSR_N/C
                            (rising edge-triggered cell FDRE clocked by clk_pl_0  {rise@0.000ns fall@5.000ns period=10.000ns})
  Destination:            <hidden>
                            (removal check against rising-edge clock clk_pl_0  {rise@0.000ns fall@5.000ns period=10.000ns})
  Path Group:             (none)
  Path Type:              Removal (Min at Fast Process Corner)
  Data Path Delay:        0.188ns  (logic 0.039ns (20.738%)  route 0.149ns (79.262%))
  Logic Levels:           0  
  Clock Path Skew:        0.156ns (DCD - SCD - CPR)
    Destination Clock Delay (DCD):    1.155ns
    Source Clock Delay      (SCD):    0.999ns
    Clock Pessimism Removal (CPR):    -0.000ns
  Clock Uncertainty:      0.130ns  ((TSJ^2 + DJ^2)^1/2) / 2 + PE
    Total System Jitter     (TSJ):    0.071ns
    Discrete Jitter          (DJ):    0.250ns
    Phase Error              (PE):    0.000ns
  Clock Net Delay (Source):      0.888ns (routing 0.324ns, distribution 0.564ns)
  Clock Net Delay (Destination): 1.017ns (routing 0.365ns, distribution 0.652ns)
  Timing Exception:       False Path

    Location             Delay type                Incr(ns)  Path(ns)    Netlist Resource(s)
  -------------------------------------------------------------------    -------------------
                         (clock clk_pl_0 rise edge)
                                                      0.000     0.000 r  
    PS8_X0Y0             PS8                          0.000     0.000 r  DPU_Block_i/zynq_ultra_ps_e_0/inst/PS8_i/PLCLK[0]
                         net (fo=1, routed)           0.094     0.094    DPU_Block_i/zynq_ultra_ps_e_0/inst/pl_clk_unbuffered[0]
    BUFG_PS_X0Y58        BUFG_PS (Prop_BUFG_PS_I_O)
                                                      0.017     0.111 r  DPU_Block_i/zynq_ultra_ps_e_0/inst/buffer_pl_clk_0.PL_CLK_0_BUFG/O
    X0Y1 (CLOCK_ROOT)    net (fo=10450, routed)       0.888     0.999    DPU_Block_i/smartconnect_0/inst/clk_map/psr_aclk/U0/aclk
    SLICE_X26Y98         FDRE                                         r  DPU_Block_i/smartconnect_0/inst/clk_map/psr_aclk/U0/ACTIVE_LOW_BSR_OUT_DFF[0].FDRE_BSR_N/C
  -------------------------------------------------------------------    -------------------
    SLICE_X26Y98         FDRE (Prop_DFF_SLICEL_C_Q)
                                                      0.039     1.038 r  DPU_Block_i/smartconnect_0/inst/clk_map/psr_aclk/U0/ACTIVE_LOW_BSR_OUT_DFF[0].FDRE_BSR_N/Q
                         net (fo=96, routed)          0.149     1.187    <hidden>
    SLICE_X22Y100        FDCE                                         f  <hidden>  (IS_INVERTED)
  -------------------------------------------------------------------    -------------------

                         (clock clk_pl_0 rise edge)
                                                      0.000     0.000 r  
    PS8_X0Y0             PS8                          0.000     0.000 r  DPU_Block_i/zynq_ultra_ps_e_0/inst/PS8_i/PLCLK[0]
                         net (fo=1, routed)           0.120     0.120    DPU_Block_i/zynq_ultra_ps_e_0/inst/pl_clk_unbuffered[0]
    BUFG_PS_X0Y58        BUFG_PS (Prop_BUFG_PS_I_O)
                                                      0.018     0.138 r  DPU_Block_i/zynq_ultra_ps_e_0/inst/buffer_pl_clk_0.PL_CLK_0_BUFG/O
    X0Y1 (CLOCK_ROOT)    net (fo=10450, routed)       1.017     1.155    <hidden>
    SLICE_X22Y100        FDCE                                         r  <hidden>

Slack:                    inf
  Source:                 DPU_Block_i/smartconnect_0/inst/clk_map/psr_aclk/U0/ACTIVE_LOW_BSR_OUT_DFF[0].FDRE_BSR_N/C
                            (rising edge-triggered cell FDRE clocked by clk_pl_0  {rise@0.000ns fall@5.000ns period=10.000ns})
  Destination:            <hidden>
                            (removal check against rising-edge clock clk_pl_0  {rise@0.000ns fall@5.000ns period=10.000ns})
  Path Group:             (none)
  Path Type:              Removal (Min at Fast Process Corner)
  Data Path Delay:        0.188ns  (logic 0.039ns (20.738%)  route 0.149ns (79.262%))
  Logic Levels:           0  
  Clock Path Skew:        0.156ns (DCD - SCD - CPR)
    Destination Clock Delay (DCD):    1.155ns
    Source Clock Delay      (SCD):    0.999ns
    Clock Pessimism Removal (CPR):    -0.000ns
  Clock Uncertainty:      0.130ns  ((TSJ^2 + DJ^2)^1/2) / 2 + PE
    Total System Jitter     (TSJ):    0.071ns
    Discrete Jitter          (DJ):    0.250ns
    Phase Error              (PE):    0.000ns
  Clock Net Delay (Source):      0.888ns (routing 0.324ns, distribution 0.564ns)
  Clock Net Delay (Destination): 1.017ns (routing 0.365ns, distribution 0.652ns)
  Timing Exception:       False Path

    Location             Delay type                Incr(ns)  Path(ns)    Netlist Resource(s)
  -------------------------------------------------------------------    -------------------
                         (clock clk_pl_0 rise edge)
                                                      0.000     0.000 r  
    PS8_X0Y0             PS8                          0.000     0.000 r  DPU_Block_i/zynq_ultra_ps_e_0/inst/PS8_i/PLCLK[0]
                         net (fo=1, routed)           0.094     0.094    DPU_Block_i/zynq_ultra_ps_e_0/inst/pl_clk_unbuffered[0]
    BUFG_PS_X0Y58        BUFG_PS (Prop_BUFG_PS_I_O)
                                                      0.017     0.111 r  DPU_Block_i/zynq_ultra_ps_e_0/inst/buffer_pl_clk_0.PL_CLK_0_BUFG/O
    X0Y1 (CLOCK_ROOT)    net (fo=10450, routed)       0.888     0.999    DPU_Block_i/smartconnect_0/inst/clk_map/psr_aclk/U0/aclk
    SLICE_X26Y98         FDRE                                         r  DPU_Block_i/smartconnect_0/inst/clk_map/psr_aclk/U0/ACTIVE_LOW_BSR_OUT_DFF[0].FDRE_BSR_N/C
  -------------------------------------------------------------------    -------------------
    SLICE_X26Y98         FDRE (Prop_DFF_SLICEL_C_Q)
                                                      0.039     1.038 r  DPU_Block_i/smartconnect_0/inst/clk_map/psr_aclk/U0/ACTIVE_LOW_BSR_OUT_DFF[0].FDRE_BSR_N/Q
                         net (fo=96, routed)          0.149     1.187    <hidden>
    SLICE_X22Y100        FDCE                                         f  <hidden>  (IS_INVERTED)
  -------------------------------------------------------------------    -------------------

                         (clock clk_pl_0 rise edge)
                                                      0.000     0.000 r  
    PS8_X0Y0             PS8                          0.000     0.000 r  DPU_Block_i/zynq_ultra_ps_e_0/inst/PS8_i/PLCLK[0]
                         net (fo=1, routed)           0.120     0.120    DPU_Block_i/zynq_ultra_ps_e_0/inst/pl_clk_unbuffered[0]
    BUFG_PS_X0Y58        BUFG_PS (Prop_BUFG_PS_I_O)
                                                      0.018     0.138 r  DPU_Block_i/zynq_ultra_ps_e_0/inst/buffer_pl_clk_0.PL_CLK_0_BUFG/O
    X0Y1 (CLOCK_ROOT)    net (fo=10450, routed)       1.017     1.155    <hidden>
    SLICE_X22Y100        FDCE                                         r  <hidden>

Slack:                    inf
  Source:                 DPU_Block_i/smartconnect_0/inst/clk_map/psr_aclk/U0/ACTIVE_LOW_BSR_OUT_DFF[0].FDRE_BSR_N/C
                            (rising edge-triggered cell FDRE clocked by clk_pl_0  {rise@0.000ns fall@5.000ns period=10.000ns})
  Destination:            <hidden>
                            (removal check against rising-edge clock clk_pl_0  {rise@0.000ns fall@5.000ns period=10.000ns})
  Path Group:             (none)
  Path Type:              Removal (Min at Fast Process Corner)
  Data Path Delay:        0.188ns  (logic 0.039ns (20.738%)  route 0.149ns (79.262%))
  Logic Levels:           0  
  Clock Path Skew:        0.156ns (DCD - SCD - CPR)
    Destination Clock Delay (DCD):    1.155ns
    Source Clock Delay      (SCD):    0.999ns
    Clock Pessimism Removal (CPR):    -0.000ns
  Clock Uncertainty:      0.130ns  ((TSJ^2 + DJ^2)^1/2) / 2 + PE
    Total System Jitter     (TSJ):    0.071ns
    Discrete Jitter          (DJ):    0.250ns
    Phase Error              (PE):    0.000ns
  Clock Net Delay (Source):      0.888ns (routing 0.324ns, distribution 0.564ns)
  Clock Net Delay (Destination): 1.017ns (routing 0.365ns, distribution 0.652ns)
  Timing Exception:       False Path

    Location             Delay type                Incr(ns)  Path(ns)    Netlist Resource(s)
  -------------------------------------------------------------------    -------------------
                         (clock clk_pl_0 rise edge)
                                                      0.000     0.000 r  
    PS8_X0Y0             PS8                          0.000     0.000 r  DPU_Block_i/zynq_ultra_ps_e_0/inst/PS8_i/PLCLK[0]
                         net (fo=1, routed)           0.094     0.094    DPU_Block_i/zynq_ultra_ps_e_0/inst/pl_clk_unbuffered[0]
    BUFG_PS_X0Y58        BUFG_PS (Prop_BUFG_PS_I_O)
                                                      0.017     0.111 r  DPU_Block_i/zynq_ultra_ps_e_0/inst/buffer_pl_clk_0.PL_CLK_0_BUFG/O
    X0Y1 (CLOCK_ROOT)    net (fo=10450, routed)       0.888     0.999    DPU_Block_i/smartconnect_0/inst/clk_map/psr_aclk/U0/aclk
    SLICE_X26Y98         FDRE                                         r  DPU_Block_i/smartconnect_0/inst/clk_map/psr_aclk/U0/ACTIVE_LOW_BSR_OUT_DFF[0].FDRE_BSR_N/C
  -------------------------------------------------------------------    -------------------
    SLICE_X26Y98         FDRE (Prop_DFF_SLICEL_C_Q)
                                                      0.039     1.038 r  DPU_Block_i/smartconnect_0/inst/clk_map/psr_aclk/U0/ACTIVE_LOW_BSR_OUT_DFF[0].FDRE_BSR_N/Q
                         net (fo=96, routed)          0.149     1.187    <hidden>
    SLICE_X22Y100        FDCE                                         f  <hidden>  (IS_INVERTED)
  -------------------------------------------------------------------    -------------------

                         (clock clk_pl_0 rise edge)
                                                      0.000     0.000 r  
    PS8_X0Y0             PS8                          0.000     0.000 r  DPU_Block_i/zynq_ultra_ps_e_0/inst/PS8_i/PLCLK[0]
                         net (fo=1, routed)           0.120     0.120    DPU_Block_i/zynq_ultra_ps_e_0/inst/pl_clk_unbuffered[0]
    BUFG_PS_X0Y58        BUFG_PS (Prop_BUFG_PS_I_O)
                                                      0.018     0.138 r  DPU_Block_i/zynq_ultra_ps_e_0/inst/buffer_pl_clk_0.PL_CLK_0_BUFG/O
    X0Y1 (CLOCK_ROOT)    net (fo=10450, routed)       1.017     1.155    <hidden>
    SLICE_X22Y100        FDCE                                         r  <hidden>

Slack:                    inf
  Source:                 DPU_Block_i/smartconnect_0/inst/clk_map/psr_aclk/U0/ACTIVE_LOW_BSR_OUT_DFF[0].FDRE_BSR_N/C
                            (rising edge-triggered cell FDRE clocked by clk_pl_0  {rise@0.000ns fall@5.000ns period=10.000ns})
  Destination:            <hidden>
                            (removal check against rising-edge clock clk_pl_0  {rise@0.000ns fall@5.000ns period=10.000ns})
  Path Group:             (none)
  Path Type:              Removal (Min at Fast Process Corner)
  Data Path Delay:        0.221ns  (logic 0.039ns (17.625%)  route 0.182ns (82.375%))
  Logic Levels:           0  
  Clock Path Skew:        0.149ns (DCD - SCD - CPR)
    Destination Clock Delay (DCD):    1.148ns
    Source Clock Delay      (SCD):    0.999ns
    Clock Pessimism Removal (CPR):    -0.000ns
  Clock Uncertainty:      0.130ns  ((TSJ^2 + DJ^2)^1/2) / 2 + PE
    Total System Jitter     (TSJ):    0.071ns
    Discrete Jitter          (DJ):    0.250ns
    Phase Error              (PE):    0.000ns
  Clock Net Delay (Source):      0.888ns (routing 0.324ns, distribution 0.564ns)
  Clock Net Delay (Destination): 1.010ns (routing 0.365ns, distribution 0.645ns)
  Timing Exception:       False Path

    Location             Delay type                Incr(ns)  Path(ns)    Netlist Resource(s)
  -------------------------------------------------------------------    -------------------
                         (clock clk_pl_0 rise edge)
                                                      0.000     0.000 r  
    PS8_X0Y0             PS8                          0.000     0.000 r  DPU_Block_i/zynq_ultra_ps_e_0/inst/PS8_i/PLCLK[0]
                         net (fo=1, routed)           0.094     0.094    DPU_Block_i/zynq_ultra_ps_e_0/inst/pl_clk_unbuffered[0]
    BUFG_PS_X0Y58        BUFG_PS (Prop_BUFG_PS_I_O)
                                                      0.017     0.111 r  DPU_Block_i/zynq_ultra_ps_e_0/inst/buffer_pl_clk_0.PL_CLK_0_BUFG/O
    X0Y1 (CLOCK_ROOT)    net (fo=10450, routed)       0.888     0.999    DPU_Block_i/smartconnect_0/inst/clk_map/psr_aclk/U0/aclk
    SLICE_X26Y98         FDRE                                         r  DPU_Block_i/smartconnect_0/inst/clk_map/psr_aclk/U0/ACTIVE_LOW_BSR_OUT_DFF[0].FDRE_BSR_N/C
  -------------------------------------------------------------------    -------------------
    SLICE_X26Y98         FDRE (Prop_DFF_SLICEL_C_Q)
                                                      0.039     1.038 r  DPU_Block_i/smartconnect_0/inst/clk_map/psr_aclk/U0/ACTIVE_LOW_BSR_OUT_DFF[0].FDRE_BSR_N/Q
                         net (fo=96, routed)          0.182     1.220    <hidden>
    SLICE_X25Y95         FDCE                                         f  <hidden>  (IS_INVERTED)
  -------------------------------------------------------------------    -------------------

                         (clock clk_pl_0 rise edge)
                                                      0.000     0.000 r  
    PS8_X0Y0             PS8                          0.000     0.000 r  DPU_Block_i/zynq_ultra_ps_e_0/inst/PS8_i/PLCLK[0]
                         net (fo=1, routed)           0.120     0.120    DPU_Block_i/zynq_ultra_ps_e_0/inst/pl_clk_unbuffered[0]
    BUFG_PS_X0Y58        BUFG_PS (Prop_BUFG_PS_I_O)
                                                      0.018     0.138 r  DPU_Block_i/zynq_ultra_ps_e_0/inst/buffer_pl_clk_0.PL_CLK_0_BUFG/O
    X0Y1 (CLOCK_ROOT)    net (fo=10450, routed)       1.010     1.148    <hidden>
    SLICE_X25Y95         FDCE                                         r  <hidden>

Slack:                    inf
  Source:                 DPU_Block_i/smartconnect_0/inst/clk_map/psr_aclk/U0/ACTIVE_LOW_BSR_OUT_DFF[0].FDRE_BSR_N/C
                            (rising edge-triggered cell FDRE clocked by clk_pl_0  {rise@0.000ns fall@5.000ns period=10.000ns})
  Destination:            <hidden>
                            (removal check against rising-edge clock clk_pl_0  {rise@0.000ns fall@5.000ns period=10.000ns})
  Path Group:             (none)
  Path Type:              Removal (Min at Fast Process Corner)
  Data Path Delay:        0.221ns  (logic 0.039ns (17.625%)  route 0.182ns (82.375%))
  Logic Levels:           0  
  Clock Path Skew:        0.149ns (DCD - SCD - CPR)
    Destination Clock Delay (DCD):    1.148ns
    Source Clock Delay      (SCD):    0.999ns
    Clock Pessimism Removal (CPR):    -0.000ns
  Clock Uncertainty:      0.130ns  ((TSJ^2 + DJ^2)^1/2) / 2 + PE
    Total System Jitter     (TSJ):    0.071ns
    Discrete Jitter          (DJ):    0.250ns
    Phase Error              (PE):    0.000ns
  Clock Net Delay (Source):      0.888ns (routing 0.324ns, distribution 0.564ns)
  Clock Net Delay (Destination): 1.010ns (routing 0.365ns, distribution 0.645ns)
  Timing Exception:       False Path

    Location             Delay type                Incr(ns)  Path(ns)    Netlist Resource(s)
  -------------------------------------------------------------------    -------------------
                         (clock clk_pl_0 rise edge)
                                                      0.000     0.000 r  
    PS8_X0Y0             PS8                          0.000     0.000 r  DPU_Block_i/zynq_ultra_ps_e_0/inst/PS8_i/PLCLK[0]
                         net (fo=1, routed)           0.094     0.094    DPU_Block_i/zynq_ultra_ps_e_0/inst/pl_clk_unbuffered[0]
    BUFG_PS_X0Y58        BUFG_PS (Prop_BUFG_PS_I_O)
                                                      0.017     0.111 r  DPU_Block_i/zynq_ultra_ps_e_0/inst/buffer_pl_clk_0.PL_CLK_0_BUFG/O
    X0Y1 (CLOCK_ROOT)    net (fo=10450, routed)       0.888     0.999    DPU_Block_i/smartconnect_0/inst/clk_map/psr_aclk/U0/aclk
    SLICE_X26Y98         FDRE                                         r  DPU_Block_i/smartconnect_0/inst/clk_map/psr_aclk/U0/ACTIVE_LOW_BSR_OUT_DFF[0].FDRE_BSR_N/C
  -------------------------------------------------------------------    -------------------
    SLICE_X26Y98         FDRE (Prop_DFF_SLICEL_C_Q)
                                                      0.039     1.038 r  DPU_Block_i/smartconnect_0/inst/clk_map/psr_aclk/U0/ACTIVE_LOW_BSR_OUT_DFF[0].FDRE_BSR_N/Q
                         net (fo=96, routed)          0.182     1.220    <hidden>
    SLICE_X25Y95         FDCE                                         f  <hidden>  (IS_INVERTED)
  -------------------------------------------------------------------    -------------------

                         (clock clk_pl_0 rise edge)
                                                      0.000     0.000 r  
    PS8_X0Y0             PS8                          0.000     0.000 r  DPU_Block_i/zynq_ultra_ps_e_0/inst/PS8_i/PLCLK[0]
                         net (fo=1, routed)           0.120     0.120    DPU_Block_i/zynq_ultra_ps_e_0/inst/pl_clk_unbuffered[0]
    BUFG_PS_X0Y58        BUFG_PS (Prop_BUFG_PS_I_O)
                                                      0.018     0.138 r  DPU_Block_i/zynq_ultra_ps_e_0/inst/buffer_pl_clk_0.PL_CLK_0_BUFG/O
    X0Y1 (CLOCK_ROOT)    net (fo=10450, routed)       1.010     1.148    <hidden>
    SLICE_X25Y95         FDCE                                         r  <hidden>

Slack:                    inf
  Source:                 DPU_Block_i/smartconnect_0/inst/clk_map/psr_aclk/U0/ACTIVE_LOW_BSR_OUT_DFF[0].FDRE_BSR_N/C
                            (rising edge-triggered cell FDRE clocked by clk_pl_0  {rise@0.000ns fall@5.000ns period=10.000ns})
  Destination:            <hidden>
                            (removal check against rising-edge clock clk_pl_0  {rise@0.000ns fall@5.000ns period=10.000ns})
  Path Group:             (none)
  Path Type:              Removal (Min at Fast Process Corner)
  Data Path Delay:        0.221ns  (logic 0.039ns (17.625%)  route 0.182ns (82.375%))
  Logic Levels:           0  
  Clock Path Skew:        0.149ns (DCD - SCD - CPR)
    Destination Clock Delay (DCD):    1.148ns
    Source Clock Delay      (SCD):    0.999ns
    Clock Pessimism Removal (CPR):    -0.000ns
  Clock Uncertainty:      0.130ns  ((TSJ^2 + DJ^2)^1/2) / 2 + PE
    Total System Jitter     (TSJ):    0.071ns
    Discrete Jitter          (DJ):    0.250ns
    Phase Error              (PE):    0.000ns
  Clock Net Delay (Source):      0.888ns (routing 0.324ns, distribution 0.564ns)
  Clock Net Delay (Destination): 1.010ns (routing 0.365ns, distribution 0.645ns)
  Timing Exception:       False Path

    Location             Delay type                Incr(ns)  Path(ns)    Netlist Resource(s)
  -------------------------------------------------------------------    -------------------
                         (clock clk_pl_0 rise edge)
                                                      0.000     0.000 r  
    PS8_X0Y0             PS8                          0.000     0.000 r  DPU_Block_i/zynq_ultra_ps_e_0/inst/PS8_i/PLCLK[0]
                         net (fo=1, routed)           0.094     0.094    DPU_Block_i/zynq_ultra_ps_e_0/inst/pl_clk_unbuffered[0]
    BUFG_PS_X0Y58        BUFG_PS (Prop_BUFG_PS_I_O)
                                                      0.017     0.111 r  DPU_Block_i/zynq_ultra_ps_e_0/inst/buffer_pl_clk_0.PL_CLK_0_BUFG/O
    X0Y1 (CLOCK_ROOT)    net (fo=10450, routed)       0.888     0.999    DPU_Block_i/smartconnect_0/inst/clk_map/psr_aclk/U0/aclk
    SLICE_X26Y98         FDRE                                         r  DPU_Block_i/smartconnect_0/inst/clk_map/psr_aclk/U0/ACTIVE_LOW_BSR_OUT_DFF[0].FDRE_BSR_N/C
  -------------------------------------------------------------------    -------------------
    SLICE_X26Y98         FDRE (Prop_DFF_SLICEL_C_Q)
                                                      0.039     1.038 r  DPU_Block_i/smartconnect_0/inst/clk_map/psr_aclk/U0/ACTIVE_LOW_BSR_OUT_DFF[0].FDRE_BSR_N/Q
                         net (fo=96, routed)          0.182     1.220    <hidden>
    SLICE_X25Y95         FDCE                                         f  <hidden>  (IS_INVERTED)
  -------------------------------------------------------------------    -------------------

                         (clock clk_pl_0 rise edge)
                                                      0.000     0.000 r  
    PS8_X0Y0             PS8                          0.000     0.000 r  DPU_Block_i/zynq_ultra_ps_e_0/inst/PS8_i/PLCLK[0]
                         net (fo=1, routed)           0.120     0.120    DPU_Block_i/zynq_ultra_ps_e_0/inst/pl_clk_unbuffered[0]
    BUFG_PS_X0Y58        BUFG_PS (Prop_BUFG_PS_I_O)
                                                      0.018     0.138 r  DPU_Block_i/zynq_ultra_ps_e_0/inst/buffer_pl_clk_0.PL_CLK_0_BUFG/O
    X0Y1 (CLOCK_ROOT)    net (fo=10450, routed)       1.010     1.148    <hidden>
    SLICE_X25Y95         FDCE                                         r  <hidden>

Slack:                    inf
  Source:                 DPU_Block_i/smartconnect_0/inst/clk_map/psr_aclk/U0/ACTIVE_LOW_BSR_OUT_DFF[0].FDRE_BSR_N/C
                            (rising edge-triggered cell FDRE clocked by clk_pl_0  {rise@0.000ns fall@5.000ns period=10.000ns})
  Destination:            <hidden>
                            (removal check against rising-edge clock clk_pl_0  {rise@0.000ns fall@5.000ns period=10.000ns})
  Path Group:             (none)
  Path Type:              Removal (Min at Fast Process Corner)
  Data Path Delay:        0.279ns  (logic 0.039ns (14.002%)  route 0.240ns (85.998%))
  Logic Levels:           0  
  Clock Path Skew:        0.139ns (DCD - SCD - CPR)
    Destination Clock Delay (DCD):    1.138ns
    Source Clock Delay      (SCD):    0.999ns
    Clock Pessimism Removal (CPR):    -0.000ns
  Clock Uncertainty:      0.130ns  ((TSJ^2 + DJ^2)^1/2) / 2 + PE
    Total System Jitter     (TSJ):    0.071ns
    Discrete Jitter          (DJ):    0.250ns
    Phase Error              (PE):    0.000ns
  Clock Net Delay (Source):      0.888ns (routing 0.324ns, distribution 0.564ns)
  Clock Net Delay (Destination): 1.000ns (routing 0.365ns, distribution 0.635ns)
  Timing Exception:       False Path

    Location             Delay type                Incr(ns)  Path(ns)    Netlist Resource(s)
  -------------------------------------------------------------------    -------------------
                         (clock clk_pl_0 rise edge)
                                                      0.000     0.000 r  
    PS8_X0Y0             PS8                          0.000     0.000 r  DPU_Block_i/zynq_ultra_ps_e_0/inst/PS8_i/PLCLK[0]
                         net (fo=1, routed)           0.094     0.094    DPU_Block_i/zynq_ultra_ps_e_0/inst/pl_clk_unbuffered[0]
    BUFG_PS_X0Y58        BUFG_PS (Prop_BUFG_PS_I_O)
                                                      0.017     0.111 r  DPU_Block_i/zynq_ultra_ps_e_0/inst/buffer_pl_clk_0.PL_CLK_0_BUFG/O
    X0Y1 (CLOCK_ROOT)    net (fo=10450, routed)       0.888     0.999    DPU_Block_i/smartconnect_0/inst/clk_map/psr_aclk/U0/aclk
    SLICE_X26Y98         FDRE                                         r  DPU_Block_i/smartconnect_0/inst/clk_map/psr_aclk/U0/ACTIVE_LOW_BSR_OUT_DFF[0].FDRE_BSR_N/C
  -------------------------------------------------------------------    -------------------
    SLICE_X26Y98         FDRE (Prop_DFF_SLICEL_C_Q)
                                                      0.039     1.038 r  DPU_Block_i/smartconnect_0/inst/clk_map/psr_aclk/U0/ACTIVE_LOW_BSR_OUT_DFF[0].FDRE_BSR_N/Q
                         net (fo=96, routed)          0.240     1.278    <hidden>
    SLICE_X20Y91         FDCE                                         f  <hidden>  (IS_INVERTED)
  -------------------------------------------------------------------    -------------------

                         (clock clk_pl_0 rise edge)
                                                      0.000     0.000 r  
    PS8_X0Y0             PS8                          0.000     0.000 r  DPU_Block_i/zynq_ultra_ps_e_0/inst/PS8_i/PLCLK[0]
                         net (fo=1, routed)           0.120     0.120    DPU_Block_i/zynq_ultra_ps_e_0/inst/pl_clk_unbuffered[0]
    BUFG_PS_X0Y58        BUFG_PS (Prop_BUFG_PS_I_O)
                                                      0.018     0.138 r  DPU_Block_i/zynq_ultra_ps_e_0/inst/buffer_pl_clk_0.PL_CLK_0_BUFG/O
    X0Y1 (CLOCK_ROOT)    net (fo=10450, routed)       1.000     1.138    <hidden>
    SLICE_X20Y91         FDCE                                         r  <hidden>

Slack:                    inf
  Source:                 DPU_Block_i/smartconnect_0/inst/clk_map/psr_aclk/U0/ACTIVE_LOW_BSR_OUT_DFF[0].FDRE_BSR_N/C
                            (rising edge-triggered cell FDRE clocked by clk_pl_0  {rise@0.000ns fall@5.000ns period=10.000ns})
  Destination:            <hidden>
                            (removal check against rising-edge clock clk_pl_0  {rise@0.000ns fall@5.000ns period=10.000ns})
  Path Group:             (none)
  Path Type:              Removal (Min at Fast Process Corner)
  Data Path Delay:        0.279ns  (logic 0.039ns (14.002%)  route 0.240ns (85.998%))
  Logic Levels:           0  
  Clock Path Skew:        0.139ns (DCD - SCD - CPR)
    Destination Clock Delay (DCD):    1.138ns
    Source Clock Delay      (SCD):    0.999ns
    Clock Pessimism Removal (CPR):    -0.000ns
  Clock Uncertainty:      0.130ns  ((TSJ^2 + DJ^2)^1/2) / 2 + PE
    Total System Jitter     (TSJ):    0.071ns
    Discrete Jitter          (DJ):    0.250ns
    Phase Error              (PE):    0.000ns
  Clock Net Delay (Source):      0.888ns (routing 0.324ns, distribution 0.564ns)
  Clock Net Delay (Destination): 1.000ns (routing 0.365ns, distribution 0.635ns)
  Timing Exception:       False Path

    Location             Delay type                Incr(ns)  Path(ns)    Netlist Resource(s)
  -------------------------------------------------------------------    -------------------
                         (clock clk_pl_0 rise edge)
                                                      0.000     0.000 r  
    PS8_X0Y0             PS8                          0.000     0.000 r  DPU_Block_i/zynq_ultra_ps_e_0/inst/PS8_i/PLCLK[0]
                         net (fo=1, routed)           0.094     0.094    DPU_Block_i/zynq_ultra_ps_e_0/inst/pl_clk_unbuffered[0]
    BUFG_PS_X0Y58        BUFG_PS (Prop_BUFG_PS_I_O)
                                                      0.017     0.111 r  DPU_Block_i/zynq_ultra_ps_e_0/inst/buffer_pl_clk_0.PL_CLK_0_BUFG/O
    X0Y1 (CLOCK_ROOT)    net (fo=10450, routed)       0.888     0.999    DPU_Block_i/smartconnect_0/inst/clk_map/psr_aclk/U0/aclk
    SLICE_X26Y98         FDRE                                         r  DPU_Block_i/smartconnect_0/inst/clk_map/psr_aclk/U0/ACTIVE_LOW_BSR_OUT_DFF[0].FDRE_BSR_N/C
  -------------------------------------------------------------------    -------------------
    SLICE_X26Y98         FDRE (Prop_DFF_SLICEL_C_Q)
                                                      0.039     1.038 r  DPU_Block_i/smartconnect_0/inst/clk_map/psr_aclk/U0/ACTIVE_LOW_BSR_OUT_DFF[0].FDRE_BSR_N/Q
                         net (fo=96, routed)          0.240     1.278    <hidden>
    SLICE_X20Y91         FDCE                                         f  <hidden>  (IS_INVERTED)
  -------------------------------------------------------------------    -------------------

                         (clock clk_pl_0 rise edge)
                                                      0.000     0.000 r  
    PS8_X0Y0             PS8                          0.000     0.000 r  DPU_Block_i/zynq_ultra_ps_e_0/inst/PS8_i/PLCLK[0]
                         net (fo=1, routed)           0.120     0.120    DPU_Block_i/zynq_ultra_ps_e_0/inst/pl_clk_unbuffered[0]
    BUFG_PS_X0Y58        BUFG_PS (Prop_BUFG_PS_I_O)
                                                      0.018     0.138 r  DPU_Block_i/zynq_ultra_ps_e_0/inst/buffer_pl_clk_0.PL_CLK_0_BUFG/O
    X0Y1 (CLOCK_ROOT)    net (fo=10450, routed)       1.000     1.138    <hidden>
    SLICE_X20Y91         FDCE                                         r  <hidden>

Slack:                    inf
  Source:                 DPU_Block_i/smartconnect_0/inst/clk_map/psr_aclk/U0/ACTIVE_LOW_BSR_OUT_DFF[0].FDRE_BSR_N/C
                            (rising edge-triggered cell FDRE clocked by clk_pl_0  {rise@0.000ns fall@5.000ns period=10.000ns})
  Destination:            <hidden>
                            (removal check against rising-edge clock clk_pl_0  {rise@0.000ns fall@5.000ns period=10.000ns})
  Path Group:             (none)
  Path Type:              Removal (Min at Fast Process Corner)
  Data Path Delay:        0.279ns  (logic 0.039ns (14.002%)  route 0.240ns (85.998%))
  Logic Levels:           0  
  Clock Path Skew:        0.139ns (DCD - SCD - CPR)
    Destination Clock Delay (DCD):    1.138ns
    Source Clock Delay      (SCD):    0.999ns
    Clock Pessimism Removal (CPR):    -0.000ns
  Clock Uncertainty:      0.130ns  ((TSJ^2 + DJ^2)^1/2) / 2 + PE
    Total System Jitter     (TSJ):    0.071ns
    Discrete Jitter          (DJ):    0.250ns
    Phase Error              (PE):    0.000ns
  Clock Net Delay (Source):      0.888ns (routing 0.324ns, distribution 0.564ns)
  Clock Net Delay (Destination): 1.000ns (routing 0.365ns, distribution 0.635ns)
  Timing Exception:       False Path

    Location             Delay type                Incr(ns)  Path(ns)    Netlist Resource(s)
  -------------------------------------------------------------------    -------------------
                         (clock clk_pl_0 rise edge)
                                                      0.000     0.000 r  
    PS8_X0Y0             PS8                          0.000     0.000 r  DPU_Block_i/zynq_ultra_ps_e_0/inst/PS8_i/PLCLK[0]
                         net (fo=1, routed)           0.094     0.094    DPU_Block_i/zynq_ultra_ps_e_0/inst/pl_clk_unbuffered[0]
    BUFG_PS_X0Y58        BUFG_PS (Prop_BUFG_PS_I_O)
                                                      0.017     0.111 r  DPU_Block_i/zynq_ultra_ps_e_0/inst/buffer_pl_clk_0.PL_CLK_0_BUFG/O
    X0Y1 (CLOCK_ROOT)    net (fo=10450, routed)       0.888     0.999    DPU_Block_i/smartconnect_0/inst/clk_map/psr_aclk/U0/aclk
    SLICE_X26Y98         FDRE                                         r  DPU_Block_i/smartconnect_0/inst/clk_map/psr_aclk/U0/ACTIVE_LOW_BSR_OUT_DFF[0].FDRE_BSR_N/C
  -------------------------------------------------------------------    -------------------
    SLICE_X26Y98         FDRE (Prop_DFF_SLICEL_C_Q)
                                                      0.039     1.038 r  DPU_Block_i/smartconnect_0/inst/clk_map/psr_aclk/U0/ACTIVE_LOW_BSR_OUT_DFF[0].FDRE_BSR_N/Q
                         net (fo=96, routed)          0.240     1.278    <hidden>
    SLICE_X20Y91         FDCE                                         f  <hidden>  (IS_INVERTED)
  -------------------------------------------------------------------    -------------------

                         (clock clk_pl_0 rise edge)
                                                      0.000     0.000 r  
    PS8_X0Y0             PS8                          0.000     0.000 r  DPU_Block_i/zynq_ultra_ps_e_0/inst/PS8_i/PLCLK[0]
                         net (fo=1, routed)           0.120     0.120    DPU_Block_i/zynq_ultra_ps_e_0/inst/pl_clk_unbuffered[0]
    BUFG_PS_X0Y58        BUFG_PS (Prop_BUFG_PS_I_O)
                                                      0.018     0.138 r  DPU_Block_i/zynq_ultra_ps_e_0/inst/buffer_pl_clk_0.PL_CLK_0_BUFG/O
    X0Y1 (CLOCK_ROOT)    net (fo=10450, routed)       1.000     1.138    <hidden>
    SLICE_X20Y91         FDCE                                         r  <hidden>

Slack:                    inf
  Source:                 DPU_Block_i/proc_sys_reset_0/U0/ACTIVE_LOW_PR_OUT_DFF[0].FDRE_PER_N_replica/C
                            (rising edge-triggered cell FDRE clocked by clk_pl_0  {rise@0.000ns fall@5.000ns period=10.000ns})
  Destination:            DPU_Block_i/smartconnect_0/inst/clk_map/psr_aclk/U0/EXT_LPF/ACTIVE_LOW_AUX.ACT_LO_AUX/syncstages_ff_reg[0]/D
                            (rising edge-triggered cell FDRE clocked by clk_pl_0  {rise@0.000ns fall@5.000ns period=10.000ns})
  Path Group:             (none)
  Path Type:              Hold (Min at Fast Process Corner)
  Data Path Delay:        0.417ns  (logic 0.060ns (14.380%)  route 0.357ns (85.620%))
  Logic Levels:           1  (LUT1=1)
  Clock Path Skew:        0.144ns (DCD - SCD - CPR)
    Destination Clock Delay (DCD):    1.146ns
    Source Clock Delay      (SCD):    1.003ns
    Clock Pessimism Removal (CPR):    -0.000ns
  Clock Uncertainty:      0.130ns  ((TSJ^2 + DJ^2)^1/2) / 2 + PE
    Total System Jitter     (TSJ):    0.071ns
    Discrete Jitter          (DJ):    0.250ns
    Phase Error              (PE):    0.000ns
  Clock Net Delay (Source):      0.892ns (routing 0.324ns, distribution 0.568ns)
  Clock Net Delay (Destination): 1.008ns (routing 0.365ns, distribution 0.643ns)
  Timing Exception:       False Path

    Location             Delay type                Incr(ns)  Path(ns)    Netlist Resource(s)
  -------------------------------------------------------------------    -------------------
                         (clock clk_pl_0 rise edge)
                                                      0.000     0.000 r  
    PS8_X0Y0             PS8                          0.000     0.000 r  DPU_Block_i/zynq_ultra_ps_e_0/inst/PS8_i/PLCLK[0]
                         net (fo=1, routed)           0.094     0.094    DPU_Block_i/zynq_ultra_ps_e_0/inst/pl_clk_unbuffered[0]
    BUFG_PS_X0Y58        BUFG_PS (Prop_BUFG_PS_I_O)
                                                      0.017     0.111 r  DPU_Block_i/zynq_ultra_ps_e_0/inst/buffer_pl_clk_0.PL_CLK_0_BUFG/O
    X0Y1 (CLOCK_ROOT)    net (fo=10450, routed)       0.892     1.003    DPU_Block_i/proc_sys_reset_0/U0/slowest_sync_clk
    SLICE_X20Y109        FDRE                                         r  DPU_Block_i/proc_sys_reset_0/U0/ACTIVE_LOW_PR_OUT_DFF[0].FDRE_PER_N_replica/C
  -------------------------------------------------------------------    -------------------
    SLICE_X20Y109        FDRE (Prop_AFF_SLICEM_C_Q)
                                                      0.038     1.041 f  DPU_Block_i/proc_sys_reset_0/U0/ACTIVE_LOW_PR_OUT_DFF[0].FDRE_PER_N_replica/Q
                         net (fo=47, routed)          0.242     1.283    DPU_Block_i/smartconnect_0/inst/clk_map/psr_aclk/U0/EXT_LPF/peripheral_aresetn[0]_bufg_place_replica
    SLICE_X28Y98         LUT1 (Prop_G6LUT_SLICEM_I0_O)
                                                      0.022     1.305 r  DPU_Block_i/smartconnect_0/inst/clk_map/psr_aclk/U0/EXT_LPF/ACTIVE_LOW_AUX.ACT_LO_AUX_i_1/O
                         net (fo=1, routed)           0.115     1.420    DPU_Block_i/smartconnect_0/inst/clk_map/psr_aclk/U0/EXT_LPF/ACTIVE_LOW_AUX.ACT_LO_AUX/src_in
    SLICE_X28Y98         FDRE                                         r  DPU_Block_i/smartconnect_0/inst/clk_map/psr_aclk/U0/EXT_LPF/ACTIVE_LOW_AUX.ACT_LO_AUX/syncstages_ff_reg[0]/D
  -------------------------------------------------------------------    -------------------

                         (clock clk_pl_0 rise edge)
                                                      0.000     0.000 r  
    PS8_X0Y0             PS8                          0.000     0.000 r  DPU_Block_i/zynq_ultra_ps_e_0/inst/PS8_i/PLCLK[0]
                         net (fo=1, routed)           0.120     0.120    DPU_Block_i/zynq_ultra_ps_e_0/inst/pl_clk_unbuffered[0]
    BUFG_PS_X0Y58        BUFG_PS (Prop_BUFG_PS_I_O)
                                                      0.018     0.138 r  DPU_Block_i/zynq_ultra_ps_e_0/inst/buffer_pl_clk_0.PL_CLK_0_BUFG/O
    X0Y1 (CLOCK_ROOT)    net (fo=10450, routed)       1.008     1.146    DPU_Block_i/smartconnect_0/inst/clk_map/psr_aclk/U0/EXT_LPF/ACTIVE_LOW_AUX.ACT_LO_AUX/dest_clk
    SLICE_X28Y98         FDRE                                         r  DPU_Block_i/smartconnect_0/inst/clk_map/psr_aclk/U0/EXT_LPF/ACTIVE_LOW_AUX.ACT_LO_AUX/syncstages_ff_reg[0]/C





