#-----------------------------------------------------------
# Vivado v2025.1 (64-bit)
# SW Build 6140274 on Thu May 22 00:12:29 MDT 2025
# IP Build 6138677 on Thu May 22 03:10:11 MDT 2025
# SharedData Build 6139179 on Tue May 20 17:58:58 MDT 2025
# Start of session at: Wed Jul 29 17:06:11 2026
# Process ID         : 11108
# Current directory  : C:/Users/Admin/ip_repo
# Command line       : vivado.exe -gui_launcher_event rodinguilauncherevent26852 C:\Users\Admin\ip_repo\edit_dpu_axi_v1_0.xpr
# Log file           : C:/Users/Admin/ip_repo/vivado.log
# Journal file       : C:/Users/Admin/ip_repo\vivado.jou
# Running On         : DESKTOP-LAL0689
# Platform           : Windows Server 2016 or Windows 10
# Operating System   : 19045
# Processor Detail   : Intel(R) Core(TM) i9-10900KF CPU @ 3.70GHz
# CPU Frequency      : 3696 MHz
# CPU Physical cores : 10
# CPU Logical cores  : 20
# Host memory        : 68611 MB
# Swap memory        : 10200 MB
# Total Virtual      : 78811 MB
# Available Virtual  : 60931 MB
#-----------------------------------------------------------
start_gui
open_project C:/Users/Admin/ip_repo/edit_dpu_axi_v1_0.xpr
WARNING: [Board 49-26] cannot add Board Part xilinx.com:ac701:part0:1.4 available at C:/Xilinx/2025.1/data/xhub/boards\XilinxBoardStore\boards\Xilinx\ac701\1.4\board.xml as part xc7a200tfbg676-2 specified in board_part file is either invalid or not available
WARNING: [Board 49-26] cannot add Board Part xilinx.com:emb-plus-vpr-4616:part0:1.0 available at C:/Xilinx/2025.1/data/xhub/boards\XilinxBoardStore\boards\Xilinx\emb-plus-vpr-4616\1.0\board.xml as part xcve2302-sfva784-2mp-e-s specified in board_part file is either invalid or not available
WARNING: [Board 49-26] cannot add Board Part xilinx.com:emb-plus-vpr-4616:part0:1.1 available at C:/Xilinx/2025.1/data/xhub/boards\XilinxBoardStore\boards\Xilinx\emb-plus-vpr-4616\1.1\board.xml as part xcve2302-sfva784-2mp-e-s specified in board_part file is either invalid or not available
WARNING: [Board 49-26] cannot add Board Part xilinx.com:kc705:part0:1.6 available at C:/Xilinx/2025.1/data/xhub/boards\XilinxBoardStore\boards\Xilinx\kc705\1.6\board.xml as part xc7k325tffg900-2 specified in board_part file is either invalid or not available
WARNING: [Board 49-26] cannot add Board Part xilinx.com:kc705:part0:1.7 available at C:/Xilinx/2025.1/data/xhub/boards\XilinxBoardStore\boards\Xilinx\kc705\1.7\board.xml as part xc7k325tffg900-2 specified in board_part file is either invalid or not available
WARNING: [Board 49-26] cannot add Board Part xilinx.com:kcu105:part0:1.6 available at C:/Xilinx/2025.1/data/xhub/boards\XilinxBoardStore\boards\Xilinx\kcu105\1.6\board.xml as part xcku040-ffva1156-2-e specified in board_part file is either invalid or not available
WARNING: [Board 49-26] cannot add Board Part xilinx.com:kcu105:part0:1.7 available at C:/Xilinx/2025.1/data/xhub/boards\XilinxBoardStore\boards\Xilinx\kcu105\1.7\board.xml as part xcku040-ffva1156-2-e specified in board_part file is either invalid or not available
WARNING: [Board 49-26] cannot add Board Part xilinx.com:kcu116:part0:1.4 available at C:/Xilinx/2025.1/data/xhub/boards\XilinxBoardStore\boards\Xilinx\kcu116\1.4\board.xml as part xcku5p-ffvb676-2-e specified in board_part file is either invalid or not available
WARNING: [Board 49-26] cannot add Board Part xilinx.com:kcu116:part0:1.5 available at C:/Xilinx/2025.1/data/xhub/boards\XilinxBoardStore\boards\Xilinx\kcu116\1.5\board.xml as part xcku5p-ffvb676-2-e specified in board_part file is either invalid or not available
WARNING: [Board 49-26] cannot add Board Part xilinx.com:scu35:part0:1.0 available at C:/Xilinx/2025.1/data/xhub/boards\XilinxBoardStore\boards\Xilinx\scu35\1.0\board.xml as part xcsu35p-sbvb625-2-e specified in board_part file is either invalid or not available
WARNING: [Board 49-26] cannot add Board Part xilinx.com:sp701:part0:1.0 available at C:/Xilinx/2025.1/data/xhub/boards\XilinxBoardStore\boards\Xilinx\sp701\1.0\board.xml as part xc7s100fgga676-2 specified in board_part file is either invalid or not available
WARNING: [Board 49-26] cannot add Board Part xilinx.com:sp701:part0:1.1 available at C:/Xilinx/2025.1/data/xhub/boards\XilinxBoardStore\boards\Xilinx\sp701\1.1\board.xml as part xc7s100fgga676-2 specified in board_part file is either invalid or not available
WARNING: [Board 49-26] cannot add Board Part xilinx.com:v80:part0:1.0 available at C:/Xilinx/2025.1/data/xhub/boards\XilinxBoardStore\boards\Xilinx\v80\1.0\board.xml as part xcv80-lsva4737-2mhp-e-s specified in board_part file is either invalid or not available
WARNING: [Board 49-26] cannot add Board Part xilinx.com:vc707:part0:1.4 available at C:/Xilinx/2025.1/data/xhub/boards\XilinxBoardStore\boards\Xilinx\vc707\1.4\board.xml as part xc7vx485tffg1761-2 specified in board_part file is either invalid or not available
WARNING: [Board 49-26] cannot add Board Part xilinx.com:vc707:part0:1.5 available at C:/Xilinx/2025.1/data/xhub/boards\XilinxBoardStore\boards\Xilinx\vc707\1.5\board.xml as part xc7vx485tffg1761-2 specified in board_part file is either invalid or not available
WARNING: [Board 49-26] cannot add Board Part xilinx.com:vc709:part0:1.8 available at C:/Xilinx/2025.1/data/xhub/boards\XilinxBoardStore\boards\Xilinx\vc709\1.8\board.xml as part xc7vx690tffg1761-2 specified in board_part file is either invalid or not available
WARNING: [Board 49-26] cannot add Board Part xilinx.com:vcu108:part0:1.6 available at C:/Xilinx/2025.1/data/xhub/boards\XilinxBoardStore\boards\Xilinx\vcu108\1.6\board.xml as part xcvu095-ffva2104-2-e specified in board_part file is either invalid or not available
WARNING: [Board 49-26] cannot add Board Part xilinx.com:vcu108:part0:1.7 available at C:/Xilinx/2025.1/data/xhub/boards\XilinxBoardStore\boards\Xilinx\vcu108\1.7\board.xml as part xcvu095-ffva2104-2-e specified in board_part file is either invalid or not available
WARNING: [Board 49-26] cannot add Board Part xilinx.com:vcu110:part0:1.4 available at C:/Xilinx/2025.1/data/xhub/boards\XilinxBoardStore\boards\Xilinx\vcu110\1.4\board.xml as part xcvu190-flgc2104-2-e specified in board_part file is either invalid or not available
WARNING: [Board 49-26] cannot add Board Part xilinx.com:vcu128:part0:1.0 available at C:/Xilinx/2025.1/data/xhub/boards\XilinxBoardStore\boards\Xilinx\vcu128\production\1.0\board.xml as part xcvu37p-fsvh2892-2l-e specified in board_part file is either invalid or not available
WARNING: [Board 49-26] cannot add Board Part xilinx.com:vcu129:part0:1.0 available at C:/Xilinx/2025.1/data/xhub/boards\XilinxBoardStore\boards\Xilinx\vcu129\production\1.0\board.xml as part xcvu29p-fsga2577-2l-e specified in board_part file is either invalid or not available
WARNING: [Board 49-26] cannot add Board Part xilinx.com:vek280:part0:1.0 available at C:/Xilinx/2025.1/data/xhub/boards\XilinxBoardStore\boards\Xilinx\vek280\production\1.0\board.xml as part xcve2802-vsvh1760-2mp-e-s specified in board_part file is either invalid or not available
WARNING: [Board 49-26] cannot add Board Part xilinx.com:vek280:part0:1.1 available at C:/Xilinx/2025.1/data/xhub/boards\XilinxBoardStore\boards\Xilinx\vek280\production\1.1\board.xml as part xcve2802-vsvh1760-2mp-e-s specified in board_part file is either invalid or not available
WARNING: [Board 49-26] cannot add Board Part xilinx.com:vek280:part0:1.2 available at C:/Xilinx/2025.1/data/xhub/boards\XilinxBoardStore\boards\Xilinx\vek280\production\1.2\board.xml as part xcve2802-vsvh1760-2mp-e-s specified in board_part file is either invalid or not available
WARNING: [Board 49-26] cannot add Board Part xilinx.com:vek385:part0:1.0 available at C:/Xilinx/2025.1/data/xhub/boards\XilinxBoardStore\boards\Xilinx\vek385\1.0\board.xml as part xc2ve3858-ssva2112-2mp-e-s specified in board_part file is either invalid or not available
WARNING: [Board 49-26] cannot add Board Part xilinx.com:vermeo_t1_rfsoc:part0:1.0 available at C:/Xilinx/2025.1/data/xhub/boards\XilinxBoardStore\boards\Xilinx\vermeo_t1_rfsoc\1.0\board.xml as part xczu21dr-ffvd1156-2l-e specified in board_part file is either invalid or not available
WARNING: [Board 49-26] cannot add Board Part xilinx.com:vhk158:part0:1.0 available at C:/Xilinx/2025.1/data/xhub/boards\XilinxBoardStore\boards\Xilinx\vhk158\production\1.0\board.xml as part xcvh1582-vsva3697-2mp-e-s specified in board_part file is either invalid or not available
WARNING: [Board 49-26] cannot add Board Part xilinx.com:vhk158:part0:1.1 available at C:/Xilinx/2025.1/data/xhub/boards\XilinxBoardStore\boards\Xilinx\vhk158\production\1.1\board.xml as part xcvh1582-vsva3697-2mp-e-s specified in board_part file is either invalid or not available
WARNING: [Board 49-26] cannot add Board Part xilinx.com:vhk158:part0:1.2 available at C:/Xilinx/2025.1/data/xhub/boards\XilinxBoardStore\boards\Xilinx\vhk158\production\1.2\board.xml as part xcvh1582-vsva3697-2mp-e-s specified in board_part file is either invalid or not available
WARNING: [Board 49-26] cannot add Board Part xilinx.com:vpk180:part0:1.0 available at C:/Xilinx/2025.1/data/xhub/boards\XilinxBoardStore\boards\Xilinx\vpk180\production\1.0\board.xml as part xcvp1802-lsvc4072-2mp-e-s specified in board_part file is either invalid or not available
WARNING: [Board 49-26] cannot add Board Part xilinx.com:vpk180:part0:1.1 available at C:/Xilinx/2025.1/data/xhub/boards\XilinxBoardStore\boards\Xilinx\vpk180\production\1.1\board.xml as part xcvp1802-lsvc4072-2mp-e-s specified in board_part file is either invalid or not available
WARNING: [Board 49-26] cannot add Board Part xilinx.com:vpk180:part0:1.2 available at C:/Xilinx/2025.1/data/xhub/boards\XilinxBoardStore\boards\Xilinx\vpk180\production\1.2\board.xml as part xcvp1802-lsvc4072-2mp-e-s specified in board_part file is either invalid or not available
WARNING: [Board 49-26] cannot add Board Part xilinx.com:zcu111:part0:1.2 available at C:/Xilinx/2025.1/data/xhub/boards\XilinxBoardStore\boards\Xilinx\zcu111\1.2\board.xml as part xczu28dr-ffvg1517-2-e specified in board_part file is either invalid or not available
WARNING: [Board 49-26] cannot add Board Part xilinx.com:zcu111:part0:1.3 available at C:/Xilinx/2025.1/data/xhub/boards\XilinxBoardStore\boards\Xilinx\zcu111\1.3\board.xml as part xczu28dr-ffvg1517-2-e specified in board_part file is either invalid or not available
WARNING: [Board 49-26] cannot add Board Part xilinx.com:zcu111:part0:1.4 available at C:/Xilinx/2025.1/data/xhub/boards\XilinxBoardStore\boards\Xilinx\zcu111\1.4\board.xml as part xczu28dr-ffvg1517-2-e specified in board_part file is either invalid or not available
WARNING: [Board 49-26] cannot add Board Part xilinx.com:zcu1275:part0:1.0 available at C:/Xilinx/2025.1/data/xhub/boards\XilinxBoardStore\boards\Xilinx\zcu1275\1.0\board.xml as part xczu29dr-ffvf1760-2-e specified in board_part file is either invalid or not available
WARNING: [Board 49-26] cannot add Board Part xilinx.com:zcu1285:part0:1.0 available at C:/Xilinx/2025.1/data/xhub/boards\XilinxBoardStore\boards\Xilinx\zcu1285\1.0\board.xml as part xczu39dr-ffvf1760-2-i specified in board_part file is either invalid or not available
WARNING: [Board 49-26] cannot add Board Part xilinx.com:zcu208:part0:2.0 available at C:/Xilinx/2025.1/data/xhub/boards\XilinxBoardStore\boards\Xilinx\zcu208\production\2.0\board.xml as part xczu48dr-fsvg1517-2-e specified in board_part file is either invalid or not available
WARNING: [Board 49-26] cannot add Board Part xilinx.com:zcu208ld:part0:2.0 available at C:/Xilinx/2025.1/data/xhub/boards\XilinxBoardStore\boards\Xilinx\zcu208ld\production\2.0\board.xml as part xczu58dr-fsvg1517-2-i specified in board_part file is either invalid or not available
WARNING: [Board 49-26] cannot add Board Part xilinx.com:zcu216:part0:2.0 available at C:/Xilinx/2025.1/data/xhub/boards\XilinxBoardStore\boards\Xilinx\zcu216\production\2.0\board.xml as part xczu49dr-ffvf1760-2-e specified in board_part file is either invalid or not available
WARNING: [Board 49-26] cannot add Board Part xilinx.com:zcu216ld:part0:2.0 available at C:/Xilinx/2025.1/data/xhub/boards\XilinxBoardStore\boards\Xilinx\zcu216ld\production\2.0\board.xml as part xczu59dr-ffvf1760-2-i specified in board_part file is either invalid or not available
WARNING: [Board 49-26] cannot add Board Part xilinx.com:zcu670:part0:2.0 available at C:/Xilinx/2025.1/data/xhub/boards\XilinxBoardStore\boards\Xilinx\zcu670\2.0\board.xml as part xczu67dr-fsve1156-2-i specified in board_part file is either invalid or not available
WARNING: [Board 49-26] cannot add Board Part xilinx.com:zcu670ld:part0:1.0 available at C:/Xilinx/2025.1/data/xhub/boards\XilinxBoardStore\boards\Xilinx\zcu670ld\1.0\board.xml as part xczu57dr-fsve1156-2-i specified in board_part file is either invalid or not available
INFO: [filemgmt 56-3] Default IP Output Path : Could not find the directory 'C:/Users/Admin/ip_repo/edit_dpu_axi_v1_0.gen/sources_1'.
Scanning sources...
Finished scanning sources
WARNING: [Board 49-26] cannot add Board Part xilinx.com:ac701:part0:1.4 available at C:/Xilinx/2025.1/data/xhub/boards\XilinxBoardStore\boards\Xilinx\ac701\1.4\board.xml as part xc7a200tfbg676-2 specified in board_part file is either invalid or not available
WARNING: [Board 49-26] cannot add Board Part xilinx.com:emb-plus-vpr-4616:part0:1.0 available at C:/Xilinx/2025.1/data/xhub/boards\XilinxBoardStore\boards\Xilinx\emb-plus-vpr-4616\1.0\board.xml as part xcve2302-sfva784-2mp-e-s specified in board_part file is either invalid or not available
WARNING: [Board 49-26] cannot add Board Part xilinx.com:emb-plus-vpr-4616:part0:1.1 available at C:/Xilinx/2025.1/data/xhub/boards\XilinxBoardStore\boards\Xilinx\emb-plus-vpr-4616\1.1\board.xml as part xcve2302-sfva784-2mp-e-s specified in board_part file is either invalid or not available
WARNING: [Board 49-26] cannot add Board Part xilinx.com:kc705:part0:1.6 available at C:/Xilinx/2025.1/data/xhub/boards\XilinxBoardStore\boards\Xilinx\kc705\1.6\board.xml as part xc7k325tffg900-2 specified in board_part file is either invalid or not available
WARNING: [Board 49-26] cannot add Board Part xilinx.com:kc705:part0:1.7 available at C:/Xilinx/2025.1/data/xhub/boards\XilinxBoardStore\boards\Xilinx\kc705\1.7\board.xml as part xc7k325tffg900-2 specified in board_part file is either invalid or not available
WARNING: [Board 49-26] cannot add Board Part xilinx.com:kcu105:part0:1.6 available at C:/Xilinx/2025.1/data/xhub/boards\XilinxBoardStore\boards\Xilinx\kcu105\1.6\board.xml as part xcku040-ffva1156-2-e specified in board_part file is either invalid or not available
WARNING: [Board 49-26] cannot add Board Part xilinx.com:kcu105:part0:1.7 available at C:/Xilinx/2025.1/data/xhub/boards\XilinxBoardStore\boards\Xilinx\kcu105\1.7\board.xml as part xcku040-ffva1156-2-e specified in board_part file is either invalid or not available
WARNING: [Board 49-26] cannot add Board Part xilinx.com:kcu116:part0:1.4 available at C:/Xilinx/2025.1/data/xhub/boards\XilinxBoardStore\boards\Xilinx\kcu116\1.4\board.xml as part xcku5p-ffvb676-2-e specified in board_part file is either invalid or not available
WARNING: [Board 49-26] cannot add Board Part xilinx.com:kcu116:part0:1.5 available at C:/Xilinx/2025.1/data/xhub/boards\XilinxBoardStore\boards\Xilinx\kcu116\1.5\board.xml as part xcku5p-ffvb676-2-e specified in board_part file is either invalid or not available
WARNING: [Board 49-26] cannot add Board Part xilinx.com:scu35:part0:1.0 available at C:/Xilinx/2025.1/data/xhub/boards\XilinxBoardStore\boards\Xilinx\scu35\1.0\board.xml as part xcsu35p-sbvb625-2-e specified in board_part file is either invalid or not available
WARNING: [Board 49-26] cannot add Board Part xilinx.com:sp701:part0:1.0 available at C:/Xilinx/2025.1/data/xhub/boards\XilinxBoardStore\boards\Xilinx\sp701\1.0\board.xml as part xc7s100fgga676-2 specified in board_part file is either invalid or not available
WARNING: [Board 49-26] cannot add Board Part xilinx.com:sp701:part0:1.1 available at C:/Xilinx/2025.1/data/xhub/boards\XilinxBoardStore\boards\Xilinx\sp701\1.1\board.xml as part xc7s100fgga676-2 specified in board_part file is either invalid or not available
WARNING: [Board 49-26] cannot add Board Part xilinx.com:v80:part0:1.0 available at C:/Xilinx/2025.1/data/xhub/boards\XilinxBoardStore\boards\Xilinx\v80\1.0\board.xml as part xcv80-lsva4737-2mhp-e-s specified in board_part file is either invalid or not available
WARNING: [Board 49-26] cannot add Board Part xilinx.com:vc707:part0:1.4 available at C:/Xilinx/2025.1/data/xhub/boards\XilinxBoardStore\boards\Xilinx\vc707\1.4\board.xml as part xc7vx485tffg1761-2 specified in board_part file is either invalid or not available
WARNING: [Board 49-26] cannot add Board Part xilinx.com:vc707:part0:1.5 available at C:/Xilinx/2025.1/data/xhub/boards\XilinxBoardStore\boards\Xilinx\vc707\1.5\board.xml as part xc7vx485tffg1761-2 specified in board_part file is either invalid or not available
WARNING: [Board 49-26] cannot add Board Part xilinx.com:vc709:part0:1.8 available at C:/Xilinx/2025.1/data/xhub/boards\XilinxBoardStore\boards\Xilinx\vc709\1.8\board.xml as part xc7vx690tffg1761-2 specified in board_part file is either invalid or not available
WARNING: [Board 49-26] cannot add Board Part xilinx.com:vcu108:part0:1.6 available at C:/Xilinx/2025.1/data/xhub/boards\XilinxBoardStore\boards\Xilinx\vcu108\1.6\board.xml as part xcvu095-ffva2104-2-e specified in board_part file is either invalid or not available
WARNING: [Board 49-26] cannot add Board Part xilinx.com:vcu108:part0:1.7 available at C:/Xilinx/2025.1/data/xhub/boards\XilinxBoardStore\boards\Xilinx\vcu108\1.7\board.xml as part xcvu095-ffva2104-2-e specified in board_part file is either invalid or not available
WARNING: [Board 49-26] cannot add Board Part xilinx.com:vcu110:part0:1.4 available at C:/Xilinx/2025.1/data/xhub/boards\XilinxBoardStore\boards\Xilinx\vcu110\1.4\board.xml as part xcvu190-flgc2104-2-e specified in board_part file is either invalid or not available
WARNING: [Board 49-26] cannot add Board Part xilinx.com:vcu128:part0:1.0 available at C:/Xilinx/2025.1/data/xhub/boards\XilinxBoardStore\boards\Xilinx\vcu128\production\1.0\board.xml as part xcvu37p-fsvh2892-2l-e specified in board_part file is either invalid or not available
WARNING: [Board 49-26] cannot add Board Part xilinx.com:vcu129:part0:1.0 available at C:/Xilinx/2025.1/data/xhub/boards\XilinxBoardStore\boards\Xilinx\vcu129\production\1.0\board.xml as part xcvu29p-fsga2577-2l-e specified in board_part file is either invalid or not available
WARNING: [Board 49-26] cannot add Board Part xilinx.com:vek280:part0:1.0 available at C:/Xilinx/2025.1/data/xhub/boards\XilinxBoardStore\boards\Xilinx\vek280\production\1.0\board.xml as part xcve2802-vsvh1760-2mp-e-s specified in board_part file is either invalid or not available
WARNING: [Board 49-26] cannot add Board Part xilinx.com:vek280:part0:1.1 available at C:/Xilinx/2025.1/data/xhub/boards\XilinxBoardStore\boards\Xilinx\vek280\production\1.1\board.xml as part xcve2802-vsvh1760-2mp-e-s specified in board_part file is either invalid or not available
WARNING: [Board 49-26] cannot add Board Part xilinx.com:vek280:part0:1.2 available at C:/Xilinx/2025.1/data/xhub/boards\XilinxBoardStore\boards\Xilinx\vek280\production\1.2\board.xml as part xcve2802-vsvh1760-2mp-e-s specified in board_part file is either invalid or not available
WARNING: [Board 49-26] cannot add Board Part xilinx.com:vek385:part0:1.0 available at C:/Xilinx/2025.1/data/xhub/boards\XilinxBoardStore\boards\Xilinx\vek385\1.0\board.xml as part xc2ve3858-ssva2112-2mp-e-s specified in board_part file is either invalid or not available
WARNING: [Board 49-26] cannot add Board Part xilinx.com:vermeo_t1_rfsoc:part0:1.0 available at C:/Xilinx/2025.1/data/xhub/boards\XilinxBoardStore\boards\Xilinx\vermeo_t1_rfsoc\1.0\board.xml as part xczu21dr-ffvd1156-2l-e specified in board_part file is either invalid or not available
WARNING: [Board 49-26] cannot add Board Part xilinx.com:vhk158:part0:1.0 available at C:/Xilinx/2025.1/data/xhub/boards\XilinxBoardStore\boards\Xilinx\vhk158\production\1.0\board.xml as part xcvh1582-vsva3697-2mp-e-s specified in board_part file is either invalid or not available
WARNING: [Board 49-26] cannot add Board Part xilinx.com:vhk158:part0:1.1 available at C:/Xilinx/2025.1/data/xhub/boards\XilinxBoardStore\boards\Xilinx\vhk158\production\1.1\board.xml as part xcvh1582-vsva3697-2mp-e-s specified in board_part file is either invalid or not available
WARNING: [Board 49-26] cannot add Board Part xilinx.com:vhk158:part0:1.2 available at C:/Xilinx/2025.1/data/xhub/boards\XilinxBoardStore\boards\Xilinx\vhk158\production\1.2\board.xml as part xcvh1582-vsva3697-2mp-e-s specified in board_part file is either invalid or not available
WARNING: [Board 49-26] cannot add Board Part xilinx.com:vpk180:part0:1.0 available at C:/Xilinx/2025.1/data/xhub/boards\XilinxBoardStore\boards\Xilinx\vpk180\production\1.0\board.xml as part xcvp1802-lsvc4072-2mp-e-s specified in board_part file is either invalid or not available
WARNING: [Board 49-26] cannot add Board Part xilinx.com:vpk180:part0:1.1 available at C:/Xilinx/2025.1/data/xhub/boards\XilinxBoardStore\boards\Xilinx\vpk180\production\1.1\board.xml as part xcvp1802-lsvc4072-2mp-e-s specified in board_part file is either invalid or not available
WARNING: [Board 49-26] cannot add Board Part xilinx.com:vpk180:part0:1.2 available at C:/Xilinx/2025.1/data/xhub/boards\XilinxBoardStore\boards\Xilinx\vpk180\production\1.2\board.xml as part xcvp1802-lsvc4072-2mp-e-s specified in board_part file is either invalid or not available
WARNING: [Board 49-26] cannot add Board Part xilinx.com:zcu111:part0:1.2 available at C:/Xilinx/2025.1/data/xhub/boards\XilinxBoardStore\boards\Xilinx\zcu111\1.2\board.xml as part xczu28dr-ffvg1517-2-e specified in board_part file is either invalid or not available
WARNING: [Board 49-26] cannot add Board Part xilinx.com:zcu111:part0:1.3 available at C:/Xilinx/2025.1/data/xhub/boards\XilinxBoardStore\boards\Xilinx\zcu111\1.3\board.xml as part xczu28dr-ffvg1517-2-e specified in board_part file is either invalid or not available
WARNING: [Board 49-26] cannot add Board Part xilinx.com:zcu111:part0:1.4 available at C:/Xilinx/2025.1/data/xhub/boards\XilinxBoardStore\boards\Xilinx\zcu111\1.4\board.xml as part xczu28dr-ffvg1517-2-e specified in board_part file is either invalid or not available
WARNING: [Board 49-26] cannot add Board Part xilinx.com:zcu1275:part0:1.0 available at C:/Xilinx/2025.1/data/xhub/boards\XilinxBoardStore\boards\Xilinx\zcu1275\1.0\board.xml as part xczu29dr-ffvf1760-2-e specified in board_part file is either invalid or not available
WARNING: [Board 49-26] cannot add Board Part xilinx.com:zcu1285:part0:1.0 available at C:/Xilinx/2025.1/data/xhub/boards\XilinxBoardStore\boards\Xilinx\zcu1285\1.0\board.xml as part xczu39dr-ffvf1760-2-i specified in board_part file is either invalid or not available
WARNING: [Board 49-26] cannot add Board Part xilinx.com:zcu208:part0:2.0 available at C:/Xilinx/2025.1/data/xhub/boards\XilinxBoardStore\boards\Xilinx\zcu208\production\2.0\board.xml as part xczu48dr-fsvg1517-2-e specified in board_part file is either invalid or not available
WARNING: [Board 49-26] cannot add Board Part xilinx.com:zcu208ld:part0:2.0 available at C:/Xilinx/2025.1/data/xhub/boards\XilinxBoardStore\boards\Xilinx\zcu208ld\production\2.0\board.xml as part xczu58dr-fsvg1517-2-i specified in board_part file is either invalid or not available
WARNING: [Board 49-26] cannot add Board Part xilinx.com:zcu216:part0:2.0 available at C:/Xilinx/2025.1/data/xhub/boards\XilinxBoardStore\boards\Xilinx\zcu216\production\2.0\board.xml as part xczu49dr-ffvf1760-2-e specified in board_part file is either invalid or not available
WARNING: [Board 49-26] cannot add Board Part xilinx.com:zcu216ld:part0:2.0 available at C:/Xilinx/2025.1/data/xhub/boards\XilinxBoardStore\boards\Xilinx\zcu216ld\production\2.0\board.xml as part xczu59dr-ffvf1760-2-i specified in board_part file is either invalid or not available
WARNING: [Board 49-26] cannot add Board Part xilinx.com:zcu670:part0:2.0 available at C:/Xilinx/2025.1/data/xhub/boards\XilinxBoardStore\boards\Xilinx\zcu670\2.0\board.xml as part xczu67dr-fsve1156-2-i specified in board_part file is either invalid or not available
WARNING: [Board 49-26] cannot add Board Part xilinx.com:zcu670ld:part0:1.0 available at C:/Xilinx/2025.1/data/xhub/boards\XilinxBoardStore\boards\Xilinx\zcu670ld\1.0\board.xml as part xczu57dr-fsve1156-2-i specified in board_part file is either invalid or not available
WARNING: [Project 1-5713] Board part '' set for the project  is not found. BoardPart property will be unset. Please select board from latest repo build 
INFO: [IP_Flow 19-234] Refreshing IP repositories
INFO: [IP_Flow 19-1700] Loaded user IP repository 'c:/Users/Admin/ip_repo'.
INFO: [IP_Flow 19-1700] Loaded user IP repository 'c:/Users/Admin/DPU/DPU.srcs/sources_1/ip/dpu_axi_1'.
INFO: [IP_Flow 19-2313] Loaded Vivado IP repository 'C:/Xilinx/2025.1/Vivado/data/ip'.
open_project: Time (s): cpu = 00:00:12 ; elapsed = 00:00:06 . Memory (MB): peak = 1703.336 ; gain = 155.113
update_compile_order -fileset sources_1
import_files -norecurse {{C:/Users/Admin/OneDrive - Northwestern University/VSCProjects/DPU/DpuCore.sv} {C:/Users/Admin/OneDrive - Northwestern University/VSCProjects/DPU/ActivationSelect.sv} {C:/Users/Admin/OneDrive - Northwestern University/VSCProjects/DPU/PEUnit.sv} {C:/Users/Admin/OneDrive - Northwestern University/VSCProjects/DPU/MACArray.sv} {C:/Users/Admin/OneDrive - Northwestern University/VSCProjects/DPU/DPU_Top.sv}}
update_compile_order -fileset sources_1
WARNING: [filemgmt 56-199] Attempt to get parsing info during refresh. "On-the-fly" syntax checking information may be incorrect. [C:\Users\Admin\ip_repo\edit_dpu_axi_v1_0.srcs\sources_1\imports\DPU\DPU_Top.sv:]
WARNING: [filemgmt 56-199] Attempt to get parsing info during refresh. "On-the-fly" syntax checking information may be incorrect. [C:\Users\Admin\ip_repo\dpu_axi_1_0\hdl\dpu_axi.v:]
WARNING: [filemgmt 56-199] Attempt to get parsing info during refresh. "On-the-fly" syntax checking information may be incorrect. [C:\Users\Admin\ip_repo\dpu_axi_1_0\hdl\dpu_axi.v:]
WARNING: [filemgmt 56-199] Attempt to get parsing info during refresh. "On-the-fly" syntax checking information may be incorrect. [C:\Users\Admin\ip_repo\dpu_axi_1_0\hdl\dpu_axi.v:]
WARNING: [filemgmt 56-199] Attempt to get parsing info during refresh. "On-the-fly" syntax checking information may be incorrect. [C:\Users\Admin\ip_repo\edit_dpu_axi_v1_0.srcs\sources_1\imports\DPU\DPU_Top.sv:]
WARNING: [filemgmt 56-199] Attempt to get parsing info during refresh. "On-the-fly" syntax checking information may be incorrect. [C:\Users\Admin\ip_repo\dpu_axi_1_0\hdl\dpu_axi.v:]
WARNING: [filemgmt 56-199] Attempt to get parsing info during refresh. "On-the-fly" syntax checking information may be incorrect. [C:\Users\Admin\ip_repo\dpu_axi_1_0\hdl\dpu_axi.v:]
WARNING: [filemgmt 56-199] Attempt to get parsing info during refresh. "On-the-fly" syntax checking information may be incorrect. [C:\Users\Admin\ip_repo\dpu_axi_1_0\hdl\dpu_axi.v:]
WARNING: [filemgmt 56-199] Attempt to get parsing info during refresh. "On-the-fly" syntax checking information may be incorrect. [C:\Users\Admin\ip_repo\edit_dpu_axi_v1_0.srcs\sources_1\imports\DPU\DPU_Top.sv:]
WARNING: [filemgmt 56-199] Attempt to get parsing info during refresh. "On-the-fly" syntax checking information may be incorrect. [C:\Users\Admin\ip_repo\edit_dpu_axi_v1_0.srcs\sources_1\imports\DPU\DpuCore.sv:]
WARNING: [filemgmt 56-199] Attempt to get parsing info during refresh. "On-the-fly" syntax checking information may be incorrect. [C:\Users\Admin\ip_repo\edit_dpu_axi_v1_0.srcs\sources_1\imports\DPU\MACArray.sv:]
WARNING: [filemgmt 56-199] Attempt to get parsing info during refresh. "On-the-fly" syntax checking information may be incorrect. [C:\Users\Admin\ip_repo\dpu_axi_1_0\hdl\dpu_axi.v:]
WARNING: [filemgmt 56-199] Attempt to get parsing info during refresh. "On-the-fly" syntax checking information may be incorrect. [C:\Users\Admin\ip_repo\edit_dpu_axi_v1_0.srcs\sources_1\imports\DPU\DPU_Top.sv:]
WARNING: [filemgmt 56-199] Attempt to get parsing info during refresh. "On-the-fly" syntax checking information may be incorrect. [C:\Users\Admin\ip_repo\edit_dpu_axi_v1_0.srcs\sources_1\imports\DPU\DPU_Top.sv:]
WARNING: [filemgmt 56-199] Attempt to get parsing info during refresh. "On-the-fly" syntax checking information may be incorrect. [C:\Users\Admin\ip_repo\edit_dpu_axi_v1_0.srcs\sources_1\imports\DPU\DPU_Top.sv:]
WARNING: [filemgmt 56-199] Attempt to get parsing info during refresh. "On-the-fly" syntax checking information may be incorrect. [C:\Users\Admin\ip_repo\edit_dpu_axi_v1_0.srcs\sources_1\imports\DPU\DpuCore.sv:]
WARNING: [filemgmt 56-199] Attempt to get parsing info during refresh. "On-the-fly" syntax checking information may be incorrect. [C:\Users\Admin\ip_repo\edit_dpu_axi_v1_0.srcs\sources_1\imports\DPU\MACArray.sv:]
WARNING: [filemgmt 56-199] Attempt to get parsing info during refresh. "On-the-fly" syntax checking information may be incorrect. [C:\Users\Admin\ip_repo\dpu_axi_1_0\hdl\dpu_axi.v:]
WARNING: [filemgmt 56-199] Attempt to get parsing info during refresh. "On-the-fly" syntax checking information may be incorrect. [C:\Users\Admin\ip_repo\edit_dpu_axi_v1_0.srcs\sources_1\imports\DPU\DpuCore.sv:]
WARNING: [filemgmt 56-199] Attempt to get parsing info during refresh. "On-the-fly" syntax checking information may be incorrect. [C:\Users\Admin\ip_repo\edit_dpu_axi_v1_0.srcs\sources_1\imports\DPU\DpuCore.sv:]
WARNING: [filemgmt 56-199] Attempt to get parsing info during refresh. "On-the-fly" syntax checking information may be incorrect. [C:\Users\Admin\ip_repo\edit_dpu_axi_v1_0.srcs\sources_1\imports\DPU\DPU_Top.sv:]
WARNING: [filemgmt 56-199] Attempt to get parsing info during refresh. "On-the-fly" syntax checking information may be incorrect. [C:\Users\Admin\ip_repo\edit_dpu_axi_v1_0.srcs\sources_1\imports\DPU\DpuCore.sv:]
WARNING: [filemgmt 56-199] Attempt to get parsing info during refresh. "On-the-fly" syntax checking information may be incorrect. [C:\Users\Admin\ip_repo\edit_dpu_axi_v1_0.srcs\sources_1\imports\DPU\MACArray.sv:]
WARNING: [filemgmt 56-199] Attempt to get parsing info during refresh. "On-the-fly" syntax checking information may be incorrect. [C:\Users\Admin\ip_repo\dpu_axi_1_0\hdl\dpu_axi.v:]
WARNING: [filemgmt 56-199] Attempt to get parsing info during refresh. "On-the-fly" syntax checking information may be incorrect. [C:\Users\Admin\ip_repo\edit_dpu_axi_v1_0.srcs\sources_1\imports\DPU\DPU_Top.sv:]
WARNING: [filemgmt 56-199] Attempt to get parsing info during refresh. "On-the-fly" syntax checking information may be incorrect. [C:\Users\Admin\ip_repo\edit_dpu_axi_v1_0.srcs\sources_1\imports\DPU\DPU_Top.sv:]
WARNING: [filemgmt 56-199] Attempt to get parsing info during refresh. "On-the-fly" syntax checking information may be incorrect. [C:\Users\Admin\ip_repo\edit_dpu_axi_v1_0.srcs\sources_1\imports\DPU\DPU_Top.sv:]
WARNING: [filemgmt 56-199] Attempt to get parsing info during refresh. "On-the-fly" syntax checking information may be incorrect. [C:\Users\Admin\ip_repo\edit_dpu_axi_v1_0.srcs\sources_1\imports\DPU\DpuCore.sv:]
WARNING: [filemgmt 56-199] Attempt to get parsing info during refresh. "On-the-fly" syntax checking information may be incorrect. [C:\Users\Admin\ip_repo\edit_dpu_axi_v1_0.srcs\sources_1\imports\DPU\MACArray.sv:]
WARNING: [filemgmt 56-199] Attempt to get parsing info during refresh. "On-the-fly" syntax checking information may be incorrect. [C:\Users\Admin\ip_repo\dpu_axi_1_0\hdl\dpu_axi.v:]
WARNING: [filemgmt 56-199] Attempt to get parsing info during refresh. "On-the-fly" syntax checking information may be incorrect. [C:\Users\Admin\ip_repo\edit_dpu_axi_v1_0.srcs\sources_1\imports\DPU\DpuCore.sv:]
WARNING: [filemgmt 56-199] Attempt to get parsing info during refresh. "On-the-fly" syntax checking information may be incorrect. [C:\Users\Admin\ip_repo\edit_dpu_axi_v1_0.srcs\sources_1\imports\DPU\DpuCore.sv:]
WARNING: [filemgmt 56-199] Attempt to get parsing info during refresh. "On-the-fly" syntax checking information may be incorrect. [C:\Users\Admin\ip_repo\edit_dpu_axi_v1_0.srcs\sources_1\imports\DPU\DPU_Top.sv:]
WARNING: [filemgmt 56-199] Attempt to get parsing info during refresh. "On-the-fly" syntax checking information may be incorrect. [C:\Users\Admin\ip_repo\edit_dpu_axi_v1_0.srcs\sources_1\imports\DPU\DpuCore.sv:]
WARNING: [filemgmt 56-199] Attempt to get parsing info during refresh. "On-the-fly" syntax checking information may be incorrect. [C:\Users\Admin\ip_repo\edit_dpu_axi_v1_0.srcs\sources_1\imports\DPU\MACArray.sv:]
WARNING: [filemgmt 56-199] Attempt to get parsing info during refresh. "On-the-fly" syntax checking information may be incorrect. [C:\Users\Admin\ip_repo\dpu_axi_1_0\hdl\dpu_axi.v:]
WARNING: [filemgmt 56-199] Attempt to get parsing info during refresh. "On-the-fly" syntax checking information may be incorrect. [C:\Users\Admin\ip_repo\edit_dpu_axi_v1_0.srcs\sources_1\imports\DPU\MACArray.sv:]
WARNING: [filemgmt 56-199] Attempt to get parsing info during refresh. "On-the-fly" syntax checking information may be incorrect. [C:\Users\Admin\ip_repo\edit_dpu_axi_v1_0.srcs\sources_1\imports\DPU\MACArray.sv:]
ERROR: [Common 17-180] Spawn failed: The operation completed successfully.

WARNING: [filemgmt 56-199] Attempt to get parsing info during refresh. "On-the-fly" syntax checking information may be incorrect. [C:\Users\Admin\ip_repo\edit_dpu_axi_v1_0.srcs\sources_1\imports\DPU\DPU_Top.sv:]
WARNING: [filemgmt 56-199] Attempt to get parsing info during refresh. "On-the-fly" syntax checking information may be incorrect. [C:\Users\Admin\ip_repo\edit_dpu_axi_v1_0.srcs\sources_1\imports\DPU\DpuCore.sv:]
WARNING: [filemgmt 56-199] Attempt to get parsing info during refresh. "On-the-fly" syntax checking information may be incorrect. [C:\Users\Admin\ip_repo\edit_dpu_axi_v1_0.srcs\sources_1\imports\DPU\MACArray.sv:]
WARNING: [filemgmt 56-199] Attempt to get parsing info during refresh. "On-the-fly" syntax checking information may be incorrect. [C:\Users\Admin\ip_repo\dpu_axi_1_0\hdl\dpu_axi.v:]
WARNING: [filemgmt 56-199] Attempt to get parsing info during refresh. "On-the-fly" syntax checking information may be incorrect. [C:\Users\Admin\ip_repo\edit_dpu_axi_v1_0.srcs\sources_1\imports\DPU\DPU_Top.sv:]
WARNING: [filemgmt 56-199] Attempt to get parsing info during refresh. "On-the-fly" syntax checking information may be incorrect. [C:\Users\Admin\ip_repo\edit_dpu_axi_v1_0.srcs\sources_1\imports\DPU\DPU_Top.sv:]
WARNING: [filemgmt 56-199] Attempt to get parsing info during refresh. "On-the-fly" syntax checking information may be incorrect. [C:\Users\Admin\ip_repo\edit_dpu_axi_v1_0.srcs\sources_1\imports\DPU\DPU_Top.sv:]
WARNING: [filemgmt 56-199] Attempt to get parsing info during refresh. "On-the-fly" syntax checking information may be incorrect. [C:\Users\Admin\ip_repo\edit_dpu_axi_v1_0.srcs\sources_1\imports\DPU\DpuCore.sv:]
WARNING: [filemgmt 56-199] Attempt to get parsing info during refresh. "On-the-fly" syntax checking information may be incorrect. [C:\Users\Admin\ip_repo\edit_dpu_axi_v1_0.srcs\sources_1\imports\DPU\MACArray.sv:]
WARNING: [filemgmt 56-199] Attempt to get parsing info during refresh. "On-the-fly" syntax checking information may be incorrect. [C:\Users\Admin\ip_repo\dpu_axi_1_0\hdl\dpu_axi.v:]
WARNING: [filemgmt 56-199] Attempt to get parsing info during refresh. "On-the-fly" syntax checking information may be incorrect. [C:\Users\Admin\ip_repo\dpu_axi_1_0\hdl\dpu_axi.v:]
WARNING: [filemgmt 56-199] Attempt to get parsing info during refresh. "On-the-fly" syntax checking information may be incorrect. [C:\Users\Admin\ip_repo\dpu_axi_1_0\hdl\dpu_axi.v:]
WARNING: [filemgmt 56-199] Attempt to get parsing info during refresh. "On-the-fly" syntax checking information may be incorrect. [C:\Users\Admin\ip_repo\edit_dpu_axi_v1_0.srcs\sources_1\imports\DPU\DPU_Top.sv:]
WARNING: [filemgmt 56-199] Attempt to get parsing info during refresh. "On-the-fly" syntax checking information may be incorrect. [C:\Users\Admin\ip_repo\edit_dpu_axi_v1_0.srcs\sources_1\imports\DPU\DpuCore.sv:]
WARNING: [filemgmt 56-199] Attempt to get parsing info during refresh. "On-the-fly" syntax checking information may be incorrect. [C:\Users\Admin\ip_repo\edit_dpu_axi_v1_0.srcs\sources_1\imports\DPU\MACArray.sv:]
WARNING: [filemgmt 56-199] Attempt to get parsing info during refresh. "On-the-fly" syntax checking information may be incorrect. [C:\Users\Admin\ip_repo\dpu_axi_1_0\hdl\dpu_axi.v:]
WARNING: [filemgmt 56-199] Attempt to get parsing info during refresh. "On-the-fly" syntax checking information may be incorrect. [C:\Users\Admin\ip_repo\edit_dpu_axi_v1_0.srcs\sources_1\imports\DPU\DpuCore.sv:]
WARNING: [filemgmt 56-199] Attempt to get parsing info during refresh. "On-the-fly" syntax checking information may be incorrect. [C:\Users\Admin\ip_repo\edit_dpu_axi_v1_0.srcs\sources_1\imports\DPU\DpuCore.sv:]
WARNING: [filemgmt 56-199] Attempt to get parsing info during refresh. "On-the-fly" syntax checking information may be incorrect. [C:\Users\Admin\ip_repo\edit_dpu_axi_v1_0.srcs\sources_1\imports\DPU\DPU_Top.sv:]
WARNING: [filemgmt 56-199] Attempt to get parsing info during refresh. "On-the-fly" syntax checking information may be incorrect. [C:\Users\Admin\ip_repo\edit_dpu_axi_v1_0.srcs\sources_1\imports\DPU\DpuCore.sv:]
WARNING: [filemgmt 56-199] Attempt to get parsing info during refresh. "On-the-fly" syntax checking information may be incorrect. [C:\Users\Admin\ip_repo\edit_dpu_axi_v1_0.srcs\sources_1\imports\DPU\MACArray.sv:]
WARNING: [filemgmt 56-199] Attempt to get parsing info during refresh. "On-the-fly" syntax checking information may be incorrect. [C:\Users\Admin\ip_repo\dpu_axi_1_0\hdl\dpu_axi.v:]
WARNING: [filemgmt 56-199] Attempt to get parsing info during refresh. "On-the-fly" syntax checking information may be incorrect. [C:\Users\Admin\ip_repo\dpu_axi_1_0\hdl\dpu_axi.v:]
WARNING: [filemgmt 56-199] Attempt to get parsing info during refresh. "On-the-fly" syntax checking information may be incorrect. [C:\Users\Admin\ip_repo\dpu_axi_1_0\hdl\dpu_axi.v:]
WARNING: [filemgmt 56-199] Attempt to get parsing info during refresh. "On-the-fly" syntax checking information may be incorrect. [C:\Users\Admin\ip_repo\edit_dpu_axi_v1_0.srcs\sources_1\imports\DPU\DPU_Top.sv:]
WARNING: [filemgmt 56-199] Attempt to get parsing info during refresh. "On-the-fly" syntax checking information may be incorrect. [C:\Users\Admin\ip_repo\edit_dpu_axi_v1_0.srcs\sources_1\imports\DPU\DpuCore.sv:]
WARNING: [filemgmt 56-199] Attempt to get parsing info during refresh. "On-the-fly" syntax checking information may be incorrect. [C:\Users\Admin\ip_repo\edit_dpu_axi_v1_0.srcs\sources_1\imports\DPU\MACArray.sv:]
WARNING: [filemgmt 56-199] Attempt to get parsing info during refresh. "On-the-fly" syntax checking information may be incorrect. [C:\Users\Admin\ip_repo\dpu_axi_1_0\hdl\dpu_axi.v:]
WARNING: [filemgmt 56-199] Attempt to get parsing info during refresh. "On-the-fly" syntax checking information may be incorrect. [C:\Users\Admin\ip_repo\edit_dpu_axi_v1_0.srcs\sources_1\imports\DPU\DPU_Top.sv:]
WARNING: [filemgmt 56-199] Attempt to get parsing info during refresh. "On-the-fly" syntax checking information may be incorrect. [C:\Users\Admin\ip_repo\edit_dpu_axi_v1_0.srcs\sources_1\imports\DPU\DPU_Top.sv:]
WARNING: [filemgmt 56-199] Attempt to get parsing info during refresh. "On-the-fly" syntax checking information may be incorrect. [C:\Users\Admin\ip_repo\edit_dpu_axi_v1_0.srcs\sources_1\imports\DPU\DPU_Top.sv:]
WARNING: [filemgmt 56-199] Attempt to get parsing info during refresh. "On-the-fly" syntax checking information may be incorrect. [C:\Users\Admin\ip_repo\edit_dpu_axi_v1_0.srcs\sources_1\imports\DPU\DpuCore.sv:]
WARNING: [filemgmt 56-199] Attempt to get parsing info during refresh. "On-the-fly" syntax checking information may be incorrect. [C:\Users\Admin\ip_repo\edit_dpu_axi_v1_0.srcs\sources_1\imports\DPU\MACArray.sv:]
WARNING: [filemgmt 56-199] Attempt to get parsing info during refresh. "On-the-fly" syntax checking information may be incorrect. [C:\Users\Admin\ip_repo\dpu_axi_1_0\hdl\dpu_axi.v:]
WARNING: [filemgmt 56-199] Attempt to get parsing info during refresh. "On-the-fly" syntax checking information may be incorrect. [C:\Users\Admin\ip_repo\edit_dpu_axi_v1_0.srcs\sources_1\imports\DPU\MACArray.sv:]
WARNING: [filemgmt 56-199] Attempt to get parsing info during refresh. "On-the-fly" syntax checking information may be incorrect. [C:\Users\Admin\ip_repo\edit_dpu_axi_v1_0.srcs\sources_1\imports\DPU\MACArray.sv:]
ERROR: [Common 17-180] Spawn failed: The operation completed successfully.

WARNING: [filemgmt 56-199] Attempt to get parsing info during refresh. "On-the-fly" syntax checking information may be incorrect. [C:\Users\Admin\ip_repo\edit_dpu_axi_v1_0.srcs\sources_1\imports\DPU\DPU_Top.sv:]
WARNING: [filemgmt 56-199] Attempt to get parsing info during refresh. "On-the-fly" syntax checking information may be incorrect. [C:\Users\Admin\ip_repo\edit_dpu_axi_v1_0.srcs\sources_1\imports\DPU\DpuCore.sv:]
WARNING: [filemgmt 56-199] Attempt to get parsing info during refresh. "On-the-fly" syntax checking information may be incorrect. [C:\Users\Admin\ip_repo\edit_dpu_axi_v1_0.srcs\sources_1\imports\DPU\MACArray.sv:]
WARNING: [filemgmt 56-199] Attempt to get parsing info during refresh. "On-the-fly" syntax checking information may be incorrect. [C:\Users\Admin\ip_repo\dpu_axi_1_0\hdl\dpu_axi.v:]
WARNING: [filemgmt 56-199] Attempt to get parsing info during refresh. "On-the-fly" syntax checking information may be incorrect. [C:\Users\Admin\ip_repo\dpu_axi_1_0\hdl\dpu_axi.v:]
WARNING: [filemgmt 56-199] Attempt to get parsing info during refresh. "On-the-fly" syntax checking information may be incorrect. [C:\Users\Admin\ip_repo\dpu_axi_1_0\hdl\dpu_axi.v:]
WARNING: [filemgmt 56-199] Attempt to get parsing info during refresh. "On-the-fly" syntax checking information may be incorrect. [C:\Users\Admin\ip_repo\edit_dpu_axi_v1_0.srcs\sources_1\imports\DPU\DPU_Top.sv:]
WARNING: [filemgmt 56-199] Attempt to get parsing info during refresh. "On-the-fly" syntax checking information may be incorrect. [C:\Users\Admin\ip_repo\edit_dpu_axi_v1_0.srcs\sources_1\imports\DPU\DpuCore.sv:]
WARNING: [filemgmt 56-199] Attempt to get parsing info during refresh. "On-the-fly" syntax checking information may be incorrect. [C:\Users\Admin\ip_repo\edit_dpu_axi_v1_0.srcs\sources_1\imports\DPU\MACArray.sv:]
WARNING: [filemgmt 56-199] Attempt to get parsing info during refresh. "On-the-fly" syntax checking information may be incorrect. [C:\Users\Admin\ip_repo\dpu_axi_1_0\hdl\dpu_axi.v:]
WARNING: [filemgmt 56-199] Attempt to get parsing info during refresh. "On-the-fly" syntax checking information may be incorrect. [C:\Users\Admin\ip_repo\edit_dpu_axi_v1_0.srcs\sources_1\imports\DPU\DpuCore.sv:]
WARNING: [filemgmt 56-199] Attempt to get parsing info during refresh. "On-the-fly" syntax checking information may be incorrect. [C:\Users\Admin\ip_repo\edit_dpu_axi_v1_0.srcs\sources_1\imports\DPU\DpuCore.sv:]
WARNING: [filemgmt 56-199] Attempt to get parsing info during refresh. "On-the-fly" syntax checking information may be incorrect. [C:\Users\Admin\ip_repo\edit_dpu_axi_v1_0.srcs\sources_1\imports\DPU\DPU_Top.sv:]
WARNING: [filemgmt 56-199] Attempt to get parsing info during refresh. "On-the-fly" syntax checking information may be incorrect. [C:\Users\Admin\ip_repo\edit_dpu_axi_v1_0.srcs\sources_1\imports\DPU\DpuCore.sv:]
WARNING: [filemgmt 56-199] Attempt to get parsing info during refresh. "On-the-fly" syntax checking information may be incorrect. [C:\Users\Admin\ip_repo\edit_dpu_axi_v1_0.srcs\sources_1\imports\DPU\MACArray.sv:]
WARNING: [filemgmt 56-199] Attempt to get parsing info during refresh. "On-the-fly" syntax checking information may be incorrect. [C:\Users\Admin\ip_repo\dpu_axi_1_0\hdl\dpu_axi.v:]
WARNING: [filemgmt 56-199] Attempt to get parsing info during refresh. "On-the-fly" syntax checking information may be incorrect. [C:\Users\Admin\ip_repo\edit_dpu_axi_v1_0.srcs\sources_1\imports\DPU\DPU_Top.sv:]
WARNING: [filemgmt 56-199] Attempt to get parsing info during refresh. "On-the-fly" syntax checking information may be incorrect. [C:\Users\Admin\ip_repo\edit_dpu_axi_v1_0.srcs\sources_1\imports\DPU\DPU_Top.sv:]
WARNING: [filemgmt 56-199] Attempt to get parsing info during refresh. "On-the-fly" syntax checking information may be incorrect. [C:\Users\Admin\ip_repo\edit_dpu_axi_v1_0.srcs\sources_1\imports\DPU\DPU_Top.sv:]
WARNING: [filemgmt 56-199] Attempt to get parsing info during refresh. "On-the-fly" syntax checking information may be incorrect. [C:\Users\Admin\ip_repo\edit_dpu_axi_v1_0.srcs\sources_1\imports\DPU\DpuCore.sv:]
WARNING: [filemgmt 56-199] Attempt to get parsing info during refresh. "On-the-fly" syntax checking information may be incorrect. [C:\Users\Admin\ip_repo\edit_dpu_axi_v1_0.srcs\sources_1\imports\DPU\MACArray.sv:]
WARNING: [filemgmt 56-199] Attempt to get parsing info during refresh. "On-the-fly" syntax checking information may be incorrect. [C:\Users\Admin\ip_repo\dpu_axi_1_0\hdl\dpu_axi.v:]
WARNING: [filemgmt 56-199] Attempt to get parsing info during refresh. "On-the-fly" syntax checking information may be incorrect. [C:\Users\Admin\ip_repo\dpu_axi_1_0\hdl\dpu_axi.v:]
WARNING: [filemgmt 56-199] Attempt to get parsing info during refresh. "On-the-fly" syntax checking information may be incorrect. [C:\Users\Admin\ip_repo\dpu_axi_1_0\hdl\dpu_axi.v:]
WARNING: [filemgmt 56-199] Attempt to get parsing info during refresh. "On-the-fly" syntax checking information may be incorrect. [C:\Users\Admin\ip_repo\edit_dpu_axi_v1_0.srcs\sources_1\imports\DPU\DPU_Top.sv:]
WARNING: [filemgmt 56-199] Attempt to get parsing info during refresh. "On-the-fly" syntax checking information may be incorrect. [C:\Users\Admin\ip_repo\edit_dpu_axi_v1_0.srcs\sources_1\imports\DPU\DpuCore.sv:]
WARNING: [filemgmt 56-199] Attempt to get parsing info during refresh. "On-the-fly" syntax checking information may be incorrect. [C:\Users\Admin\ip_repo\edit_dpu_axi_v1_0.srcs\sources_1\imports\DPU\MACArray.sv:]
WARNING: [filemgmt 56-199] Attempt to get parsing info during refresh. "On-the-fly" syntax checking information may be incorrect. [C:\Users\Admin\ip_repo\dpu_axi_1_0\hdl\dpu_axi.v:]
WARNING: [filemgmt 56-199] Attempt to get parsing info during refresh. "On-the-fly" syntax checking information may be incorrect. [C:\Users\Admin\ip_repo\edit_dpu_axi_v1_0.srcs\sources_1\imports\DPU\DpuCore.sv:]
WARNING: [filemgmt 56-199] Attempt to get parsing info during refresh. "On-the-fly" syntax checking information may be incorrect. [C:\Users\Admin\ip_repo\edit_dpu_axi_v1_0.srcs\sources_1\imports\DPU\DpuCore.sv:]
ERROR: [Common 17-180] Spawn failed: The operation completed successfully.

WARNING: [filemgmt 56-199] Attempt to get parsing info during refresh. "On-the-fly" syntax checking information may be incorrect. [C:\Users\Admin\ip_repo\edit_dpu_axi_v1_0.srcs\sources_1\imports\DPU\DPU_Top.sv:]
WARNING: [filemgmt 56-199] Attempt to get parsing info during refresh. "On-the-fly" syntax checking information may be incorrect. [C:\Users\Admin\ip_repo\edit_dpu_axi_v1_0.srcs\sources_1\imports\DPU\DpuCore.sv:]
WARNING: [filemgmt 56-199] Attempt to get parsing info during refresh. "On-the-fly" syntax checking information may be incorrect. [C:\Users\Admin\ip_repo\edit_dpu_axi_v1_0.srcs\sources_1\imports\DPU\MACArray.sv:]
WARNING: [filemgmt 56-199] Attempt to get parsing info during refresh. "On-the-fly" syntax checking information may be incorrect. [C:\Users\Admin\ip_repo\dpu_axi_1_0\hdl\dpu_axi.v:]
WARNING: [filemgmt 56-199] Attempt to get parsing info during refresh. "On-the-fly" syntax checking information may be incorrect. [C:\Users\Admin\ip_repo\edit_dpu_axi_v1_0.srcs\sources_1\imports\DPU\DPU_Top.sv:]
WARNING: [filemgmt 56-199] Attempt to get parsing info during refresh. "On-the-fly" syntax checking information may be incorrect. [C:\Users\Admin\ip_repo\edit_dpu_axi_v1_0.srcs\sources_1\imports\DPU\DPU_Top.sv:]
WARNING: [filemgmt 56-199] Attempt to get parsing info during refresh. "On-the-fly" syntax checking information may be incorrect. [C:\Users\Admin\ip_repo\edit_dpu_axi_v1_0.srcs\sources_1\imports\DPU\DPU_Top.sv:]
WARNING: [filemgmt 56-199] Attempt to get parsing info during refresh. "On-the-fly" syntax checking information may be incorrect. [C:\Users\Admin\ip_repo\edit_dpu_axi_v1_0.srcs\sources_1\imports\DPU\DpuCore.sv:]
WARNING: [filemgmt 56-199] Attempt to get parsing info during refresh. "On-the-fly" syntax checking information may be incorrect. [C:\Users\Admin\ip_repo\edit_dpu_axi_v1_0.srcs\sources_1\imports\DPU\MACArray.sv:]
WARNING: [filemgmt 56-199] Attempt to get parsing info during refresh. "On-the-fly" syntax checking information may be incorrect. [C:\Users\Admin\ip_repo\dpu_axi_1_0\hdl\dpu_axi.v:]
WARNING: [filemgmt 56-199] Attempt to get parsing info during refresh. "On-the-fly" syntax checking information may be incorrect. [C:\Users\Admin\ip_repo\edit_dpu_axi_v1_0.srcs\sources_1\imports\DPU\MACArray.sv:]
WARNING: [filemgmt 56-199] Attempt to get parsing info during refresh. "On-the-fly" syntax checking information may be incorrect. [C:\Users\Admin\ip_repo\edit_dpu_axi_v1_0.srcs\sources_1\imports\DPU\MACArray.sv:]
ERROR: [Common 17-180] Spawn failed: The operation completed successfully.

WARNING: [filemgmt 56-199] Attempt to get parsing info during refresh. "On-the-fly" syntax checking information may be incorrect. [C:\Users\Admin\ip_repo\edit_dpu_axi_v1_0.srcs\sources_1\imports\DPU\DPU_Top.sv:]
WARNING: [filemgmt 56-199] Attempt to get parsing info during refresh. "On-the-fly" syntax checking information may be incorrect. [C:\Users\Admin\ip_repo\edit_dpu_axi_v1_0.srcs\sources_1\imports\DPU\DpuCore.sv:]
WARNING: [filemgmt 56-199] Attempt to get parsing info during refresh. "On-the-fly" syntax checking information may be incorrect. [C:\Users\Admin\ip_repo\edit_dpu_axi_v1_0.srcs\sources_1\imports\DPU\MACArray.sv:]
WARNING: [filemgmt 56-199] Attempt to get parsing info during refresh. "On-the-fly" syntax checking information may be incorrect. [C:\Users\Admin\ip_repo\dpu_axi_1_0\hdl\dpu_axi.v:]
WARNING: [filemgmt 56-199] Attempt to get parsing info during refresh. "On-the-fly" syntax checking information may be incorrect. [C:\Users\Admin\ip_repo\edit_dpu_axi_v1_0.srcs\sources_1\imports\DPU\DpuCore.sv:]
WARNING: [filemgmt 56-199] Attempt to get parsing info during refresh. "On-the-fly" syntax checking information may be incorrect. [C:\Users\Admin\ip_repo\edit_dpu_axi_v1_0.srcs\sources_1\imports\DPU\DpuCore.sv:]
WARNING: [filemgmt 56-199] Attempt to get parsing info during refresh. "On-the-fly" syntax checking information may be incorrect. [C:\Users\Admin\ip_repo\edit_dpu_axi_v1_0.srcs\sources_1\imports\DPU\DPU_Top.sv:]
WARNING: [filemgmt 56-199] Attempt to get parsing info during refresh. "On-the-fly" syntax checking information may be incorrect. [C:\Users\Admin\ip_repo\edit_dpu_axi_v1_0.srcs\sources_1\imports\DPU\DpuCore.sv:]
WARNING: [filemgmt 56-199] Attempt to get parsing info during refresh. "On-the-fly" syntax checking information may be incorrect. [C:\Users\Admin\ip_repo\edit_dpu_axi_v1_0.srcs\sources_1\imports\DPU\MACArray.sv:]
WARNING: [filemgmt 56-199] Attempt to get parsing info during refresh. "On-the-fly" syntax checking information may be incorrect. [C:\Users\Admin\ip_repo\dpu_axi_1_0\hdl\dpu_axi.v:]
WARNING: [filemgmt 56-199] Attempt to get parsing info during refresh. "On-the-fly" syntax checking information may be incorrect. [C:\Users\Admin\ip_repo\dpu_axi_1_0\hdl\dpu_axi.v:]
WARNING: [filemgmt 56-199] Attempt to get parsing info during refresh. "On-the-fly" syntax checking information may be incorrect. [C:\Users\Admin\ip_repo\dpu_axi_1_0\hdl\dpu_axi.v:]
WARNING: [filemgmt 56-199] Attempt to get parsing info during refresh. "On-the-fly" syntax checking information may be incorrect. [C:\Users\Admin\ip_repo\edit_dpu_axi_v1_0.srcs\sources_1\imports\DPU\DPU_Top.sv:]
WARNING: [filemgmt 56-199] Attempt to get parsing info during refresh. "On-the-fly" syntax checking information may be incorrect. [C:\Users\Admin\ip_repo\edit_dpu_axi_v1_0.srcs\sources_1\imports\DPU\DpuCore.sv:]
WARNING: [filemgmt 56-199] Attempt to get parsing info during refresh. "On-the-fly" syntax checking information may be incorrect. [C:\Users\Admin\ip_repo\edit_dpu_axi_v1_0.srcs\sources_1\imports\DPU\MACArray.sv:]
WARNING: [filemgmt 56-199] Attempt to get parsing info during refresh. "On-the-fly" syntax checking information may be incorrect. [C:\Users\Admin\ip_repo\dpu_axi_1_0\hdl\dpu_axi.v:]
WARNING: [filemgmt 56-199] Attempt to get parsing info during refresh. "On-the-fly" syntax checking information may be incorrect. [C:\Users\Admin\ip_repo\edit_dpu_axi_v1_0.srcs\sources_1\imports\DPU\DPU_Top.sv:]
WARNING: [filemgmt 56-199] Attempt to get parsing info during refresh. "On-the-fly" syntax checking information may be incorrect. [C:\Users\Admin\ip_repo\edit_dpu_axi_v1_0.srcs\sources_1\imports\DPU\DPU_Top.sv:]
WARNING: [filemgmt 56-199] Attempt to get parsing info during refresh. "On-the-fly" syntax checking information may be incorrect. [C:\Users\Admin\ip_repo\edit_dpu_axi_v1_0.srcs\sources_1\imports\DPU\DPU_Top.sv:]
WARNING: [filemgmt 56-199] Attempt to get parsing info during refresh. "On-the-fly" syntax checking information may be incorrect. [C:\Users\Admin\ip_repo\edit_dpu_axi_v1_0.srcs\sources_1\imports\DPU\DpuCore.sv:]
WARNING: [filemgmt 56-199] Attempt to get parsing info during refresh. "On-the-fly" syntax checking information may be incorrect. [C:\Users\Admin\ip_repo\edit_dpu_axi_v1_0.srcs\sources_1\imports\DPU\MACArray.sv:]
WARNING: [filemgmt 56-199] Attempt to get parsing info during refresh. "On-the-fly" syntax checking information may be incorrect. [C:\Users\Admin\ip_repo\dpu_axi_1_0\hdl\dpu_axi.v:]
WARNING: [filemgmt 56-199] Attempt to get parsing info during refresh. "On-the-fly" syntax checking information may be incorrect. [C:\Users\Admin\ip_repo\edit_dpu_axi_v1_0.srcs\sources_1\imports\DPU\MACArray.sv:]
WARNING: [filemgmt 56-199] Attempt to get parsing info during refresh. "On-the-fly" syntax checking information may be incorrect. [C:\Users\Admin\ip_repo\edit_dpu_axi_v1_0.srcs\sources_1\imports\DPU\MACArray.sv:]
ERROR: [Common 17-180] Spawn failed: The operation completed successfully.

WARNING: [filemgmt 56-199] Attempt to get parsing info during refresh. "On-the-fly" syntax checking information may be incorrect. [C:\Users\Admin\ip_repo\edit_dpu_axi_v1_0.srcs\sources_1\imports\DPU\DPU_Top.sv:]
WARNING: [filemgmt 56-199] Attempt to get parsing info during refresh. "On-the-fly" syntax checking information may be incorrect. [C:\Users\Admin\ip_repo\edit_dpu_axi_v1_0.srcs\sources_1\imports\DPU\DpuCore.sv:]
WARNING: [filemgmt 56-199] Attempt to get parsing info during refresh. "On-the-fly" syntax checking information may be incorrect. [C:\Users\Admin\ip_repo\edit_dpu_axi_v1_0.srcs\sources_1\imports\DPU\MACArray.sv:]
WARNING: [filemgmt 56-199] Attempt to get parsing info during refresh. "On-the-fly" syntax checking information may be incorrect. [C:\Users\Admin\ip_repo\dpu_axi_1_0\hdl\dpu_axi.v:]
WARNING: [filemgmt 56-199] Attempt to get parsing info during refresh. "On-the-fly" syntax checking information may be incorrect. [C:\Users\Admin\ip_repo\dpu_axi_1_0\hdl\dpu_axi.v:]
WARNING: [filemgmt 56-199] Attempt to get parsing info during refresh. "On-the-fly" syntax checking information may be incorrect. [C:\Users\Admin\ip_repo\dpu_axi_1_0\hdl\dpu_axi.v:]
WARNING: [filemgmt 56-199] Attempt to get parsing info during refresh. "On-the-fly" syntax checking information may be incorrect. [C:\Users\Admin\ip_repo\edit_dpu_axi_v1_0.srcs\sources_1\imports\DPU\DPU_Top.sv:]
WARNING: [filemgmt 56-199] Attempt to get parsing info during refresh. "On-the-fly" syntax checking information may be incorrect. [C:\Users\Admin\ip_repo\edit_dpu_axi_v1_0.srcs\sources_1\imports\DPU\DpuCore.sv:]
WARNING: [filemgmt 56-199] Attempt to get parsing info during refresh. "On-the-fly" syntax checking information may be incorrect. [C:\Users\Admin\ip_repo\edit_dpu_axi_v1_0.srcs\sources_1\imports\DPU\MACArray.sv:]
WARNING: [filemgmt 56-199] Attempt to get parsing info during refresh. "On-the-fly" syntax checking information may be incorrect. [C:\Users\Admin\ip_repo\dpu_axi_1_0\hdl\dpu_axi.v:]
WARNING: [filemgmt 56-199] Attempt to get parsing info during refresh. "On-the-fly" syntax checking information may be incorrect. [C:\Users\Admin\ip_repo\edit_dpu_axi_v1_0.srcs\sources_1\imports\DPU\DpuCore.sv:]
WARNING: [filemgmt 56-199] Attempt to get parsing info during refresh. "On-the-fly" syntax checking information may be incorrect. [C:\Users\Admin\ip_repo\edit_dpu_axi_v1_0.srcs\sources_1\imports\DPU\DpuCore.sv:]
WARNING: [filemgmt 56-199] Attempt to get parsing info during refresh. "On-the-fly" syntax checking information may be incorrect. [C:\Users\Admin\ip_repo\edit_dpu_axi_v1_0.srcs\sources_1\imports\DPU\DPU_Top.sv:]
WARNING: [filemgmt 56-199] Attempt to get parsing info during refresh. "On-the-fly" syntax checking information may be incorrect. [C:\Users\Admin\ip_repo\edit_dpu_axi_v1_0.srcs\sources_1\imports\DPU\DpuCore.sv:]
WARNING: [filemgmt 56-199] Attempt to get parsing info during refresh. "On-the-fly" syntax checking information may be incorrect. [C:\Users\Admin\ip_repo\edit_dpu_axi_v1_0.srcs\sources_1\imports\DPU\MACArray.sv:]
WARNING: [filemgmt 56-199] Attempt to get parsing info during refresh. "On-the-fly" syntax checking information may be incorrect. [C:\Users\Admin\ip_repo\dpu_axi_1_0\hdl\dpu_axi.v:]
WARNING: [filemgmt 56-199] Attempt to get parsing info during refresh. "On-the-fly" syntax checking information may be incorrect. [C:\Users\Admin\ip_repo\edit_dpu_axi_v1_0.srcs\sources_1\imports\DPU\DPU_Top.sv:]
WARNING: [filemgmt 56-199] Attempt to get parsing info during refresh. "On-the-fly" syntax checking information may be incorrect. [C:\Users\Admin\ip_repo\edit_dpu_axi_v1_0.srcs\sources_1\imports\DPU\DPU_Top.sv:]
WARNING: [filemgmt 56-199] Attempt to get parsing info during refresh. "On-the-fly" syntax checking information may be incorrect. [C:\Users\Admin\ip_repo\edit_dpu_axi_v1_0.srcs\sources_1\imports\DPU\DPU_Top.sv:]
WARNING: [filemgmt 56-199] Attempt to get parsing info during refresh. "On-the-fly" syntax checking information may be incorrect. [C:\Users\Admin\ip_repo\edit_dpu_axi_v1_0.srcs\sources_1\imports\DPU\DpuCore.sv:]
WARNING: [filemgmt 56-199] Attempt to get parsing info during refresh. "On-the-fly" syntax checking information may be incorrect. [C:\Users\Admin\ip_repo\edit_dpu_axi_v1_0.srcs\sources_1\imports\DPU\MACArray.sv:]
WARNING: [filemgmt 56-199] Attempt to get parsing info during refresh. "On-the-fly" syntax checking information may be incorrect. [C:\Users\Admin\ip_repo\dpu_axi_1_0\hdl\dpu_axi.v:]
WARNING: [filemgmt 56-199] Attempt to get parsing info during refresh. "On-the-fly" syntax checking information may be incorrect. [C:\Users\Admin\ip_repo\edit_dpu_axi_v1_0.srcs\sources_1\imports\DPU\DPU_Top.sv:]
WARNING: [filemgmt 56-199] Attempt to get parsing info during refresh. "On-the-fly" syntax checking information may be incorrect. [C:\Users\Admin\ip_repo\edit_dpu_axi_v1_0.srcs\sources_1\imports\DPU\DPU_Top.sv:]
WARNING: [filemgmt 56-199] Attempt to get parsing info during refresh. "On-the-fly" syntax checking information may be incorrect. [C:\Users\Admin\ip_repo\edit_dpu_axi_v1_0.srcs\sources_1\imports\DPU\DPU_Top.sv:]
WARNING: [filemgmt 56-199] Attempt to get parsing info during refresh. "On-the-fly" syntax checking information may be incorrect. [C:\Users\Admin\ip_repo\edit_dpu_axi_v1_0.srcs\sources_1\imports\DPU\DpuCore.sv:]
WARNING: [filemgmt 56-199] Attempt to get parsing info during refresh. "On-the-fly" syntax checking information may be incorrect. [C:\Users\Admin\ip_repo\edit_dpu_axi_v1_0.srcs\sources_1\imports\DPU\MACArray.sv:]
WARNING: [filemgmt 56-199] Attempt to get parsing info during refresh. "On-the-fly" syntax checking information may be incorrect. [C:\Users\Admin\ip_repo\dpu_axi_1_0\hdl\dpu_axi.v:]
WARNING: [filemgmt 56-199] Attempt to get parsing info during refresh. "On-the-fly" syntax checking information may be incorrect. [C:\Users\Admin\ip_repo\dpu_axi_1_0\hdl\dpu_axi.v:]
WARNING: [filemgmt 56-199] Attempt to get parsing info during refresh. "On-the-fly" syntax checking information may be incorrect. [C:\Users\Admin\ip_repo\dpu_axi_1_0\hdl\dpu_axi.v:]
WARNING: [filemgmt 56-199] Attempt to get parsing info during refresh. "On-the-fly" syntax checking information may be incorrect. [C:\Users\Admin\ip_repo\edit_dpu_axi_v1_0.srcs\sources_1\imports\DPU\DPU_Top.sv:]
WARNING: [filemgmt 56-199] Attempt to get parsing info during refresh. "On-the-fly" syntax checking information may be incorrect. [C:\Users\Admin\ip_repo\edit_dpu_axi_v1_0.srcs\sources_1\imports\DPU\DpuCore.sv:]
WARNING: [filemgmt 56-199] Attempt to get parsing info during refresh. "On-the-fly" syntax checking information may be incorrect. [C:\Users\Admin\ip_repo\edit_dpu_axi_v1_0.srcs\sources_1\imports\DPU\MACArray.sv:]
WARNING: [filemgmt 56-199] Attempt to get parsing info during refresh. "On-the-fly" syntax checking information may be incorrect. [C:\Users\Admin\ip_repo\dpu_axi_1_0\hdl\dpu_axi.v:]
WARNING: [filemgmt 56-199] Attempt to get parsing info during refresh. "On-the-fly" syntax checking information may be incorrect. [C:\Users\Admin\ip_repo\edit_dpu_axi_v1_0.srcs\sources_1\imports\DPU\DpuCore.sv:]
WARNING: [filemgmt 56-199] Attempt to get parsing info during refresh. "On-the-fly" syntax checking information may be incorrect. [C:\Users\Admin\ip_repo\edit_dpu_axi_v1_0.srcs\sources_1\imports\DPU\DpuCore.sv:]
WARNING: [filemgmt 56-199] Attempt to get parsing info during refresh. "On-the-fly" syntax checking information may be incorrect. [C:\Users\Admin\ip_repo\edit_dpu_axi_v1_0.srcs\sources_1\imports\DPU\DPU_Top.sv:]
WARNING: [filemgmt 56-199] Attempt to get parsing info during refresh. "On-the-fly" syntax checking information may be incorrect. [C:\Users\Admin\ip_repo\edit_dpu_axi_v1_0.srcs\sources_1\imports\DPU\DpuCore.sv:]
WARNING: [filemgmt 56-199] Attempt to get parsing info during refresh. "On-the-fly" syntax checking information may be incorrect. [C:\Users\Admin\ip_repo\edit_dpu_axi_v1_0.srcs\sources_1\imports\DPU\MACArray.sv:]
WARNING: [filemgmt 56-199] Attempt to get parsing info during refresh. "On-the-fly" syntax checking information may be incorrect. [C:\Users\Admin\ip_repo\dpu_axi_1_0\hdl\dpu_axi.v:]
WARNING: [filemgmt 56-199] Attempt to get parsing info during refresh. "On-the-fly" syntax checking information may be incorrect. [C:\Users\Admin\ip_repo\dpu_axi_1_0\hdl\dpu_axi.v:]
WARNING: [filemgmt 56-199] Attempt to get parsing info during refresh. "On-the-fly" syntax checking information may be incorrect. [C:\Users\Admin\ip_repo\dpu_axi_1_0\hdl\dpu_axi.v:]
WARNING: [filemgmt 56-199] Attempt to get parsing info during refresh. "On-the-fly" syntax checking information may be incorrect. [C:\Users\Admin\ip_repo\edit_dpu_axi_v1_0.srcs\sources_1\imports\DPU\DPU_Top.sv:]
WARNING: [filemgmt 56-199] Attempt to get parsing info during refresh. "On-the-fly" syntax checking information may be incorrect. [C:\Users\Admin\ip_repo\edit_dpu_axi_v1_0.srcs\sources_1\imports\DPU\DpuCore.sv:]
WARNING: [filemgmt 56-199] Attempt to get parsing info during refresh. "On-the-fly" syntax checking information may be incorrect. [C:\Users\Admin\ip_repo\edit_dpu_axi_v1_0.srcs\sources_1\imports\DPU\MACArray.sv:]
WARNING: [filemgmt 56-199] Attempt to get parsing info during refresh. "On-the-fly" syntax checking information may be incorrect. [C:\Users\Admin\ip_repo\dpu_axi_1_0\hdl\dpu_axi.v:]
WARNING: [filemgmt 56-199] Attempt to get parsing info during refresh. "On-the-fly" syntax checking information may be incorrect. [C:\Users\Admin\ip_repo\edit_dpu_axi_v1_0.srcs\sources_1\imports\DPU\DpuCore.sv:]
WARNING: [filemgmt 56-199] Attempt to get parsing info during refresh. "On-the-fly" syntax checking information may be incorrect. [C:\Users\Admin\ip_repo\edit_dpu_axi_v1_0.srcs\sources_1\imports\DPU\DpuCore.sv:]
ERROR: [Common 17-180] Spawn failed: The operation completed successfully.

WARNING: [filemgmt 56-199] Attempt to get parsing info during refresh. "On-the-fly" syntax checking information may be incorrect. [C:\Users\Admin\ip_repo\edit_dpu_axi_v1_0.srcs\sources_1\imports\DPU\DPU_Top.sv:]
WARNING: [filemgmt 56-199] Attempt to get parsing info during refresh. "On-the-fly" syntax checking information may be incorrect. [C:\Users\Admin\ip_repo\edit_dpu_axi_v1_0.srcs\sources_1\imports\DPU\DpuCore.sv:]
WARNING: [filemgmt 56-199] Attempt to get parsing info during refresh. "On-the-fly" syntax checking information may be incorrect. [C:\Users\Admin\ip_repo\edit_dpu_axi_v1_0.srcs\sources_1\imports\DPU\MACArray.sv:]
WARNING: [filemgmt 56-199] Attempt to get parsing info during refresh. "On-the-fly" syntax checking information may be incorrect. [C:\Users\Admin\ip_repo\dpu_axi_1_0\hdl\dpu_axi.v:]
WARNING: [filemgmt 56-199] Attempt to get parsing info during refresh. "On-the-fly" syntax checking information may be incorrect. [C:\Users\Admin\ip_repo\edit_dpu_axi_v1_0.srcs\sources_1\imports\DPU\DPU_Top.sv:]
WARNING: [filemgmt 56-199] Attempt to get parsing info during refresh. "On-the-fly" syntax checking information may be incorrect. [C:\Users\Admin\ip_repo\edit_dpu_axi_v1_0.srcs\sources_1\imports\DPU\DPU_Top.sv:]
WARNING: [filemgmt 56-199] Attempt to get parsing info during refresh. "On-the-fly" syntax checking information may be incorrect. [C:\Users\Admin\ip_repo\edit_dpu_axi_v1_0.srcs\sources_1\imports\DPU\DPU_Top.sv:]
WARNING: [filemgmt 56-199] Attempt to get parsing info during refresh. "On-the-fly" syntax checking information may be incorrect. [C:\Users\Admin\ip_repo\edit_dpu_axi_v1_0.srcs\sources_1\imports\DPU\DpuCore.sv:]
WARNING: [filemgmt 56-199] Attempt to get parsing info during refresh. "On-the-fly" syntax checking information may be incorrect. [C:\Users\Admin\ip_repo\edit_dpu_axi_v1_0.srcs\sources_1\imports\DPU\MACArray.sv:]
WARNING: [filemgmt 56-199] Attempt to get parsing info during refresh. "On-the-fly" syntax checking information may be incorrect. [C:\Users\Admin\ip_repo\dpu_axi_1_0\hdl\dpu_axi.v:]
WARNING: [filemgmt 56-199] Attempt to get parsing info during refresh. "On-the-fly" syntax checking information may be incorrect. [C:\Users\Admin\ip_repo\edit_dpu_axi_v1_0.srcs\sources_1\imports\DPU\DpuCore.sv:]
WARNING: [filemgmt 56-199] Attempt to get parsing info during refresh. "On-the-fly" syntax checking information may be incorrect. [C:\Users\Admin\ip_repo\edit_dpu_axi_v1_0.srcs\sources_1\imports\DPU\DpuCore.sv:]
WARNING: [filemgmt 56-199] Attempt to get parsing info during refresh. "On-the-fly" syntax checking information may be incorrect. [C:\Users\Admin\ip_repo\edit_dpu_axi_v1_0.srcs\sources_1\imports\DPU\DPU_Top.sv:]
WARNING: [filemgmt 56-199] Attempt to get parsing info during refresh. "On-the-fly" syntax checking information may be incorrect. [C:\Users\Admin\ip_repo\edit_dpu_axi_v1_0.srcs\sources_1\imports\DPU\DpuCore.sv:]
WARNING: [filemgmt 56-199] Attempt to get parsing info during refresh. "On-the-fly" syntax checking information may be incorrect. [C:\Users\Admin\ip_repo\edit_dpu_axi_v1_0.srcs\sources_1\imports\DPU\MACArray.sv:]
WARNING: [filemgmt 56-199] Attempt to get parsing info during refresh. "On-the-fly" syntax checking information may be incorrect. [C:\Users\Admin\ip_repo\dpu_axi_1_0\hdl\dpu_axi.v:]
WARNING: [filemgmt 56-199] Attempt to get parsing info during refresh. "On-the-fly" syntax checking information may be incorrect. [C:\Users\Admin\ip_repo\edit_dpu_axi_v1_0.srcs\sources_1\imports\DPU\DPU_Top.sv:]
WARNING: [filemgmt 56-199] Attempt to get parsing info during refresh. "On-the-fly" syntax checking information may be incorrect. [C:\Users\Admin\ip_repo\edit_dpu_axi_v1_0.srcs\sources_1\imports\DPU\DPU_Top.sv:]
WARNING: [filemgmt 56-199] Attempt to get parsing info during refresh. "On-the-fly" syntax checking information may be incorrect. [C:\Users\Admin\ip_repo\edit_dpu_axi_v1_0.srcs\sources_1\imports\DPU\DPU_Top.sv:]
WARNING: [filemgmt 56-199] Attempt to get parsing info during refresh. "On-the-fly" syntax checking information may be incorrect. [C:\Users\Admin\ip_repo\edit_dpu_axi_v1_0.srcs\sources_1\imports\DPU\DpuCore.sv:]
WARNING: [filemgmt 56-199] Attempt to get parsing info during refresh. "On-the-fly" syntax checking information may be incorrect. [C:\Users\Admin\ip_repo\edit_dpu_axi_v1_0.srcs\sources_1\imports\DPU\MACArray.sv:]
WARNING: [filemgmt 56-199] Attempt to get parsing info during refresh. "On-the-fly" syntax checking information may be incorrect. [C:\Users\Admin\ip_repo\dpu_axi_1_0\hdl\dpu_axi.v:]
WARNING: [filemgmt 56-199] Attempt to get parsing info during refresh. "On-the-fly" syntax checking information may be incorrect. [C:\Users\Admin\ip_repo\dpu_axi_1_0\hdl\dpu_axi.v:]
WARNING: [filemgmt 56-199] Attempt to get parsing info during refresh. "On-the-fly" syntax checking information may be incorrect. [C:\Users\Admin\ip_repo\dpu_axi_1_0\hdl\dpu_axi.v:]
WARNING: [filemgmt 56-199] Attempt to get parsing info during refresh. "On-the-fly" syntax checking information may be incorrect. [C:\Users\Admin\ip_repo\edit_dpu_axi_v1_0.srcs\sources_1\imports\DPU\DPU_Top.sv:]
WARNING: [filemgmt 56-199] Attempt to get parsing info during refresh. "On-the-fly" syntax checking information may be incorrect. [C:\Users\Admin\ip_repo\edit_dpu_axi_v1_0.srcs\sources_1\imports\DPU\DpuCore.sv:]
WARNING: [filemgmt 56-199] Attempt to get parsing info during refresh. "On-the-fly" syntax checking information may be incorrect. [C:\Users\Admin\ip_repo\edit_dpu_axi_v1_0.srcs\sources_1\imports\DPU\MACArray.sv:]
WARNING: [filemgmt 56-199] Attempt to get parsing info during refresh. "On-the-fly" syntax checking information may be incorrect. [C:\Users\Admin\ip_repo\dpu_axi_1_0\hdl\dpu_axi.v:]
WARNING: [filemgmt 56-199] Attempt to get parsing info during refresh. "On-the-fly" syntax checking information may be incorrect. [C:\Users\Admin\ip_repo\edit_dpu_axi_v1_0.srcs\sources_1\imports\DPU\DpuCore.sv:]
WARNING: [filemgmt 56-199] Attempt to get parsing info during refresh. "On-the-fly" syntax checking information may be incorrect. [C:\Users\Admin\ip_repo\edit_dpu_axi_v1_0.srcs\sources_1\imports\DPU\DpuCore.sv:]
WARNING: [filemgmt 56-199] Attempt to get parsing info during refresh. "On-the-fly" syntax checking information may be incorrect. [C:\Users\Admin\ip_repo\edit_dpu_axi_v1_0.srcs\sources_1\imports\DPU\DPU_Top.sv:]
WARNING: [filemgmt 56-199] Attempt to get parsing info during refresh. "On-the-fly" syntax checking information may be incorrect. [C:\Users\Admin\ip_repo\edit_dpu_axi_v1_0.srcs\sources_1\imports\DPU\DpuCore.sv:]
WARNING: [filemgmt 56-199] Attempt to get parsing info during refresh. "On-the-fly" syntax checking information may be incorrect. [C:\Users\Admin\ip_repo\edit_dpu_axi_v1_0.srcs\sources_1\imports\DPU\MACArray.sv:]
WARNING: [filemgmt 56-199] Attempt to get parsing info during refresh. "On-the-fly" syntax checking information may be incorrect. [C:\Users\Admin\ip_repo\dpu_axi_1_0\hdl\dpu_axi.v:]
WARNING: [filemgmt 56-199] Attempt to get parsing info during refresh. "On-the-fly" syntax checking information may be incorrect. [C:\Users\Admin\ip_repo\edit_dpu_axi_v1_0.srcs\sources_1\imports\DPU\DPU_Top.sv:]
WARNING: [filemgmt 56-199] Attempt to get parsing info during refresh. "On-the-fly" syntax checking information may be incorrect. [C:\Users\Admin\ip_repo\edit_dpu_axi_v1_0.srcs\sources_1\imports\DPU\DPU_Top.sv:]
WARNING: [filemgmt 56-199] Attempt to get parsing info during refresh. "On-the-fly" syntax checking information may be incorrect. [C:\Users\Admin\ip_repo\edit_dpu_axi_v1_0.srcs\sources_1\imports\DPU\DPU_Top.sv:]
WARNING: [filemgmt 56-199] Attempt to get parsing info during refresh. "On-the-fly" syntax checking information may be incorrect. [C:\Users\Admin\ip_repo\edit_dpu_axi_v1_0.srcs\sources_1\imports\DPU\DpuCore.sv:]
WARNING: [filemgmt 56-199] Attempt to get parsing info during refresh. "On-the-fly" syntax checking information may be incorrect. [C:\Users\Admin\ip_repo\edit_dpu_axi_v1_0.srcs\sources_1\imports\DPU\MACArray.sv:]
WARNING: [filemgmt 56-199] Attempt to get parsing info during refresh. "On-the-fly" syntax checking information may be incorrect. [C:\Users\Admin\ip_repo\dpu_axi_1_0\hdl\dpu_axi.v:]
WARNING: [filemgmt 56-199] Attempt to get parsing info during refresh. "On-the-fly" syntax checking information may be incorrect. [C:\Users\Admin\ip_repo\edit_dpu_axi_v1_0.srcs\sources_1\imports\DPU\DpuCore.sv:]
WARNING: [filemgmt 56-199] Attempt to get parsing info during refresh. "On-the-fly" syntax checking information may be incorrect. [C:\Users\Admin\ip_repo\edit_dpu_axi_v1_0.srcs\sources_1\imports\DPU\DpuCore.sv:]
WARNING: [filemgmt 56-199] Attempt to get parsing info during refresh. "On-the-fly" syntax checking information may be incorrect. [C:\Users\Admin\ip_repo\edit_dpu_axi_v1_0.srcs\sources_1\imports\DPU\DPU_Top.sv:]
WARNING: [filemgmt 56-199] Attempt to get parsing info during refresh. "On-the-fly" syntax checking information may be incorrect. [C:\Users\Admin\ip_repo\edit_dpu_axi_v1_0.srcs\sources_1\imports\DPU\DpuCore.sv:]
WARNING: [filemgmt 56-199] Attempt to get parsing info during refresh. "On-the-fly" syntax checking information may be incorrect. [C:\Users\Admin\ip_repo\edit_dpu_axi_v1_0.srcs\sources_1\imports\DPU\MACArray.sv:]
WARNING: [filemgmt 56-199] Attempt to get parsing info during refresh. "On-the-fly" syntax checking information may be incorrect. [C:\Users\Admin\ip_repo\dpu_axi_1_0\hdl\dpu_axi.v:]
WARNING: [filemgmt 56-199] Attempt to get parsing info during refresh. "On-the-fly" syntax checking information may be incorrect. [C:\Users\Admin\ip_repo\dpu_axi_1_0\hdl\dpu_axi.v:]
WARNING: [filemgmt 56-199] Attempt to get parsing info during refresh. "On-the-fly" syntax checking information may be incorrect. [C:\Users\Admin\ip_repo\dpu_axi_1_0\hdl\dpu_axi.v:]
WARNING: [filemgmt 56-199] Attempt to get parsing info during refresh. "On-the-fly" syntax checking information may be incorrect. [C:\Users\Admin\ip_repo\edit_dpu_axi_v1_0.srcs\sources_1\imports\DPU\DPU_Top.sv:]
WARNING: [filemgmt 56-199] Attempt to get parsing info during refresh. "On-the-fly" syntax checking information may be incorrect. [C:\Users\Admin\ip_repo\edit_dpu_axi_v1_0.srcs\sources_1\imports\DPU\DpuCore.sv:]
WARNING: [filemgmt 56-199] Attempt to get parsing info during refresh. "On-the-fly" syntax checking information may be incorrect. [C:\Users\Admin\ip_repo\edit_dpu_axi_v1_0.srcs\sources_1\imports\DPU\MACArray.sv:]
WARNING: [filemgmt 56-199] Attempt to get parsing info during refresh. "On-the-fly" syntax checking information may be incorrect. [C:\Users\Admin\ip_repo\dpu_axi_1_0\hdl\dpu_axi.v:]
WARNING: [filemgmt 56-199] Attempt to get parsing info during refresh. "On-the-fly" syntax checking information may be incorrect. [C:\Users\Admin\ip_repo\edit_dpu_axi_v1_0.srcs\sources_1\imports\DPU\DpuCore.sv:]
WARNING: [filemgmt 56-199] Attempt to get parsing info during refresh. "On-the-fly" syntax checking information may be incorrect. [C:\Users\Admin\ip_repo\edit_dpu_axi_v1_0.srcs\sources_1\imports\DPU\DpuCore.sv:]
ERROR: [Common 17-180] Spawn failed: The operation completed successfully.

WARNING: [filemgmt 56-199] Attempt to get parsing info during refresh. "On-the-fly" syntax checking information may be incorrect. [C:\Users\Admin\ip_repo\edit_dpu_axi_v1_0.srcs\sources_1\imports\DPU\DPU_Top.sv:]
WARNING: [filemgmt 56-199] Attempt to get parsing info during refresh. "On-the-fly" syntax checking information may be incorrect. [C:\Users\Admin\ip_repo\edit_dpu_axi_v1_0.srcs\sources_1\imports\DPU\DpuCore.sv:]
WARNING: [filemgmt 56-199] Attempt to get parsing info during refresh. "On-the-fly" syntax checking information may be incorrect. [C:\Users\Admin\ip_repo\edit_dpu_axi_v1_0.srcs\sources_1\imports\DPU\MACArray.sv:]
WARNING: [filemgmt 56-199] Attempt to get parsing info during refresh. "On-the-fly" syntax checking information may be incorrect. [C:\Users\Admin\ip_repo\dpu_axi_1_0\hdl\dpu_axi.v:]
WARNING: [filemgmt 56-199] Attempt to get parsing info during refresh. "On-the-fly" syntax checking information may be incorrect. [C:\Users\Admin\ip_repo\edit_dpu_axi_v1_0.srcs\sources_1\imports\DPU\DPU_Top.sv:]
WARNING: [filemgmt 56-199] Attempt to get parsing info during refresh. "On-the-fly" syntax checking information may be incorrect. [C:\Users\Admin\ip_repo\edit_dpu_axi_v1_0.srcs\sources_1\imports\DPU\DPU_Top.sv:]
WARNING: [filemgmt 56-199] Attempt to get parsing info during refresh. "On-the-fly" syntax checking information may be incorrect. [C:\Users\Admin\ip_repo\edit_dpu_axi_v1_0.srcs\sources_1\imports\DPU\DPU_Top.sv:]
WARNING: [filemgmt 56-199] Attempt to get parsing info during refresh. "On-the-fly" syntax checking information may be incorrect. [C:\Users\Admin\ip_repo\edit_dpu_axi_v1_0.srcs\sources_1\imports\DPU\DpuCore.sv:]
WARNING: [filemgmt 56-199] Attempt to get parsing info during refresh. "On-the-fly" syntax checking information may be incorrect. [C:\Users\Admin\ip_repo\edit_dpu_axi_v1_0.srcs\sources_1\imports\DPU\MACArray.sv:]
WARNING: [filemgmt 56-199] Attempt to get parsing info during refresh. "On-the-fly" syntax checking information may be incorrect. [C:\Users\Admin\ip_repo\dpu_axi_1_0\hdl\dpu_axi.v:]
WARNING: [filemgmt 56-199] Attempt to get parsing info during refresh. "On-the-fly" syntax checking information may be incorrect. [C:\Users\Admin\ip_repo\dpu_axi_1_0\hdl\dpu_axi.v:]
WARNING: [filemgmt 56-199] Attempt to get parsing info during refresh. "On-the-fly" syntax checking information may be incorrect. [C:\Users\Admin\ip_repo\dpu_axi_1_0\hdl\dpu_axi.v:]
WARNING: [filemgmt 56-199] Attempt to get parsing info during refresh. "On-the-fly" syntax checking information may be incorrect. [C:\Users\Admin\ip_repo\edit_dpu_axi_v1_0.srcs\sources_1\imports\DPU\DPU_Top.sv:]
WARNING: [filemgmt 56-199] Attempt to get parsing info during refresh. "On-the-fly" syntax checking information may be incorrect. [C:\Users\Admin\ip_repo\edit_dpu_axi_v1_0.srcs\sources_1\imports\DPU\DpuCore.sv:]
WARNING: [filemgmt 56-199] Attempt to get parsing info during refresh. "On-the-fly" syntax checking information may be incorrect. [C:\Users\Admin\ip_repo\edit_dpu_axi_v1_0.srcs\sources_1\imports\DPU\MACArray.sv:]
WARNING: [filemgmt 56-199] Attempt to get parsing info during refresh. "On-the-fly" syntax checking information may be incorrect. [C:\Users\Admin\ip_repo\dpu_axi_1_0\hdl\dpu_axi.v:]
WARNING: [filemgmt 56-199] Attempt to get parsing info during refresh. "On-the-fly" syntax checking information may be incorrect. [C:\Users\Admin\ip_repo\edit_dpu_axi_v1_0.srcs\sources_1\imports\DPU\DpuCore.sv:]
WARNING: [filemgmt 56-199] Attempt to get parsing info during refresh. "On-the-fly" syntax checking information may be incorrect. [C:\Users\Admin\ip_repo\edit_dpu_axi_v1_0.srcs\sources_1\imports\DPU\DpuCore.sv:]
WARNING: [filemgmt 56-199] Attempt to get parsing info during refresh. "On-the-fly" syntax checking information may be incorrect. [C:\Users\Admin\ip_repo\edit_dpu_axi_v1_0.srcs\sources_1\imports\DPU\DPU_Top.sv:]
WARNING: [filemgmt 56-199] Attempt to get parsing info during refresh. "On-the-fly" syntax checking information may be incorrect. [C:\Users\Admin\ip_repo\edit_dpu_axi_v1_0.srcs\sources_1\imports\DPU\DpuCore.sv:]
WARNING: [filemgmt 56-199] Attempt to get parsing info during refresh. "On-the-fly" syntax checking information may be incorrect. [C:\Users\Admin\ip_repo\edit_dpu_axi_v1_0.srcs\sources_1\imports\DPU\MACArray.sv:]
WARNING: [filemgmt 56-199] Attempt to get parsing info during refresh. "On-the-fly" syntax checking information may be incorrect. [C:\Users\Admin\ip_repo\dpu_axi_1_0\hdl\dpu_axi.v:]
WARNING: [filemgmt 56-199] Attempt to get parsing info during refresh. "On-the-fly" syntax checking information may be incorrect. [C:\Users\Admin\ip_repo\edit_dpu_axi_v1_0.srcs\sources_1\imports\DPU\DPU_Top.sv:]
WARNING: [filemgmt 56-199] Attempt to get parsing info during refresh. "On-the-fly" syntax checking information may be incorrect. [C:\Users\Admin\ip_repo\edit_dpu_axi_v1_0.srcs\sources_1\imports\DPU\DPU_Top.sv:]
WARNING: [filemgmt 56-199] Attempt to get parsing info during refresh. "On-the-fly" syntax checking information may be incorrect. [C:\Users\Admin\ip_repo\edit_dpu_axi_v1_0.srcs\sources_1\imports\DPU\DPU_Top.sv:]
WARNING: [filemgmt 56-199] Attempt to get parsing info during refresh. "On-the-fly" syntax checking information may be incorrect. [C:\Users\Admin\ip_repo\edit_dpu_axi_v1_0.srcs\sources_1\imports\DPU\DpuCore.sv:]
WARNING: [filemgmt 56-199] Attempt to get parsing info during refresh. "On-the-fly" syntax checking information may be incorrect. [C:\Users\Admin\ip_repo\edit_dpu_axi_v1_0.srcs\sources_1\imports\DPU\MACArray.sv:]
WARNING: [filemgmt 56-199] Attempt to get parsing info during refresh. "On-the-fly" syntax checking information may be incorrect. [C:\Users\Admin\ip_repo\dpu_axi_1_0\hdl\dpu_axi.v:]
WARNING: [filemgmt 56-199] Attempt to get parsing info during refresh. "On-the-fly" syntax checking information may be incorrect. [C:\Users\Admin\ip_repo\edit_dpu_axi_v1_0.srcs\sources_1\imports\DPU\DPU_Top.sv:]
WARNING: [filemgmt 56-199] Attempt to get parsing info during refresh. "On-the-fly" syntax checking information may be incorrect. [C:\Users\Admin\ip_repo\edit_dpu_axi_v1_0.srcs\sources_1\imports\DPU\DPU_Top.sv:]
WARNING: [filemgmt 56-199] Attempt to get parsing info during refresh. "On-the-fly" syntax checking information may be incorrect. [C:\Users\Admin\ip_repo\edit_dpu_axi_v1_0.srcs\sources_1\imports\DPU\DPU_Top.sv:]
WARNING: [filemgmt 56-199] Attempt to get parsing info during refresh. "On-the-fly" syntax checking information may be incorrect. [C:\Users\Admin\ip_repo\edit_dpu_axi_v1_0.srcs\sources_1\imports\DPU\DpuCore.sv:]
WARNING: [filemgmt 56-199] Attempt to get parsing info during refresh. "On-the-fly" syntax checking information may be incorrect. [C:\Users\Admin\ip_repo\edit_dpu_axi_v1_0.srcs\sources_1\imports\DPU\MACArray.sv:]
WARNING: [filemgmt 56-199] Attempt to get parsing info during refresh. "On-the-fly" syntax checking information may be incorrect. [C:\Users\Admin\ip_repo\dpu_axi_1_0\hdl\dpu_axi.v:]
WARNING: [filemgmt 56-199] Attempt to get parsing info during refresh. "On-the-fly" syntax checking information may be incorrect. [C:\Users\Admin\ip_repo\edit_dpu_axi_v1_0.srcs\sources_1\imports\DPU\MACArray.sv:]
WARNING: [filemgmt 56-199] Attempt to get parsing info during refresh. "On-the-fly" syntax checking information may be incorrect. [C:\Users\Admin\ip_repo\edit_dpu_axi_v1_0.srcs\sources_1\imports\DPU\MACArray.sv:]
ERROR: [Common 17-180] Spawn failed: The operation completed successfully.

WARNING: [filemgmt 56-199] Attempt to get parsing info during refresh. "On-the-fly" syntax checking information may be incorrect. [C:\Users\Admin\ip_repo\edit_dpu_axi_v1_0.srcs\sources_1\imports\DPU\DPU_Top.sv:]
WARNING: [filemgmt 56-199] Attempt to get parsing info during refresh. "On-the-fly" syntax checking information may be incorrect. [C:\Users\Admin\ip_repo\edit_dpu_axi_v1_0.srcs\sources_1\imports\DPU\DpuCore.sv:]
WARNING: [filemgmt 56-199] Attempt to get parsing info during refresh. "On-the-fly" syntax checking information may be incorrect. [C:\Users\Admin\ip_repo\edit_dpu_axi_v1_0.srcs\sources_1\imports\DPU\MACArray.sv:]
WARNING: [filemgmt 56-199] Attempt to get parsing info during refresh. "On-the-fly" syntax checking information may be incorrect. [C:\Users\Admin\ip_repo\dpu_axi_1_0\hdl\dpu_axi.v:]
WARNING: [filemgmt 56-199] Attempt to get parsing info during refresh. "On-the-fly" syntax checking information may be incorrect. [C:\Users\Admin\ip_repo\edit_dpu_axi_v1_0.srcs\sources_1\imports\DPU\DpuCore.sv:]
WARNING: [filemgmt 56-199] Attempt to get parsing info during refresh. "On-the-fly" syntax checking information may be incorrect. [C:\Users\Admin\ip_repo\edit_dpu_axi_v1_0.srcs\sources_1\imports\DPU\DpuCore.sv:]
WARNING: [filemgmt 56-199] Attempt to get parsing info during refresh. "On-the-fly" syntax checking information may be incorrect. [C:\Users\Admin\ip_repo\edit_dpu_axi_v1_0.srcs\sources_1\imports\DPU\DPU_Top.sv:]
WARNING: [filemgmt 56-199] Attempt to get parsing info during refresh. "On-the-fly" syntax checking information may be incorrect. [C:\Users\Admin\ip_repo\edit_dpu_axi_v1_0.srcs\sources_1\imports\DPU\DpuCore.sv:]
WARNING: [filemgmt 56-199] Attempt to get parsing info during refresh. "On-the-fly" syntax checking information may be incorrect. [C:\Users\Admin\ip_repo\edit_dpu_axi_v1_0.srcs\sources_1\imports\DPU\MACArray.sv:]
WARNING: [filemgmt 56-199] Attempt to get parsing info during refresh. "On-the-fly" syntax checking information may be incorrect. [C:\Users\Admin\ip_repo\dpu_axi_1_0\hdl\dpu_axi.v:]
WARNING: [filemgmt 56-199] Attempt to get parsing info during refresh. "On-the-fly" syntax checking information may be incorrect. [C:\Users\Admin\ip_repo\edit_dpu_axi_v1_0.srcs\sources_1\imports\DPU\DPU_Top.sv:]
WARNING: [filemgmt 56-199] Attempt to get parsing info during refresh. "On-the-fly" syntax checking information may be incorrect. [C:\Users\Admin\ip_repo\edit_dpu_axi_v1_0.srcs\sources_1\imports\DPU\DPU_Top.sv:]
ERROR: [Common 17-180] Spawn failed: The operation completed successfully.

WARNING: [filemgmt 56-199] Attempt to get parsing info during refresh. "On-the-fly" syntax checking information may be incorrect. [C:\Users\Admin\ip_repo\edit_dpu_axi_v1_0.srcs\sources_1\imports\DPU\DPU_Top.sv:]
WARNING: [filemgmt 56-199] Attempt to get parsing info during refresh. "On-the-fly" syntax checking information may be incorrect. [C:\Users\Admin\ip_repo\edit_dpu_axi_v1_0.srcs\sources_1\imports\DPU\DpuCore.sv:]
WARNING: [filemgmt 56-199] Attempt to get parsing info during refresh. "On-the-fly" syntax checking information may be incorrect. [C:\Users\Admin\ip_repo\edit_dpu_axi_v1_0.srcs\sources_1\imports\DPU\MACArray.sv:]
WARNING: [filemgmt 56-199] Attempt to get parsing info during refresh. "On-the-fly" syntax checking information may be incorrect. [C:\Users\Admin\ip_repo\dpu_axi_1_0\hdl\dpu_axi.v:]
WARNING: [filemgmt 56-199] Attempt to get parsing info during refresh. "On-the-fly" syntax checking information may be incorrect. [C:\Users\Admin\ip_repo\dpu_axi_1_0\hdl\dpu_axi.v:]
WARNING: [filemgmt 56-199] Attempt to get parsing info during refresh. "On-the-fly" syntax checking information may be incorrect. [C:\Users\Admin\ip_repo\dpu_axi_1_0\hdl\dpu_axi.v:]
WARNING: [filemgmt 56-199] Attempt to get parsing info during refresh. "On-the-fly" syntax checking information may be incorrect. [C:\Users\Admin\ip_repo\edit_dpu_axi_v1_0.srcs\sources_1\imports\DPU\DPU_Top.sv:]
WARNING: [filemgmt 56-199] Attempt to get parsing info during refresh. "On-the-fly" syntax checking information may be incorrect. [C:\Users\Admin\ip_repo\edit_dpu_axi_v1_0.srcs\sources_1\imports\DPU\DpuCore.sv:]
WARNING: [filemgmt 56-199] Attempt to get parsing info during refresh. "On-the-fly" syntax checking information may be incorrect. [C:\Users\Admin\ip_repo\edit_dpu_axi_v1_0.srcs\sources_1\imports\DPU\MACArray.sv:]
WARNING: [filemgmt 56-199] Attempt to get parsing info during refresh. "On-the-fly" syntax checking information may be incorrect. [C:\Users\Admin\ip_repo\dpu_axi_1_0\hdl\dpu_axi.v:]
WARNING: [filemgmt 56-199] Attempt to get parsing info during refresh. "On-the-fly" syntax checking information may be incorrect. [C:\Users\Admin\ip_repo\edit_dpu_axi_v1_0.srcs\sources_1\imports\DPU\DpuCore.sv:]
WARNING: [filemgmt 56-199] Attempt to get parsing info during refresh. "On-the-fly" syntax checking information may be incorrect. [C:\Users\Admin\ip_repo\edit_dpu_axi_v1_0.srcs\sources_1\imports\DPU\DpuCore.sv:]
WARNING: [filemgmt 56-199] Attempt to get parsing info during refresh. "On-the-fly" syntax checking information may be incorrect. [C:\Users\Admin\ip_repo\edit_dpu_axi_v1_0.srcs\sources_1\imports\DPU\DPU_Top.sv:]
WARNING: [filemgmt 56-199] Attempt to get parsing info during refresh. "On-the-fly" syntax checking information may be incorrect. [C:\Users\Admin\ip_repo\edit_dpu_axi_v1_0.srcs\sources_1\imports\DPU\DpuCore.sv:]
WARNING: [filemgmt 56-199] Attempt to get parsing info during refresh. "On-the-fly" syntax checking information may be incorrect. [C:\Users\Admin\ip_repo\edit_dpu_axi_v1_0.srcs\sources_1\imports\DPU\MACArray.sv:]
WARNING: [filemgmt 56-199] Attempt to get parsing info during refresh. "On-the-fly" syntax checking information may be incorrect. [C:\Users\Admin\ip_repo\dpu_axi_1_0\hdl\dpu_axi.v:]
WARNING: [filemgmt 56-199] Attempt to get parsing info during refresh. "On-the-fly" syntax checking information may be incorrect. [C:\Users\Admin\ip_repo\edit_dpu_axi_v1_0.srcs\sources_1\imports\DPU\MACArray.sv:]
WARNING: [filemgmt 56-199] Attempt to get parsing info during refresh. "On-the-fly" syntax checking information may be incorrect. [C:\Users\Admin\ip_repo\edit_dpu_axi_v1_0.srcs\sources_1\imports\DPU\MACArray.sv:]
ERROR: [Common 17-180] Spawn failed: The operation completed successfully.

WARNING: [filemgmt 56-199] Attempt to get parsing info during refresh. "On-the-fly" syntax checking information may be incorrect. [C:\Users\Admin\ip_repo\edit_dpu_axi_v1_0.srcs\sources_1\imports\DPU\DPU_Top.sv:]
WARNING: [filemgmt 56-199] Attempt to get parsing info during refresh. "On-the-fly" syntax checking information may be incorrect. [C:\Users\Admin\ip_repo\dpu_axi_1_0\hdl\dpu_axi_slave_lite_v1_0_S00_AXI.v:]
WARNING: [filemgmt 56-199] Attempt to get parsing info during refresh. "On-the-fly" syntax checking information may be incorrect. [C:\Users\Admin\ip_repo\edit_dpu_axi_v1_0.srcs\sources_1\imports\DPU\DpuCore.sv:]
WARNING: [filemgmt 56-199] Attempt to get parsing info during refresh. "On-the-fly" syntax checking information may be incorrect. [C:\Users\Admin\ip_repo\edit_dpu_axi_v1_0.srcs\sources_1\imports\DPU\MACArray.sv:]
WARNING: [filemgmt 56-199] Attempt to get parsing info during refresh. "On-the-fly" syntax checking information may be incorrect. [C:\Users\Admin\ip_repo\dpu_axi_1_0\hdl\dpu_axi.v:]
WARNING: [filemgmt 56-199] Attempt to get parsing info during refresh. "On-the-fly" syntax checking information may be incorrect. [C:\Users\Admin\ip_repo\dpu_axi_1_0\hdl\dpu_axi.v:]
WARNING: [filemgmt 56-199] Attempt to get parsing info during refresh. "On-the-fly" syntax checking information may be incorrect. [C:\Users\Admin\ip_repo\dpu_axi_1_0\hdl\dpu_axi.v:]
WARNING: [filemgmt 56-199] Attempt to get parsing info during refresh. "On-the-fly" syntax checking information may be incorrect. [C:\Users\Admin\ip_repo\edit_dpu_axi_v1_0.srcs\sources_1\imports\DPU\DPU_Top.sv:]
WARNING: [filemgmt 56-199] Attempt to get parsing info during refresh. "On-the-fly" syntax checking information may be incorrect. [C:\Users\Admin\ip_repo\dpu_axi_1_0\hdl\dpu_axi_slave_lite_v1_0_S00_AXI.v:]
WARNING: [filemgmt 56-199] Attempt to get parsing info during refresh. "On-the-fly" syntax checking information may be incorrect. [C:\Users\Admin\ip_repo\edit_dpu_axi_v1_0.srcs\sources_1\imports\DPU\DpuCore.sv:]
WARNING: [filemgmt 56-199] Attempt to get parsing info during refresh. "On-the-fly" syntax checking information may be incorrect. [C:\Users\Admin\ip_repo\edit_dpu_axi_v1_0.srcs\sources_1\imports\DPU\MACArray.sv:]
WARNING: [filemgmt 56-199] Attempt to get parsing info during refresh. "On-the-fly" syntax checking information may be incorrect. [C:\Users\Admin\ip_repo\dpu_axi_1_0\hdl\dpu_axi.v:]
WARNING: [filemgmt 56-199] Attempt to get parsing info during refresh. "On-the-fly" syntax checking information may be incorrect. [C:\Users\Admin\ip_repo\edit_dpu_axi_v1_0.srcs\sources_1\imports\DPU\DpuCore.sv:]
WARNING: [filemgmt 56-199] Attempt to get parsing info during refresh. "On-the-fly" syntax checking information may be incorrect. [C:\Users\Admin\ip_repo\edit_dpu_axi_v1_0.srcs\sources_1\imports\DPU\DpuCore.sv:]
WARNING: [filemgmt 56-199] Attempt to get parsing info during refresh. "On-the-fly" syntax checking information may be incorrect. [C:\Users\Admin\ip_repo\edit_dpu_axi_v1_0.srcs\sources_1\imports\DPU\DPU_Top.sv:]
WARNING: [filemgmt 56-199] Attempt to get parsing info during refresh. "On-the-fly" syntax checking information may be incorrect. [C:\Users\Admin\ip_repo\dpu_axi_1_0\hdl\dpu_axi_slave_lite_v1_0_S00_AXI.v:]
WARNING: [filemgmt 56-199] Attempt to get parsing info during refresh. "On-the-fly" syntax checking information may be incorrect. [C:\Users\Admin\ip_repo\edit_dpu_axi_v1_0.srcs\sources_1\imports\DPU\DpuCore.sv:]
WARNING: [filemgmt 56-199] Attempt to get parsing info during refresh. "On-the-fly" syntax checking information may be incorrect. [C:\Users\Admin\ip_repo\edit_dpu_axi_v1_0.srcs\sources_1\imports\DPU\MACArray.sv:]
WARNING: [filemgmt 56-199] Attempt to get parsing info during refresh. "On-the-fly" syntax checking information may be incorrect. [C:\Users\Admin\ip_repo\dpu_axi_1_0\hdl\dpu_axi.v:]
WARNING: [filemgmt 56-199] Attempt to get parsing info during refresh. "On-the-fly" syntax checking information may be incorrect. [C:\Users\Admin\ip_repo\edit_dpu_axi_v1_0.srcs\sources_1\imports\DPU\DPU_Top.sv:]
WARNING: [filemgmt 56-199] Attempt to get parsing info during refresh. "On-the-fly" syntax checking information may be incorrect. [C:\Users\Admin\ip_repo\edit_dpu_axi_v1_0.srcs\sources_1\imports\DPU\DPU_Top.sv:]
WARNING: [filemgmt 56-199] Attempt to get parsing info during refresh. "On-the-fly" syntax checking information may be incorrect. [C:\Users\Admin\ip_repo\edit_dpu_axi_v1_0.srcs\sources_1\imports\DPU\DPU_Top.sv:]
WARNING: [filemgmt 56-199] Attempt to get parsing info during refresh. "On-the-fly" syntax checking information may be incorrect. [C:\Users\Admin\ip_repo\dpu_axi_1_0\hdl\dpu_axi_slave_lite_v1_0_S00_AXI.v:]
WARNING: [filemgmt 56-199] Attempt to get parsing info during refresh. "On-the-fly" syntax checking information may be incorrect. [C:\Users\Admin\ip_repo\edit_dpu_axi_v1_0.srcs\sources_1\imports\DPU\DpuCore.sv:]
WARNING: [filemgmt 56-199] Attempt to get parsing info during refresh. "On-the-fly" syntax checking information may be incorrect. [C:\Users\Admin\ip_repo\edit_dpu_axi_v1_0.srcs\sources_1\imports\DPU\MACArray.sv:]
WARNING: [filemgmt 56-199] Attempt to get parsing info during refresh. "On-the-fly" syntax checking information may be incorrect. [C:\Users\Admin\ip_repo\dpu_axi_1_0\hdl\dpu_axi.v:]
WARNING: [filemgmt 56-199] Attempt to get parsing info during refresh. "On-the-fly" syntax checking information may be incorrect. [C:\Users\Admin\ip_repo\edit_dpu_axi_v1_0.srcs\sources_1\imports\DPU\DPU_Top.sv:]
WARNING: [filemgmt 56-199] Attempt to get parsing info during refresh. "On-the-fly" syntax checking information may be incorrect. [C:\Users\Admin\ip_repo\edit_dpu_axi_v1_0.srcs\sources_1\imports\DPU\DPU_Top.sv:]
WARNING: [filemgmt 56-199] Attempt to get parsing info during refresh. "On-the-fly" syntax checking information may be incorrect. [C:\Users\Admin\ip_repo\edit_dpu_axi_v1_0.srcs\sources_1\imports\DPU\DPU_Top.sv:]
WARNING: [filemgmt 56-199] Attempt to get parsing info during refresh. "On-the-fly" syntax checking information may be incorrect. [C:\Users\Admin\ip_repo\dpu_axi_1_0\hdl\dpu_axi_slave_lite_v1_0_S00_AXI.v:]
WARNING: [filemgmt 56-199] Attempt to get parsing info during refresh. "On-the-fly" syntax checking information may be incorrect. [C:\Users\Admin\ip_repo\edit_dpu_axi_v1_0.srcs\sources_1\imports\DPU\DpuCore.sv:]
WARNING: [filemgmt 56-199] Attempt to get parsing info during refresh. "On-the-fly" syntax checking information may be incorrect. [C:\Users\Admin\ip_repo\edit_dpu_axi_v1_0.srcs\sources_1\imports\DPU\MACArray.sv:]
WARNING: [filemgmt 56-199] Attempt to get parsing info during refresh. "On-the-fly" syntax checking information may be incorrect. [C:\Users\Admin\ip_repo\dpu_axi_1_0\hdl\dpu_axi.v:]
WARNING: [filemgmt 56-199] Attempt to get parsing info during refresh. "On-the-fly" syntax checking information may be incorrect. [C:\Users\Admin\ip_repo\edit_dpu_axi_v1_0.srcs\sources_1\imports\DPU\MACArray.sv:]
WARNING: [filemgmt 56-199] Attempt to get parsing info during refresh. "On-the-fly" syntax checking information may be incorrect. [C:\Users\Admin\ip_repo\edit_dpu_axi_v1_0.srcs\sources_1\imports\DPU\MACArray.sv:]
ERROR: [Common 17-180] Spawn failed: The operation completed successfully.

WARNING: [filemgmt 56-199] Attempt to get parsing info during refresh. "On-the-fly" syntax checking information may be incorrect. [C:\Users\Admin\ip_repo\edit_dpu_axi_v1_0.srcs\sources_1\imports\DPU\DPU_Top.sv:]
WARNING: [filemgmt 56-199] Attempt to get parsing info during refresh. "On-the-fly" syntax checking information may be incorrect. [C:\Users\Admin\ip_repo\dpu_axi_1_0\hdl\dpu_axi_slave_lite_v1_0_S00_AXI.v:]
WARNING: [filemgmt 56-199] Attempt to get parsing info during refresh. "On-the-fly" syntax checking information may be incorrect. [C:\Users\Admin\ip_repo\edit_dpu_axi_v1_0.srcs\sources_1\imports\DPU\DpuCore.sv:]
WARNING: [filemgmt 56-199] Attempt to get parsing info during refresh. "On-the-fly" syntax checking information may be incorrect. [C:\Users\Admin\ip_repo\edit_dpu_axi_v1_0.srcs\sources_1\imports\DPU\MACArray.sv:]
WARNING: [filemgmt 56-199] Attempt to get parsing info during refresh. "On-the-fly" syntax checking information may be incorrect. [C:\Users\Admin\ip_repo\dpu_axi_1_0\hdl\dpu_axi.v:]
WARNING: [filemgmt 56-199] Attempt to get parsing info during refresh. "On-the-fly" syntax checking information may be incorrect. [C:\Users\Admin\ip_repo\edit_dpu_axi_v1_0.srcs\sources_1\imports\DPU\DpuCore.sv:]
WARNING: [filemgmt 56-199] Attempt to get parsing info during refresh. "On-the-fly" syntax checking information may be incorrect. [C:\Users\Admin\ip_repo\edit_dpu_axi_v1_0.srcs\sources_1\imports\DPU\DpuCore.sv:]
WARNING: [filemgmt 56-199] Attempt to get parsing info during refresh. "On-the-fly" syntax checking information may be incorrect. [C:\Users\Admin\ip_repo\edit_dpu_axi_v1_0.srcs\sources_1\imports\DPU\DPU_Top.sv:]
WARNING: [filemgmt 56-199] Attempt to get parsing info during refresh. "On-the-fly" syntax checking information may be incorrect. [C:\Users\Admin\ip_repo\dpu_axi_1_0\hdl\dpu_axi_slave_lite_v1_0_S00_AXI.v:]
WARNING: [filemgmt 56-199] Attempt to get parsing info during refresh. "On-the-fly" syntax checking information may be incorrect. [C:\Users\Admin\ip_repo\edit_dpu_axi_v1_0.srcs\sources_1\imports\DPU\DpuCore.sv:]
WARNING: [filemgmt 56-199] Attempt to get parsing info during refresh. "On-the-fly" syntax checking information may be incorrect. [C:\Users\Admin\ip_repo\edit_dpu_axi_v1_0.srcs\sources_1\imports\DPU\MACArray.sv:]
WARNING: [filemgmt 56-199] Attempt to get parsing info during refresh. "On-the-fly" syntax checking information may be incorrect. [C:\Users\Admin\ip_repo\dpu_axi_1_0\hdl\dpu_axi.v:]
WARNING: [filemgmt 56-199] Attempt to get parsing info during refresh. "On-the-fly" syntax checking information may be incorrect. [C:\Users\Admin\ip_repo\edit_dpu_axi_v1_0.srcs\sources_1\imports\DPU\DPU_Top.sv:]
WARNING: [filemgmt 56-199] Attempt to get parsing info during refresh. "On-the-fly" syntax checking information may be incorrect. [C:\Users\Admin\ip_repo\edit_dpu_axi_v1_0.srcs\sources_1\imports\DPU\DPU_Top.sv:]
WARNING: [filemgmt 56-199] Attempt to get parsing info during refresh. "On-the-fly" syntax checking information may be incorrect. [C:\Users\Admin\ip_repo\edit_dpu_axi_v1_0.srcs\sources_1\imports\DPU\DPU_Top.sv:]
WARNING: [filemgmt 56-199] Attempt to get parsing info during refresh. "On-the-fly" syntax checking information may be incorrect. [C:\Users\Admin\ip_repo\dpu_axi_1_0\hdl\dpu_axi_slave_lite_v1_0_S00_AXI.v:]
WARNING: [filemgmt 56-199] Attempt to get parsing info during refresh. "On-the-fly" syntax checking information may be incorrect. [C:\Users\Admin\ip_repo\edit_dpu_axi_v1_0.srcs\sources_1\imports\DPU\DpuCore.sv:]
WARNING: [filemgmt 56-199] Attempt to get parsing info during refresh. "On-the-fly" syntax checking information may be incorrect. [C:\Users\Admin\ip_repo\edit_dpu_axi_v1_0.srcs\sources_1\imports\DPU\MACArray.sv:]
WARNING: [filemgmt 56-199] Attempt to get parsing info during refresh. "On-the-fly" syntax checking information may be incorrect. [C:\Users\Admin\ip_repo\dpu_axi_1_0\hdl\dpu_axi.v:]
WARNING: [filemgmt 56-199] Attempt to get parsing info during refresh. "On-the-fly" syntax checking information may be incorrect. [C:\Users\Admin\ip_repo\edit_dpu_axi_v1_0.srcs\sources_1\imports\DPU\DpuCore.sv:]
WARNING: [filemgmt 56-199] Attempt to get parsing info during refresh. "On-the-fly" syntax checking information may be incorrect. [C:\Users\Admin\ip_repo\edit_dpu_axi_v1_0.srcs\sources_1\imports\DPU\DpuCore.sv:]
WARNING: [filemgmt 56-199] Attempt to get parsing info during refresh. "On-the-fly" syntax checking information may be incorrect. [C:\Users\Admin\ip_repo\edit_dpu_axi_v1_0.srcs\sources_1\imports\DPU\DPU_Top.sv:]
WARNING: [filemgmt 56-199] Attempt to get parsing info during refresh. "On-the-fly" syntax checking information may be incorrect. [C:\Users\Admin\ip_repo\dpu_axi_1_0\hdl\dpu_axi_slave_lite_v1_0_S00_AXI.v:]
WARNING: [filemgmt 56-199] Attempt to get parsing info during refresh. "On-the-fly" syntax checking information may be incorrect. [C:\Users\Admin\ip_repo\edit_dpu_axi_v1_0.srcs\sources_1\imports\DPU\DpuCore.sv:]
WARNING: [filemgmt 56-199] Attempt to get parsing info during refresh. "On-the-fly" syntax checking information may be incorrect. [C:\Users\Admin\ip_repo\edit_dpu_axi_v1_0.srcs\sources_1\imports\DPU\MACArray.sv:]
WARNING: [filemgmt 56-199] Attempt to get parsing info during refresh. "On-the-fly" syntax checking information may be incorrect. [C:\Users\Admin\ip_repo\dpu_axi_1_0\hdl\dpu_axi.v:]
WARNING: [filemgmt 56-199] Attempt to get parsing info during refresh. "On-the-fly" syntax checking information may be incorrect. [C:\Users\Admin\ip_repo\edit_dpu_axi_v1_0.srcs\sources_1\imports\DPU\MACArray.sv:]
WARNING: [filemgmt 56-199] Attempt to get parsing info during refresh. "On-the-fly" syntax checking information may be incorrect. [C:\Users\Admin\ip_repo\edit_dpu_axi_v1_0.srcs\sources_1\imports\DPU\MACArray.sv:]
WARNING: [filemgmt 56-199] Attempt to get parsing info during refresh. "On-the-fly" syntax checking information may be incorrect. [C:\Users\Admin\ip_repo\edit_dpu_axi_v1_0.srcs\sources_1\imports\DPU\DPU_Top.sv:]
WARNING: [filemgmt 56-199] Attempt to get parsing info during refresh. "On-the-fly" syntax checking information may be incorrect. [C:\Users\Admin\ip_repo\dpu_axi_1_0\hdl\dpu_axi_slave_lite_v1_0_S00_AXI.v:]
WARNING: [filemgmt 56-199] Attempt to get parsing info during refresh. "On-the-fly" syntax checking information may be incorrect. [C:\Users\Admin\ip_repo\edit_dpu_axi_v1_0.srcs\sources_1\imports\DPU\DpuCore.sv:]
WARNING: [filemgmt 56-199] Attempt to get parsing info during refresh. "On-the-fly" syntax checking information may be incorrect. [C:\Users\Admin\ip_repo\edit_dpu_axi_v1_0.srcs\sources_1\imports\DPU\MACArray.sv:]
WARNING: [filemgmt 56-199] Attempt to get parsing info during refresh. "On-the-fly" syntax checking information may be incorrect. [C:\Users\Admin\ip_repo\dpu_axi_1_0\hdl\dpu_axi.v:]
WARNING: [filemgmt 56-199] Attempt to get parsing info during refresh. "On-the-fly" syntax checking information may be incorrect. [C:\Users\Admin\ip_repo\dpu_axi_1_0\hdl\dpu_axi.v:]
WARNING: [filemgmt 56-199] Attempt to get parsing info during refresh. "On-the-fly" syntax checking information may be incorrect. [C:\Users\Admin\ip_repo\dpu_axi_1_0\hdl\dpu_axi.v:]
WARNING: [filemgmt 56-199] Attempt to get parsing info during refresh. "On-the-fly" syntax checking information may be incorrect. [C:\Users\Admin\ip_repo\edit_dpu_axi_v1_0.srcs\sources_1\imports\DPU\DPU_Top.sv:]
WARNING: [filemgmt 56-199] Attempt to get parsing info during refresh. "On-the-fly" syntax checking information may be incorrect. [C:\Users\Admin\ip_repo\dpu_axi_1_0\hdl\dpu_axi_slave_lite_v1_0_S00_AXI.v:]
WARNING: [filemgmt 56-199] Attempt to get parsing info during refresh. "On-the-fly" syntax checking information may be incorrect. [C:\Users\Admin\ip_repo\edit_dpu_axi_v1_0.srcs\sources_1\imports\DPU\DpuCore.sv:]
WARNING: [filemgmt 56-199] Attempt to get parsing info during refresh. "On-the-fly" syntax checking information may be incorrect. [C:\Users\Admin\ip_repo\edit_dpu_axi_v1_0.srcs\sources_1\imports\DPU\MACArray.sv:]
WARNING: [filemgmt 56-199] Attempt to get parsing info during refresh. "On-the-fly" syntax checking information may be incorrect. [C:\Users\Admin\ip_repo\dpu_axi_1_0\hdl\dpu_axi.v:]
WARNING: [filemgmt 56-199] Attempt to get parsing info during refresh. "On-the-fly" syntax checking information may be incorrect. [C:\Users\Admin\ip_repo\edit_dpu_axi_v1_0.srcs\sources_1\imports\DPU\DPU_Top.sv:]
WARNING: [filemgmt 56-199] Attempt to get parsing info during refresh. "On-the-fly" syntax checking information may be incorrect. [C:\Users\Admin\ip_repo\edit_dpu_axi_v1_0.srcs\sources_1\imports\DPU\DPU_Top.sv:]
WARNING: [filemgmt 56-199] Attempt to get parsing info during refresh. "On-the-fly" syntax checking information may be incorrect. [C:\Users\Admin\ip_repo\edit_dpu_axi_v1_0.srcs\sources_1\imports\DPU\DPU_Top.sv:]
WARNING: [filemgmt 56-199] Attempt to get parsing info during refresh. "On-the-fly" syntax checking information may be incorrect. [C:\Users\Admin\ip_repo\dpu_axi_1_0\hdl\dpu_axi_slave_lite_v1_0_S00_AXI.v:]
WARNING: [filemgmt 56-199] Attempt to get parsing info during refresh. "On-the-fly" syntax checking information may be incorrect. [C:\Users\Admin\ip_repo\edit_dpu_axi_v1_0.srcs\sources_1\imports\DPU\DpuCore.sv:]
WARNING: [filemgmt 56-199] Attempt to get parsing info during refresh. "On-the-fly" syntax checking information may be incorrect. [C:\Users\Admin\ip_repo\edit_dpu_axi_v1_0.srcs\sources_1\imports\DPU\MACArray.sv:]
WARNING: [filemgmt 56-199] Attempt to get parsing info during refresh. "On-the-fly" syntax checking information may be incorrect. [C:\Users\Admin\ip_repo\dpu_axi_1_0\hdl\dpu_axi.v:]
WARNING: [filemgmt 56-199] Attempt to get parsing info during refresh. "On-the-fly" syntax checking information may be incorrect. [C:\Users\Admin\ip_repo\dpu_axi_1_0\hdl\dpu_axi.v:]
WARNING: [filemgmt 56-199] Attempt to get parsing info during refresh. "On-the-fly" syntax checking information may be incorrect. [C:\Users\Admin\ip_repo\dpu_axi_1_0\hdl\dpu_axi.v:]
WARNING: [filemgmt 56-199] Attempt to get parsing info during refresh. "On-the-fly" syntax checking information may be incorrect. [C:\Users\Admin\ip_repo\edit_dpu_axi_v1_0.srcs\sources_1\imports\DPU\DpuCore.sv:]
WARNING: [filemgmt 56-199] Attempt to get parsing info during refresh. "On-the-fly" syntax checking information may be incorrect. [C:\Users\Admin\ip_repo\edit_dpu_axi_v1_0.srcs\sources_1\imports\DPU\MACArray.sv:]
WARNING: [filemgmt 56-199] Attempt to get parsing info during refresh. "On-the-fly" syntax checking information may be incorrect. [C:\Users\Admin\ip_repo\dpu_axi_1_0\hdl\dpu_axi.v:]
WARNING: [filemgmt 56-199] Attempt to get parsing info during refresh. "On-the-fly" syntax checking information may be incorrect. [C:\Users\Admin\ip_repo\edit_dpu_axi_v1_0.srcs\sources_1\imports\DPU\DpuCore.sv:]
WARNING: [filemgmt 56-199] Attempt to get parsing info during refresh. "On-the-fly" syntax checking information may be incorrect. [C:\Users\Admin\ip_repo\edit_dpu_axi_v1_0.srcs\sources_1\imports\DPU\DpuCore.sv:]
WARNING: [filemgmt 56-199] Attempt to get parsing info during refresh. "On-the-fly" syntax checking information may be incorrect. [C:\Users\Admin\ip_repo\edit_dpu_axi_v1_0.srcs\sources_1\imports\DPU\DPU_Top.sv:]
WARNING: [filemgmt 56-199] Attempt to get parsing info during refresh. "On-the-fly" syntax checking information may be incorrect. [C:\Users\Admin\ip_repo\dpu_axi_1_0\hdl\dpu_axi_slave_lite_v1_0_S00_AXI.v:]
WARNING: [filemgmt 56-199] Attempt to get parsing info during refresh. "On-the-fly" syntax checking information may be incorrect. [C:\Users\Admin\ip_repo\edit_dpu_axi_v1_0.srcs\sources_1\imports\DPU\DpuCore.sv:]
WARNING: [filemgmt 56-199] Attempt to get parsing info during refresh. "On-the-fly" syntax checking information may be incorrect. [C:\Users\Admin\ip_repo\edit_dpu_axi_v1_0.srcs\sources_1\imports\DPU\MACArray.sv:]
WARNING: [filemgmt 56-199] Attempt to get parsing info during refresh. "On-the-fly" syntax checking information may be incorrect. [C:\Users\Admin\ip_repo\dpu_axi_1_0\hdl\dpu_axi.v:]
WARNING: [filemgmt 56-199] Attempt to get parsing info during refresh. "On-the-fly" syntax checking information may be incorrect. [C:\Users\Admin\ip_repo\edit_dpu_axi_v1_0.srcs\sources_1\imports\DPU\MACArray.sv:]
WARNING: [filemgmt 56-199] Attempt to get parsing info during refresh. "On-the-fly" syntax checking information may be incorrect. [C:\Users\Admin\ip_repo\edit_dpu_axi_v1_0.srcs\sources_1\imports\DPU\MACArray.sv:]
WARNING: [filemgmt 56-199] Attempt to get parsing info during refresh. "On-the-fly" syntax checking information may be incorrect. [C:\Users\Admin\ip_repo\edit_dpu_axi_v1_0.srcs\sources_1\imports\DPU\DPU_Top.sv:]
WARNING: [filemgmt 56-199] Attempt to get parsing info during refresh. "On-the-fly" syntax checking information may be incorrect. [C:\Users\Admin\ip_repo\dpu_axi_1_0\hdl\dpu_axi_slave_lite_v1_0_S00_AXI.v:]
WARNING: [filemgmt 56-199] Attempt to get parsing info during refresh. "On-the-fly" syntax checking information may be incorrect. [C:\Users\Admin\ip_repo\edit_dpu_axi_v1_0.srcs\sources_1\imports\DPU\DpuCore.sv:]
WARNING: [filemgmt 56-199] Attempt to get parsing info during refresh. "On-the-fly" syntax checking information may be incorrect. [C:\Users\Admin\ip_repo\edit_dpu_axi_v1_0.srcs\sources_1\imports\DPU\MACArray.sv:]
WARNING: [filemgmt 56-199] Attempt to get parsing info during refresh. "On-the-fly" syntax checking information may be incorrect. [C:\Users\Admin\ip_repo\dpu_axi_1_0\hdl\dpu_axi.v:]
WARNING: [filemgmt 56-199] Attempt to get parsing info during refresh. "On-the-fly" syntax checking information may be incorrect. [C:\Users\Admin\ip_repo\edit_dpu_axi_v1_0.srcs\sources_1\imports\DPU\DPU_Top.sv:]
WARNING: [filemgmt 56-199] Attempt to get parsing info during refresh. "On-the-fly" syntax checking information may be incorrect. [C:\Users\Admin\ip_repo\edit_dpu_axi_v1_0.srcs\sources_1\imports\DPU\DPU_Top.sv:]
WARNING: [filemgmt 56-199] Attempt to get parsing info during refresh. "On-the-fly" syntax checking information may be incorrect. [C:\Users\Admin\ip_repo\edit_dpu_axi_v1_0.srcs\sources_1\imports\DPU\DPU_Top.sv:]
WARNING: [filemgmt 56-199] Attempt to get parsing info during refresh. "On-the-fly" syntax checking information may be incorrect. [C:\Users\Admin\ip_repo\dpu_axi_1_0\hdl\dpu_axi_slave_lite_v1_0_S00_AXI.v:]
WARNING: [filemgmt 56-199] Attempt to get parsing info during refresh. "On-the-fly" syntax checking information may be incorrect. [C:\Users\Admin\ip_repo\edit_dpu_axi_v1_0.srcs\sources_1\imports\DPU\DpuCore.sv:]
WARNING: [filemgmt 56-199] Attempt to get parsing info during refresh. "On-the-fly" syntax checking information may be incorrect. [C:\Users\Admin\ip_repo\edit_dpu_axi_v1_0.srcs\sources_1\imports\DPU\MACArray.sv:]
WARNING: [filemgmt 56-199] Attempt to get parsing info during refresh. "On-the-fly" syntax checking information may be incorrect. [C:\Users\Admin\ip_repo\dpu_axi_1_0\hdl\dpu_axi.v:]
WARNING: [filemgmt 56-199] Attempt to get parsing info during refresh. "On-the-fly" syntax checking information may be incorrect. [C:\Users\Admin\ip_repo\dpu_axi_1_0\hdl\dpu_axi_slave_lite_v1_0_S00_AXI.v:]
WARNING: [filemgmt 56-199] Attempt to get parsing info during refresh. "On-the-fly" syntax checking information may be incorrect. [C:\Users\Admin\ip_repo\dpu_axi_1_0\hdl\dpu_axi_slave_lite_v1_0_S00_AXI.v:]
ERROR: [Common 17-180] Spawn failed: The operation completed successfully.

WARNING: [filemgmt 56-199] Attempt to get parsing info during refresh. "On-the-fly" syntax checking information may be incorrect. [C:\Users\Admin\ip_repo\edit_dpu_axi_v1_0.srcs\sources_1\imports\DPU\DPU_Top.sv:]
WARNING: [filemgmt 56-199] Attempt to get parsing info during refresh. "On-the-fly" syntax checking information may be incorrect. [C:\Users\Admin\ip_repo\dpu_axi_1_0\hdl\dpu_axi_slave_lite_v1_0_S00_AXI.v:]
WARNING: [filemgmt 56-199] Attempt to get parsing info during refresh. "On-the-fly" syntax checking information may be incorrect. [C:\Users\Admin\ip_repo\edit_dpu_axi_v1_0.srcs\sources_1\imports\DPU\DpuCore.sv:]
WARNING: [filemgmt 56-199] Attempt to get parsing info during refresh. "On-the-fly" syntax checking information may be incorrect. [C:\Users\Admin\ip_repo\edit_dpu_axi_v1_0.srcs\sources_1\imports\DPU\MACArray.sv:]
WARNING: [filemgmt 56-199] Attempt to get parsing info during refresh. "On-the-fly" syntax checking information may be incorrect. [C:\Users\Admin\ip_repo\dpu_axi_1_0\hdl\dpu_axi.v:]
WARNING: [filemgmt 56-199] Attempt to get parsing info during refresh. "On-the-fly" syntax checking information may be incorrect. [C:\Users\Admin\ip_repo\dpu_axi_1_0\hdl\dpu_axi.v:]
WARNING: [filemgmt 56-199] Attempt to get parsing info during refresh. "On-the-fly" syntax checking information may be incorrect. [C:\Users\Admin\ip_repo\dpu_axi_1_0\hdl\dpu_axi.v:]
ERROR: [Common 17-180] Spawn failed: The operation completed successfully.

WARNING: [filemgmt 56-199] Attempt to get parsing info during refresh. "On-the-fly" syntax checking information may be incorrect. [C:\Users\Admin\ip_repo\edit_dpu_axi_v1_0.srcs\sources_1\imports\DPU\DPU_Top.sv:]
WARNING: [filemgmt 56-199] Attempt to get parsing info during refresh. "On-the-fly" syntax checking information may be incorrect. [C:\Users\Admin\ip_repo\dpu_axi_1_0\hdl\dpu_axi_slave_lite_v1_0_S00_AXI.v:]
WARNING: [filemgmt 56-199] Attempt to get parsing info during refresh. "On-the-fly" syntax checking information may be incorrect. [C:\Users\Admin\ip_repo\edit_dpu_axi_v1_0.srcs\sources_1\imports\DPU\DpuCore.sv:]
WARNING: [filemgmt 56-199] Attempt to get parsing info during refresh. "On-the-fly" syntax checking information may be incorrect. [C:\Users\Admin\ip_repo\edit_dpu_axi_v1_0.srcs\sources_1\imports\DPU\MACArray.sv:]
WARNING: [filemgmt 56-199] Attempt to get parsing info during refresh. "On-the-fly" syntax checking information may be incorrect. [C:\Users\Admin\ip_repo\dpu_axi_1_0\hdl\dpu_axi.v:]
WARNING: [filemgmt 56-199] Attempt to get parsing info during refresh. "On-the-fly" syntax checking information may be incorrect. [C:\Users\Admin\ip_repo\edit_dpu_axi_v1_0.srcs\sources_1\imports\DPU\MACArray.sv:]
WARNING: [filemgmt 56-199] Attempt to get parsing info during refresh. "On-the-fly" syntax checking information may be incorrect. [C:\Users\Admin\ip_repo\edit_dpu_axi_v1_0.srcs\sources_1\imports\DPU\MACArray.sv:]
launch_runs synth_1 -jobs 10
WARNING: [Vivado 12-7122] Auto Incremental Compile:: No reference checkpoint was found in run synth_1. Auto-incremental flow will not be run, the standard flow will be run instead.
[Sat Aug  8 17:52:01 2026] Launched synth_1...
Run output will be captured here: C:/Users/Admin/ip_repo/edit_dpu_axi_v1_0.runs/synth_1/runme.log
reset_run synth_1
WARNING: [Vivado 12-1017] Problems encountered:
1. Failed to delete one or more files in run directory C:/Users/Admin/ip_repo/edit_dpu_axi_v1_0.runs/synth_1

ipx::open_ipxact_file C:/Users/Admin/ip_repo/component.xml
WARNING: [IP_Flow 19-4308] Project file 'c:/Users/Admin/ip_repo/edit_dpu_axi_v1_0.srcs/sources_1/imports/DPU/ActivationSelect.sv' is not found in the component files. It will be added automatically when merging sources and repackaging. Please remove the file from the source project if this is not desired.
WARNING: [IP_Flow 19-4308] Project file 'c:/Users/Admin/ip_repo/edit_dpu_axi_v1_0.srcs/sources_1/imports/DPU/DPU_Top.sv' is not found in the component files. It will be added automatically when merging sources and repackaging. Please remove the file from the source project if this is not desired.
WARNING: [IP_Flow 19-4308] Project file 'c:/Users/Admin/ip_repo/edit_dpu_axi_v1_0.srcs/sources_1/imports/DPU/DpuCore.sv' is not found in the component files. It will be added automatically when merging sources and repackaging. Please remove the file from the source project if this is not desired.
WARNING: [IP_Flow 19-4308] Project file 'c:/Users/Admin/ip_repo/edit_dpu_axi_v1_0.srcs/sources_1/imports/DPU/MACArray.sv' is not found in the component files. It will be added automatically when merging sources and repackaging. Please remove the file from the source project if this is not desired.
WARNING: [IP_Flow 19-4308] Project file 'c:/Users/Admin/ip_repo/edit_dpu_axi_v1_0.srcs/sources_1/imports/DPU/PEUnit.sv' is not found in the component files. It will be added automatically when merging sources and repackaging. Please remove the file from the source project if this is not desired.
WARNING: [IP_Flow 19-4308] Project file 'c:/Users/Admin/ip_repo/edit_dpu_axi_v1_0.srcs/sources_1/imports/DPU/ActivationSelect.sv' is not found in the component files. It will be added automatically when merging sources and repackaging. Please remove the file from the source project if this is not desired.
WARNING: [IP_Flow 19-4308] Project file 'c:/Users/Admin/ip_repo/edit_dpu_axi_v1_0.srcs/sources_1/imports/DPU/DPU_Top.sv' is not found in the component files. It will be added automatically when merging sources and repackaging. Please remove the file from the source project if this is not desired.
WARNING: [IP_Flow 19-4308] Project file 'c:/Users/Admin/ip_repo/edit_dpu_axi_v1_0.srcs/sources_1/imports/DPU/DpuCore.sv' is not found in the component files. It will be added automatically when merging sources and repackaging. Please remove the file from the source project if this is not desired.
WARNING: [IP_Flow 19-4308] Project file 'c:/Users/Admin/ip_repo/edit_dpu_axi_v1_0.srcs/sources_1/imports/DPU/MACArray.sv' is not found in the component files. It will be added automatically when merging sources and repackaging. Please remove the file from the source project if this is not desired.
WARNING: [IP_Flow 19-4308] Project file 'c:/Users/Admin/ip_repo/edit_dpu_axi_v1_0.srcs/sources_1/imports/DPU/PEUnit.sv' is not found in the component files. It will be added automatically when merging sources and repackaging. Please remove the file from the source project if this is not desired.
set_property version 1.2 [ipx::current_core]
set_property display_name dpu_axi_v1_2 [ipx::current_core]
set_property description dpu_axi_v1_2 [ipx::current_core]
ipx::add_bus_parameter FREQ_HZ [ipx::get_bus_interfaces s00_axi_aclk -of_objects [ipx::current_core]]
set_property description 100000000 [ipx::get_bus_parameters FREQ_HZ -of_objects [ipx::get_bus_interfaces s00_axi_aclk -of_objects [ipx::current_core]]]
WARNING: [filemgmt 56-199] Attempt to get parsing info during refresh. "On-the-fly" syntax checking information may be incorrect. [C:\Users\Admin\ip_repo\edit_dpu_axi_v1_0.srcs\sources_1\imports\DPU\DPU_Top.sv:]
WARNING: [filemgmt 56-199] Attempt to get parsing info during refresh. "On-the-fly" syntax checking information may be incorrect. [C:\Users\Admin\ip_repo\dpu_axi_1_0\hdl\dpu_axi_slave_lite_v1_0_S00_AXI.v:]
WARNING: [filemgmt 56-199] Attempt to get parsing info during refresh. "On-the-fly" syntax checking information may be incorrect. [C:\Users\Admin\ip_repo\edit_dpu_axi_v1_0.srcs\sources_1\imports\DPU\DpuCore.sv:]
WARNING: [filemgmt 56-199] Attempt to get parsing info during refresh. "On-the-fly" syntax checking information may be incorrect. [C:\Users\Admin\ip_repo\edit_dpu_axi_v1_0.srcs\sources_1\imports\DPU\MACArray.sv:]
WARNING: [filemgmt 56-199] Attempt to get parsing info during refresh. "On-the-fly" syntax checking information may be incorrect. [C:\Users\Admin\ip_repo\dpu_axi_1_0\hdl\dpu_axi.v:]
WARNING: [filemgmt 56-199] Attempt to get parsing info during refresh. "On-the-fly" syntax checking information may be incorrect. [C:\Users\Admin\ip_repo\dpu_axi_1_0\hdl\dpu_axi.v:]
WARNING: [filemgmt 56-199] Attempt to get parsing info during refresh. "On-the-fly" syntax checking information may be incorrect. [C:\Users\Admin\ip_repo\dpu_axi_1_0\hdl\dpu_axi.v:]
WARNING: [filemgmt 56-199] Attempt to get parsing info during refresh. "On-the-fly" syntax checking information may be incorrect. [C:\Users\Admin\ip_repo\edit_dpu_axi_v1_0.srcs\sources_1\imports\DPU\DPU_Top.sv:]
WARNING: [filemgmt 56-199] Attempt to get parsing info during refresh. "On-the-fly" syntax checking information may be incorrect. [C:\Users\Admin\ip_repo\dpu_axi_1_0\hdl\dpu_axi_slave_lite_v1_0_S00_AXI.v:]
WARNING: [filemgmt 56-199] Attempt to get parsing info during refresh. "On-the-fly" syntax checking information may be incorrect. [C:\Users\Admin\ip_repo\edit_dpu_axi_v1_0.srcs\sources_1\imports\DPU\DpuCore.sv:]
WARNING: [filemgmt 56-199] Attempt to get parsing info during refresh. "On-the-fly" syntax checking information may be incorrect. [C:\Users\Admin\ip_repo\edit_dpu_axi_v1_0.srcs\sources_1\imports\DPU\MACArray.sv:]
WARNING: [filemgmt 56-199] Attempt to get parsing info during refresh. "On-the-fly" syntax checking information may be incorrect. [C:\Users\Admin\ip_repo\dpu_axi_1_0\hdl\dpu_axi.v:]
WARNING: [filemgmt 56-199] Attempt to get parsing info during refresh. "On-the-fly" syntax checking information may be incorrect. [C:\Users\Admin\ip_repo\edit_dpu_axi_v1_0.srcs\sources_1\imports\DPU\DPU_Top.sv:]
WARNING: [filemgmt 56-199] Attempt to get parsing info during refresh. "On-the-fly" syntax checking information may be incorrect. [C:\Users\Admin\ip_repo\edit_dpu_axi_v1_0.srcs\sources_1\imports\DPU\DPU_Top.sv:]
WARNING: [filemgmt 56-199] Attempt to get parsing info during refresh. "On-the-fly" syntax checking information may be incorrect. [C:\Users\Admin\ip_repo\edit_dpu_axi_v1_0.srcs\sources_1\imports\DPU\DPU_Top.sv:]
WARNING: [filemgmt 56-199] Attempt to get parsing info during refresh. "On-the-fly" syntax checking information may be incorrect. [C:\Users\Admin\ip_repo\dpu_axi_1_0\hdl\dpu_axi_slave_lite_v1_0_S00_AXI.v:]
WARNING: [filemgmt 56-199] Attempt to get parsing info during refresh. "On-the-fly" syntax checking information may be incorrect. [C:\Users\Admin\ip_repo\edit_dpu_axi_v1_0.srcs\sources_1\imports\DPU\DpuCore.sv:]
WARNING: [filemgmt 56-199] Attempt to get parsing info during refresh. "On-the-fly" syntax checking information may be incorrect. [C:\Users\Admin\ip_repo\edit_dpu_axi_v1_0.srcs\sources_1\imports\DPU\MACArray.sv:]
WARNING: [filemgmt 56-199] Attempt to get parsing info during refresh. "On-the-fly" syntax checking information may be incorrect. [C:\Users\Admin\ip_repo\dpu_axi_1_0\hdl\dpu_axi.v:]
WARNING: [filemgmt 56-199] Attempt to get parsing info during refresh. "On-the-fly" syntax checking information may be incorrect. [C:\Users\Admin\ip_repo\edit_dpu_axi_v1_0.srcs\sources_1\imports\DPU\MACArray.sv:]
WARNING: [filemgmt 56-199] Attempt to get parsing info during refresh. "On-the-fly" syntax checking information may be incorrect. [C:\Users\Admin\ip_repo\edit_dpu_axi_v1_0.srcs\sources_1\imports\DPU\MACArray.sv:]
ERROR: [Common 17-180] Spawn failed: The operation completed successfully.

WARNING: [filemgmt 56-199] Attempt to get parsing info during refresh. "On-the-fly" syntax checking information may be incorrect. [C:\Users\Admin\ip_repo\edit_dpu_axi_v1_0.srcs\sources_1\imports\DPU\DPU_Top.sv:]
WARNING: [filemgmt 56-199] Attempt to get parsing info during refresh. "On-the-fly" syntax checking information may be incorrect. [C:\Users\Admin\ip_repo\dpu_axi_1_0\hdl\dpu_axi_slave_lite_v1_0_S00_AXI.v:]
WARNING: [filemgmt 56-199] Attempt to get parsing info during refresh. "On-the-fly" syntax checking information may be incorrect. [C:\Users\Admin\ip_repo\edit_dpu_axi_v1_0.srcs\sources_1\imports\DPU\DpuCore.sv:]
WARNING: [filemgmt 56-199] Attempt to get parsing info during refresh. "On-the-fly" syntax checking information may be incorrect. [C:\Users\Admin\ip_repo\edit_dpu_axi_v1_0.srcs\sources_1\imports\DPU\MACArray.sv:]
WARNING: [filemgmt 56-199] Attempt to get parsing info during refresh. "On-the-fly" syntax checking information may be incorrect. [C:\Users\Admin\ip_repo\dpu_axi_1_0\hdl\dpu_axi.v:]
WARNING: [filemgmt 56-199] Attempt to get parsing info during refresh. "On-the-fly" syntax checking information may be incorrect. [C:\Users\Admin\ip_repo\edit_dpu_axi_v1_0.srcs\sources_1\imports\DPU\DpuCore.sv:]
WARNING: [filemgmt 56-199] Attempt to get parsing info during refresh. "On-the-fly" syntax checking information may be incorrect. [C:\Users\Admin\ip_repo\edit_dpu_axi_v1_0.srcs\sources_1\imports\DPU\DpuCore.sv:]
set_property description {wrapper for systolic array DPU} [ipx::current_core]
set_property core_revision 5 [ipx::current_core]
ipx::create_xgui_files [ipx::current_core]
ipx::update_checksums [ipx::current_core]
ipx::check_integrity [ipx::current_core]
INFO: [IP_Flow 19-7067] Note that bus interface 's00_axi_aclk' has a fixed FREQ_HZ of ''. This value will be respected whenever this IP is instantiated in IP Integrator.
INFO: [IP_Flow 19-2181] Payment is not required for this core.
WARNING: [IP_Flow 19-2187] The Product Guide file is missing.
INFO: [Ipptcl 7-1486] check_integrity: Integrity check passed.
ipx::save_core [ipx::current_core]
update_ip_catalog -rebuild -repo_path c:/Users/Admin/ip_repo
INFO: [IP_Flow 19-725] Reloaded user IP repository 'c:/Users/Admin/ip_repo'
WARNING: [filemgmt 56-199] Attempt to get parsing info during refresh. "On-the-fly" syntax checking information may be incorrect. [C:\Users\Admin\ip_repo\edit_dpu_axi_v1_0.srcs\sources_1\imports\DPU\DPU_Top.sv:]
WARNING: [filemgmt 56-199] Attempt to get parsing info during refresh. "On-the-fly" syntax checking information may be incorrect. [C:\Users\Admin\ip_repo\dpu_axi_1_0\hdl\dpu_axi_slave_lite_v1_0_S00_AXI.v:]
WARNING: [filemgmt 56-199] Attempt to get parsing info during refresh. "On-the-fly" syntax checking information may be incorrect. [C:\Users\Admin\ip_repo\edit_dpu_axi_v1_0.srcs\sources_1\imports\DPU\DpuCore.sv:]
WARNING: [filemgmt 56-199] Attempt to get parsing info during refresh. "On-the-fly" syntax checking information may be incorrect. [C:\Users\Admin\ip_repo\edit_dpu_axi_v1_0.srcs\sources_1\imports\DPU\MACArray.sv:]
WARNING: [filemgmt 56-199] Attempt to get parsing info during refresh. "On-the-fly" syntax checking information may be incorrect. [C:\Users\Admin\ip_repo\dpu_axi_1_0\hdl\dpu_axi.v:]
WARNING: [filemgmt 56-199] Attempt to get parsing info during refresh. "On-the-fly" syntax checking information may be incorrect. [C:\Users\Admin\ip_repo\edit_dpu_axi_v1_0.srcs\sources_1\imports\DPU\DPU_Top.sv:]
WARNING: [filemgmt 56-199] Attempt to get parsing info during refresh. "On-the-fly" syntax checking information may be incorrect. [C:\Users\Admin\ip_repo\edit_dpu_axi_v1_0.srcs\sources_1\imports\DPU\DPU_Top.sv:]
WARNING: [filemgmt 56-199] Attempt to get parsing info during refresh. "On-the-fly" syntax checking information may be incorrect. [C:\Users\Admin\ip_repo\edit_dpu_axi_v1_0.srcs\sources_1\imports\DPU\DPU_Top.sv:]
WARNING: [filemgmt 56-199] Attempt to get parsing info during refresh. "On-the-fly" syntax checking information may be incorrect. [C:\Users\Admin\ip_repo\dpu_axi_1_0\hdl\dpu_axi_slave_lite_v1_0_S00_AXI.v:]
WARNING: [filemgmt 56-199] Attempt to get parsing info during refresh. "On-the-fly" syntax checking information may be incorrect. [C:\Users\Admin\ip_repo\edit_dpu_axi_v1_0.srcs\sources_1\imports\DPU\DpuCore.sv:]
WARNING: [filemgmt 56-199] Attempt to get parsing info during refresh. "On-the-fly" syntax checking information may be incorrect. [C:\Users\Admin\ip_repo\edit_dpu_axi_v1_0.srcs\sources_1\imports\DPU\MACArray.sv:]
WARNING: [filemgmt 56-199] Attempt to get parsing info during refresh. "On-the-fly" syntax checking information may be incorrect. [C:\Users\Admin\ip_repo\dpu_axi_1_0\hdl\dpu_axi.v:]
WARNING: [filemgmt 56-199] Attempt to get parsing info during refresh. "On-the-fly" syntax checking information may be incorrect. [C:\Users\Admin\ip_repo\edit_dpu_axi_v1_0.srcs\sources_1\imports\DPU\DpuCore.sv:]
WARNING: [filemgmt 56-199] Attempt to get parsing info during refresh. "On-the-fly" syntax checking information may be incorrect. [C:\Users\Admin\ip_repo\edit_dpu_axi_v1_0.srcs\sources_1\imports\DPU\DpuCore.sv:]
WARNING: [filemgmt 56-199] Attempt to get parsing info during refresh. "On-the-fly" syntax checking information may be incorrect. [C:\Users\Admin\ip_repo\edit_dpu_axi_v1_0.srcs\sources_1\imports\DPU\DPU_Top.sv:]
WARNING: [filemgmt 56-199] Attempt to get parsing info during refresh. "On-the-fly" syntax checking information may be incorrect. [C:\Users\Admin\ip_repo\dpu_axi_1_0\hdl\dpu_axi_slave_lite_v1_0_S00_AXI.v:]
WARNING: [filemgmt 56-199] Attempt to get parsing info during refresh. "On-the-fly" syntax checking information may be incorrect. [C:\Users\Admin\ip_repo\edit_dpu_axi_v1_0.srcs\sources_1\imports\DPU\DpuCore.sv:]
WARNING: [filemgmt 56-199] Attempt to get parsing info during refresh. "On-the-fly" syntax checking information may be incorrect. [C:\Users\Admin\ip_repo\edit_dpu_axi_v1_0.srcs\sources_1\imports\DPU\MACArray.sv:]
WARNING: [filemgmt 56-199] Attempt to get parsing info during refresh. "On-the-fly" syntax checking information may be incorrect. [C:\Users\Admin\ip_repo\dpu_axi_1_0\hdl\dpu_axi.v:]
WARNING: [filemgmt 56-199] Attempt to get parsing info during refresh. "On-the-fly" syntax checking information may be incorrect. [C:\Users\Admin\ip_repo\edit_dpu_axi_v1_0.srcs\sources_1\imports\DPU\MACArray.sv:]
WARNING: [filemgmt 56-199] Attempt to get parsing info during refresh. "On-the-fly" syntax checking information may be incorrect. [C:\Users\Admin\ip_repo\edit_dpu_axi_v1_0.srcs\sources_1\imports\DPU\MACArray.sv:]
WARNING: [filemgmt 56-199] Attempt to get parsing info during refresh. "On-the-fly" syntax checking information may be incorrect. [C:\Users\Admin\ip_repo\edit_dpu_axi_v1_0.srcs\sources_1\imports\DPU\DPU_Top.sv:]
WARNING: [filemgmt 56-199] Attempt to get parsing info during refresh. "On-the-fly" syntax checking information may be incorrect. [C:\Users\Admin\ip_repo\dpu_axi_1_0\hdl\dpu_axi_slave_lite_v1_0_S00_AXI.v:]
WARNING: [filemgmt 56-199] Attempt to get parsing info during refresh. "On-the-fly" syntax checking information may be incorrect. [C:\Users\Admin\ip_repo\edit_dpu_axi_v1_0.srcs\sources_1\imports\DPU\DpuCore.sv:]
WARNING: [filemgmt 56-199] Attempt to get parsing info during refresh. "On-the-fly" syntax checking information may be incorrect. [C:\Users\Admin\ip_repo\edit_dpu_axi_v1_0.srcs\sources_1\imports\DPU\MACArray.sv:]
WARNING: [filemgmt 56-199] Attempt to get parsing info during refresh. "On-the-fly" syntax checking information may be incorrect. [C:\Users\Admin\ip_repo\dpu_axi_1_0\hdl\dpu_axi.v:]
WARNING: [filemgmt 56-199] Attempt to get parsing info during refresh. "On-the-fly" syntax checking information may be incorrect. [C:\Users\Admin\ip_repo\dpu_axi_1_0\hdl\dpu_axi.v:]
WARNING: [filemgmt 56-199] Attempt to get parsing info during refresh. "On-the-fly" syntax checking information may be incorrect. [C:\Users\Admin\ip_repo\dpu_axi_1_0\hdl\dpu_axi.v:]
update_compile_order -fileset sources_1
WARNING: [filemgmt 56-199] Attempt to get parsing info during refresh. "On-the-fly" syntax checking information may be incorrect. [C:\Users\Admin\ip_repo\edit_dpu_axi_v1_0.srcs\sources_1\imports\DPU\DPU_Top.sv:]
WARNING: [filemgmt 56-199] Attempt to get parsing info during refresh. "On-the-fly" syntax checking information may be incorrect. [C:\Users\Admin\ip_repo\dpu_axi_1_0\hdl\dpu_axi_slave_lite_v1_0_S00_AXI.v:]
WARNING: [filemgmt 56-199] Attempt to get parsing info during refresh. "On-the-fly" syntax checking information may be incorrect. [C:\Users\Admin\ip_repo\edit_dpu_axi_v1_0.srcs\sources_1\imports\DPU\DpuCore.sv:]
WARNING: [filemgmt 56-199] Attempt to get parsing info during refresh. "On-the-fly" syntax checking information may be incorrect. [C:\Users\Admin\ip_repo\edit_dpu_axi_v1_0.srcs\sources_1\imports\DPU\MACArray.sv:]
WARNING: [filemgmt 56-199] Attempt to get parsing info during refresh. "On-the-fly" syntax checking information may be incorrect. [C:\Users\Admin\ip_repo\dpu_axi_1_0\hdl\dpu_axi.v:]
WARNING: [filemgmt 56-199] Attempt to get parsing info during refresh. "On-the-fly" syntax checking information may be incorrect. [C:\Users\Admin\ip_repo\dpu_axi_1_0\hdl\dpu_axi.v:]
WARNING: [filemgmt 56-199] Attempt to get parsing info during refresh. "On-the-fly" syntax checking information may be incorrect. [C:\Users\Admin\ip_repo\dpu_axi_1_0\hdl\dpu_axi.v:]
WARNING: [filemgmt 56-199] Attempt to get parsing info during refresh. "On-the-fly" syntax checking information may be incorrect. [C:\Users\Admin\ip_repo\edit_dpu_axi_v1_0.srcs\sources_1\imports\DPU\DPU_Top.sv:]
WARNING: [filemgmt 56-199] Attempt to get parsing info during refresh. "On-the-fly" syntax checking information may be incorrect. [C:\Users\Admin\ip_repo\dpu_axi_1_0\hdl\dpu_axi_slave_lite_v1_0_S00_AXI.v:]
WARNING: [filemgmt 56-199] Attempt to get parsing info during refresh. "On-the-fly" syntax checking information may be incorrect. [C:\Users\Admin\ip_repo\edit_dpu_axi_v1_0.srcs\sources_1\imports\DPU\DpuCore.sv:]
WARNING: [filemgmt 56-199] Attempt to get parsing info during refresh. "On-the-fly" syntax checking information may be incorrect. [C:\Users\Admin\ip_repo\edit_dpu_axi_v1_0.srcs\sources_1\imports\DPU\MACArray.sv:]
WARNING: [filemgmt 56-199] Attempt to get parsing info during refresh. "On-the-fly" syntax checking information may be incorrect. [C:\Users\Admin\ip_repo\dpu_axi_1_0\hdl\dpu_axi.v:]
WARNING: [filemgmt 56-199] Attempt to get parsing info during refresh. "On-the-fly" syntax checking information may be incorrect. [C:\Users\Admin\ip_repo\edit_dpu_axi_v1_0.srcs\sources_1\imports\DPU\DpuCore.sv:]
WARNING: [filemgmt 56-199] Attempt to get parsing info during refresh. "On-the-fly" syntax checking information may be incorrect. [C:\Users\Admin\ip_repo\edit_dpu_axi_v1_0.srcs\sources_1\imports\DPU\DpuCore.sv:]
WARNING: [filemgmt 56-199] Attempt to get parsing info during refresh. "On-the-fly" syntax checking information may be incorrect. [C:\Users\Admin\ip_repo\edit_dpu_axi_v1_0.srcs\sources_1\imports\DPU\DPU_Top.sv:]
WARNING: [filemgmt 56-199] Attempt to get parsing info during refresh. "On-the-fly" syntax checking information may be incorrect. [C:\Users\Admin\ip_repo\dpu_axi_1_0\hdl\dpu_axi_slave_lite_v1_0_S00_AXI.v:]
WARNING: [filemgmt 56-199] Attempt to get parsing info during refresh. "On-the-fly" syntax checking information may be incorrect. [C:\Users\Admin\ip_repo\edit_dpu_axi_v1_0.srcs\sources_1\imports\DPU\DpuCore.sv:]
WARNING: [filemgmt 56-199] Attempt to get parsing info during refresh. "On-the-fly" syntax checking information may be incorrect. [C:\Users\Admin\ip_repo\edit_dpu_axi_v1_0.srcs\sources_1\imports\DPU\MACArray.sv:]
WARNING: [filemgmt 56-199] Attempt to get parsing info during refresh. "On-the-fly" syntax checking information may be incorrect. [C:\Users\Admin\ip_repo\dpu_axi_1_0\hdl\dpu_axi.v:]
WARNING: [filemgmt 56-199] Attempt to get parsing info during refresh. "On-the-fly" syntax checking information may be incorrect. [C:\Users\Admin\ip_repo\edit_dpu_axi_v1_0.srcs\sources_1\imports\DPU\MACArray.sv:]
WARNING: [filemgmt 56-199] Attempt to get parsing info during refresh. "On-the-fly" syntax checking information may be incorrect. [C:\Users\Admin\ip_repo\edit_dpu_axi_v1_0.srcs\sources_1\imports\DPU\MACArray.sv:]
ERROR: [Common 17-180] Spawn failed: The operation completed successfully.

WARNING: [filemgmt 56-199] Attempt to get parsing info during refresh. "On-the-fly" syntax checking information may be incorrect. [C:\Users\Admin\ip_repo\edit_dpu_axi_v1_0.srcs\sources_1\imports\DPU\DPU_Top.sv:]
WARNING: [filemgmt 56-199] Attempt to get parsing info during refresh. "On-the-fly" syntax checking information may be incorrect. [C:\Users\Admin\ip_repo\dpu_axi_1_0\hdl\dpu_axi_slave_lite_v1_0_S00_AXI.v:]
WARNING: [filemgmt 56-199] Attempt to get parsing info during refresh. "On-the-fly" syntax checking information may be incorrect. [C:\Users\Admin\ip_repo\edit_dpu_axi_v1_0.srcs\sources_1\imports\DPU\DpuCore.sv:]
WARNING: [filemgmt 56-199] Attempt to get parsing info during refresh. "On-the-fly" syntax checking information may be incorrect. [C:\Users\Admin\ip_repo\edit_dpu_axi_v1_0.srcs\sources_1\imports\DPU\MACArray.sv:]
WARNING: [filemgmt 56-199] Attempt to get parsing info during refresh. "On-the-fly" syntax checking information may be incorrect. [C:\Users\Admin\ip_repo\dpu_axi_1_0\hdl\dpu_axi.v:]
WARNING: [filemgmt 56-199] Attempt to get parsing info during refresh. "On-the-fly" syntax checking information may be incorrect. [C:\Users\Admin\ip_repo\edit_dpu_axi_v1_0.srcs\sources_1\imports\DPU\DPU_Top.sv:]
WARNING: [filemgmt 56-199] Attempt to get parsing info during refresh. "On-the-fly" syntax checking information may be incorrect. [C:\Users\Admin\ip_repo\edit_dpu_axi_v1_0.srcs\sources_1\imports\DPU\DPU_Top.sv:]
update_compile_order -fileset sources_1
WARNING: [filemgmt 56-199] Attempt to get parsing info during refresh. "On-the-fly" syntax checking information may be incorrect. [C:\Users\Admin\ip_repo\edit_dpu_axi_v1_0.srcs\sources_1\imports\DPU\DPU_Top.sv:]
WARNING: [filemgmt 56-199] Attempt to get parsing info during refresh. "On-the-fly" syntax checking information may be incorrect. [C:\Users\Admin\ip_repo\dpu_axi_1_0\hdl\dpu_axi_slave_lite_v1_0_S00_AXI.v:]
WARNING: [filemgmt 56-199] Attempt to get parsing info during refresh. "On-the-fly" syntax checking information may be incorrect. [C:\Users\Admin\ip_repo\edit_dpu_axi_v1_0.srcs\sources_1\imports\DPU\DpuCore.sv:]
WARNING: [filemgmt 56-199] Attempt to get parsing info during refresh. "On-the-fly" syntax checking information may be incorrect. [C:\Users\Admin\ip_repo\edit_dpu_axi_v1_0.srcs\sources_1\imports\DPU\MACArray.sv:]
WARNING: [filemgmt 56-199] Attempt to get parsing info during refresh. "On-the-fly" syntax checking information may be incorrect. [C:\Users\Admin\ip_repo\dpu_axi_1_0\hdl\dpu_axi.v:]
WARNING: [filemgmt 56-199] Attempt to get parsing info during refresh. "On-the-fly" syntax checking information may be incorrect. [C:\Users\Admin\ip_repo\dpu_axi_1_0\hdl\dpu_axi.v:]
WARNING: [filemgmt 56-199] Attempt to get parsing info during refresh. "On-the-fly" syntax checking information may be incorrect. [C:\Users\Admin\ip_repo\dpu_axi_1_0\hdl\dpu_axi.v:]
WARNING: [filemgmt 56-199] Attempt to get parsing info during refresh. "On-the-fly" syntax checking information may be incorrect. [C:\Users\Admin\ip_repo\edit_dpu_axi_v1_0.srcs\sources_1\imports\DPU\DPU_Top.sv:]
WARNING: [filemgmt 56-199] Attempt to get parsing info during refresh. "On-the-fly" syntax checking information may be incorrect. [C:\Users\Admin\ip_repo\dpu_axi_1_0\hdl\dpu_axi_slave_lite_v1_0_S00_AXI.v:]
WARNING: [filemgmt 56-199] Attempt to get parsing info during refresh. "On-the-fly" syntax checking information may be incorrect. [C:\Users\Admin\ip_repo\edit_dpu_axi_v1_0.srcs\sources_1\imports\DPU\DpuCore.sv:]
WARNING: [filemgmt 56-199] Attempt to get parsing info during refresh. "On-the-fly" syntax checking information may be incorrect. [C:\Users\Admin\ip_repo\edit_dpu_axi_v1_0.srcs\sources_1\imports\DPU\MACArray.sv:]
WARNING: [filemgmt 56-199] Attempt to get parsing info during refresh. "On-the-fly" syntax checking information may be incorrect. [C:\Users\Admin\ip_repo\dpu_axi_1_0\hdl\dpu_axi.v:]
WARNING: [filemgmt 56-199] Attempt to get parsing info during refresh. "On-the-fly" syntax checking information may be incorrect. [C:\Users\Admin\ip_repo\edit_dpu_axi_v1_0.srcs\sources_1\imports\DPU\DPU_Top.sv:]
WARNING: [filemgmt 56-199] Attempt to get parsing info during refresh. "On-the-fly" syntax checking information may be incorrect. [C:\Users\Admin\ip_repo\edit_dpu_axi_v1_0.srcs\sources_1\imports\DPU\DPU_Top.sv:]
WARNING: [filemgmt 56-199] Attempt to get parsing info during refresh. "On-the-fly" syntax checking information may be incorrect. [C:\Users\Admin\ip_repo\edit_dpu_axi_v1_0.srcs\sources_1\imports\DPU\DPU_Top.sv:]
WARNING: [filemgmt 56-199] Attempt to get parsing info during refresh. "On-the-fly" syntax checking information may be incorrect. [C:\Users\Admin\ip_repo\dpu_axi_1_0\hdl\dpu_axi_slave_lite_v1_0_S00_AXI.v:]
WARNING: [filemgmt 56-199] Attempt to get parsing info during refresh. "On-the-fly" syntax checking information may be incorrect. [C:\Users\Admin\ip_repo\edit_dpu_axi_v1_0.srcs\sources_1\imports\DPU\DpuCore.sv:]
WARNING: [filemgmt 56-199] Attempt to get parsing info during refresh. "On-the-fly" syntax checking information may be incorrect. [C:\Users\Admin\ip_repo\edit_dpu_axi_v1_0.srcs\sources_1\imports\DPU\MACArray.sv:]
WARNING: [filemgmt 56-199] Attempt to get parsing info during refresh. "On-the-fly" syntax checking information may be incorrect. [C:\Users\Admin\ip_repo\dpu_axi_1_0\hdl\dpu_axi.v:]
WARNING: [filemgmt 56-199] Attempt to get parsing info during refresh. "On-the-fly" syntax checking information may be incorrect. [C:\Users\Admin\ip_repo\edit_dpu_axi_v1_0.srcs\sources_1\imports\DPU\MACArray.sv:]
WARNING: [filemgmt 56-199] Attempt to get parsing info during refresh. "On-the-fly" syntax checking information may be incorrect. [C:\Users\Admin\ip_repo\edit_dpu_axi_v1_0.srcs\sources_1\imports\DPU\MACArray.sv:]
ERROR: [Common 17-180] Spawn failed: The operation completed successfully.

WARNING: [filemgmt 56-199] Attempt to get parsing info during refresh. "On-the-fly" syntax checking information may be incorrect. [C:\Users\Admin\ip_repo\edit_dpu_axi_v1_0.srcs\sources_1\imports\DPU\DPU_Top.sv:]
WARNING: [filemgmt 56-199] Attempt to get parsing info during refresh. "On-the-fly" syntax checking information may be incorrect. [C:\Users\Admin\ip_repo\dpu_axi_1_0\hdl\dpu_axi_slave_lite_v1_0_S00_AXI.v:]
WARNING: [filemgmt 56-199] Attempt to get parsing info during refresh. "On-the-fly" syntax checking information may be incorrect. [C:\Users\Admin\ip_repo\edit_dpu_axi_v1_0.srcs\sources_1\imports\DPU\DpuCore.sv:]
WARNING: [filemgmt 56-199] Attempt to get parsing info during refresh. "On-the-fly" syntax checking information may be incorrect. [C:\Users\Admin\ip_repo\edit_dpu_axi_v1_0.srcs\sources_1\imports\DPU\MACArray.sv:]
WARNING: [filemgmt 56-199] Attempt to get parsing info during refresh. "On-the-fly" syntax checking information may be incorrect. [C:\Users\Admin\ip_repo\dpu_axi_1_0\hdl\dpu_axi.v:]
WARNING: [filemgmt 56-199] Attempt to get parsing info during refresh. "On-the-fly" syntax checking information may be incorrect. [C:\Users\Admin\ip_repo\edit_dpu_axi_v1_0.srcs\sources_1\imports\DPU\DpuCore.sv:]
WARNING: [filemgmt 56-199] Attempt to get parsing info during refresh. "On-the-fly" syntax checking information may be incorrect. [C:\Users\Admin\ip_repo\edit_dpu_axi_v1_0.srcs\sources_1\imports\DPU\DpuCore.sv:]
set_property version 1.3 [ipx::current_core]
set_property display_name dpu_axi_v1_3 [ipx::current_core]
set_property description {wrapper for systolic array DPU v3} [ipx::current_core]
WARNING: [filemgmt 56-199] Attempt to get parsing info during refresh. "On-the-fly" syntax checking information may be incorrect. [C:\Users\Admin\ip_repo\edit_dpu_axi_v1_0.srcs\sources_1\imports\DPU\DPU_Top.sv:]
WARNING: [filemgmt 56-199] Attempt to get parsing info during refresh. "On-the-fly" syntax checking information may be incorrect. [C:\Users\Admin\ip_repo\dpu_axi_1_0\hdl\dpu_axi_slave_lite_v1_0_S00_AXI.v:]
WARNING: [filemgmt 56-199] Attempt to get parsing info during refresh. "On-the-fly" syntax checking information may be incorrect. [C:\Users\Admin\ip_repo\edit_dpu_axi_v1_0.srcs\sources_1\imports\DPU\DpuCore.sv:]
WARNING: [filemgmt 56-199] Attempt to get parsing info during refresh. "On-the-fly" syntax checking information may be incorrect. [C:\Users\Admin\ip_repo\edit_dpu_axi_v1_0.srcs\sources_1\imports\DPU\MACArray.sv:]
WARNING: [filemgmt 56-199] Attempt to get parsing info during refresh. "On-the-fly" syntax checking information may be incorrect. [C:\Users\Admin\ip_repo\dpu_axi_1_0\hdl\dpu_axi.v:]
WARNING: [filemgmt 56-199] Attempt to get parsing info during refresh. "On-the-fly" syntax checking information may be incorrect. [C:\Users\Admin\ip_repo\dpu_axi_1_0\hdl\dpu_axi.v:]
WARNING: [filemgmt 56-199] Attempt to get parsing info during refresh. "On-the-fly" syntax checking information may be incorrect. [C:\Users\Admin\ip_repo\dpu_axi_1_0\hdl\dpu_axi.v:]
WARNING: [filemgmt 56-199] Attempt to get parsing info during refresh. "On-the-fly" syntax checking information may be incorrect. [C:\Users\Admin\ip_repo\edit_dpu_axi_v1_0.srcs\sources_1\imports\DPU\DPU_Top.sv:]
WARNING: [filemgmt 56-199] Attempt to get parsing info during refresh. "On-the-fly" syntax checking information may be incorrect. [C:\Users\Admin\ip_repo\dpu_axi_1_0\hdl\dpu_axi_slave_lite_v1_0_S00_AXI.v:]
WARNING: [filemgmt 56-199] Attempt to get parsing info during refresh. "On-the-fly" syntax checking information may be incorrect. [C:\Users\Admin\ip_repo\edit_dpu_axi_v1_0.srcs\sources_1\imports\DPU\DpuCore.sv:]
WARNING: [filemgmt 56-199] Attempt to get parsing info during refresh. "On-the-fly" syntax checking information may be incorrect. [C:\Users\Admin\ip_repo\edit_dpu_axi_v1_0.srcs\sources_1\imports\DPU\MACArray.sv:]
WARNING: [filemgmt 56-199] Attempt to get parsing info during refresh. "On-the-fly" syntax checking information may be incorrect. [C:\Users\Admin\ip_repo\dpu_axi_1_0\hdl\dpu_axi.v:]
WARNING: [filemgmt 56-199] Attempt to get parsing info during refresh. "On-the-fly" syntax checking information may be incorrect. [C:\Users\Admin\ip_repo\edit_dpu_axi_v1_0.srcs\sources_1\imports\DPU\DpuCore.sv:]
WARNING: [filemgmt 56-199] Attempt to get parsing info during refresh. "On-the-fly" syntax checking information may be incorrect. [C:\Users\Admin\ip_repo\edit_dpu_axi_v1_0.srcs\sources_1\imports\DPU\DpuCore.sv:]
WARNING: [filemgmt 56-199] Attempt to get parsing info during refresh. "On-the-fly" syntax checking information may be incorrect. [C:\Users\Admin\ip_repo\edit_dpu_axi_v1_0.srcs\sources_1\imports\DPU\DPU_Top.sv:]
WARNING: [filemgmt 56-199] Attempt to get parsing info during refresh. "On-the-fly" syntax checking information may be incorrect. [C:\Users\Admin\ip_repo\dpu_axi_1_0\hdl\dpu_axi_slave_lite_v1_0_S00_AXI.v:]
WARNING: [filemgmt 56-199] Attempt to get parsing info during refresh. "On-the-fly" syntax checking information may be incorrect. [C:\Users\Admin\ip_repo\edit_dpu_axi_v1_0.srcs\sources_1\imports\DPU\DpuCore.sv:]
WARNING: [filemgmt 56-199] Attempt to get parsing info during refresh. "On-the-fly" syntax checking information may be incorrect. [C:\Users\Admin\ip_repo\edit_dpu_axi_v1_0.srcs\sources_1\imports\DPU\MACArray.sv:]
WARNING: [filemgmt 56-199] Attempt to get parsing info during refresh. "On-the-fly" syntax checking information may be incorrect. [C:\Users\Admin\ip_repo\dpu_axi_1_0\hdl\dpu_axi.v:]
WARNING: [filemgmt 56-199] Attempt to get parsing info during refresh. "On-the-fly" syntax checking information may be incorrect. [C:\Users\Admin\ip_repo\edit_dpu_axi_v1_0.srcs\sources_1\imports\DPU\DPU_Top.sv:]
WARNING: [filemgmt 56-199] Attempt to get parsing info during refresh. "On-the-fly" syntax checking information may be incorrect. [C:\Users\Admin\ip_repo\edit_dpu_axi_v1_0.srcs\sources_1\imports\DPU\DPU_Top.sv:]
set_property core_revision 6 [ipx::current_core]
ipx::create_xgui_files [ipx::current_core]
ipx::update_checksums [ipx::current_core]
ipx::check_integrity [ipx::current_core]
INFO: [IP_Flow 19-7067] Note that bus interface 's00_axi_aclk' has a fixed FREQ_HZ of ''. This value will be respected whenever this IP is instantiated in IP Integrator.
INFO: [IP_Flow 19-2181] Payment is not required for this core.
WARNING: [IP_Flow 19-2187] The Product Guide file is missing.
INFO: [Ipptcl 7-1486] check_integrity: Integrity check passed.
ipx::save_core [ipx::current_core]
update_ip_catalog -rebuild -repo_path c:/Users/Admin/ip_repo
INFO: [IP_Flow 19-725] Reloaded user IP repository 'c:/Users/Admin/ip_repo'
WARNING: [filemgmt 56-199] Attempt to get parsing info during refresh. "On-the-fly" syntax checking information may be incorrect. [C:\Users\Admin\ip_repo\edit_dpu_axi_v1_0.srcs\sources_1\imports\DPU\DPU_Top.sv:]
WARNING: [filemgmt 56-199] Attempt to get parsing info during refresh. "On-the-fly" syntax checking information may be incorrect. [C:\Users\Admin\ip_repo\dpu_axi_1_0\hdl\dpu_axi_slave_lite_v1_0_S00_AXI.v:]
WARNING: [filemgmt 56-199] Attempt to get parsing info during refresh. "On-the-fly" syntax checking information may be incorrect. [C:\Users\Admin\ip_repo\edit_dpu_axi_v1_0.srcs\sources_1\imports\DPU\DpuCore.sv:]
WARNING: [filemgmt 56-199] Attempt to get parsing info during refresh. "On-the-fly" syntax checking information may be incorrect. [C:\Users\Admin\ip_repo\edit_dpu_axi_v1_0.srcs\sources_1\imports\DPU\MACArray.sv:]
WARNING: [filemgmt 56-199] Attempt to get parsing info during refresh. "On-the-fly" syntax checking information may be incorrect. [C:\Users\Admin\ip_repo\dpu_axi_1_0\hdl\dpu_axi.v:]
WARNING: [filemgmt 56-199] Attempt to get parsing info during refresh. "On-the-fly" syntax checking information may be incorrect. [C:\Users\Admin\ip_repo\edit_dpu_axi_v1_0.srcs\sources_1\imports\DPU\DPU_Top.sv:]
WARNING: [filemgmt 56-199] Attempt to get parsing info during refresh. "On-the-fly" syntax checking information may be incorrect. [C:\Users\Admin\ip_repo\edit_dpu_axi_v1_0.srcs\sources_1\imports\DPU\DPU_Top.sv:]
WARNING: [filemgmt 56-199] Attempt to get parsing info during refresh. "On-the-fly" syntax checking information may be incorrect. [C:\Users\Admin\ip_repo\edit_dpu_axi_v1_0.srcs\sources_1\imports\DPU\DPU_Top.sv:]
WARNING: [filemgmt 56-199] Attempt to get parsing info during refresh. "On-the-fly" syntax checking information may be incorrect. [C:\Users\Admin\ip_repo\dpu_axi_1_0\hdl\dpu_axi_slave_lite_v1_0_S00_AXI.v:]
WARNING: [filemgmt 56-199] Attempt to get parsing info during refresh. "On-the-fly" syntax checking information may be incorrect. [C:\Users\Admin\ip_repo\edit_dpu_axi_v1_0.srcs\sources_1\imports\DPU\DpuCore.sv:]
WARNING: [filemgmt 56-199] Attempt to get parsing info during refresh. "On-the-fly" syntax checking information may be incorrect. [C:\Users\Admin\ip_repo\edit_dpu_axi_v1_0.srcs\sources_1\imports\DPU\MACArray.sv:]
WARNING: [filemgmt 56-199] Attempt to get parsing info during refresh. "On-the-fly" syntax checking information may be incorrect. [C:\Users\Admin\ip_repo\dpu_axi_1_0\hdl\dpu_axi.v:]
WARNING: [filemgmt 56-199] Attempt to get parsing info during refresh. "On-the-fly" syntax checking information may be incorrect. [C:\Users\Admin\ip_repo\edit_dpu_axi_v1_0.srcs\sources_1\imports\DPU\DpuCore.sv:]
WARNING: [filemgmt 56-199] Attempt to get parsing info during refresh. "On-the-fly" syntax checking information may be incorrect. [C:\Users\Admin\ip_repo\edit_dpu_axi_v1_0.srcs\sources_1\imports\DPU\DpuCore.sv:]
ipx::merge_project_changes files [ipx::current_core]
ipx::merge_project_changes ports [ipx::current_core]
WARNING: [IP_Flow 19-5101] Packaging a component with a SystemVerilog top file is not fully supported. Please refer to UG1118 'Creating and Packaging Custom IP'.
INFO: [IP_Flow 19-3166] Bus Interface 's00_axi': References existing memory map 's00_axi'.
set_property core_revision 7 [ipx::current_core]
ipx::create_xgui_files [ipx::current_core]
ipx::update_checksums [ipx::current_core]
ipx::check_integrity [ipx::current_core]
INFO: [IP_Flow 19-7067] Note that bus interface 's00_axi_aclk' has a fixed FREQ_HZ of ''. This value will be respected whenever this IP is instantiated in IP Integrator.
INFO: [IP_Flow 19-2181] Payment is not required for this core.
WARNING: [IP_Flow 19-2187] The Product Guide file is missing.
INFO: [Ipptcl 7-1486] check_integrity: Integrity check passed.
ipx::save_core [ipx::current_core]
update_ip_catalog -rebuild -repo_path c:/Users/Admin/ip_repo
INFO: [IP_Flow 19-725] Reloaded user IP repository 'c:/Users/Admin/ip_repo'
WARNING: [filemgmt 56-199] Attempt to get parsing info during refresh. "On-the-fly" syntax checking information may be incorrect. [C:\Users\Admin\ip_repo\edit_dpu_axi_v1_0.srcs\sources_1\imports\DPU\DPU_Top.sv:]
WARNING: [filemgmt 56-199] Attempt to get parsing info during refresh. "On-the-fly" syntax checking information may be incorrect. [C:\Users\Admin\ip_repo\dpu_axi_1_0\hdl\dpu_axi_slave_lite_v1_0_S00_AXI.v:]
WARNING: [filemgmt 56-199] Attempt to get parsing info during refresh. "On-the-fly" syntax checking information may be incorrect. [C:\Users\Admin\ip_repo\edit_dpu_axi_v1_0.srcs\sources_1\imports\DPU\DpuCore.sv:]
WARNING: [filemgmt 56-199] Attempt to get parsing info during refresh. "On-the-fly" syntax checking information may be incorrect. [C:\Users\Admin\ip_repo\edit_dpu_axi_v1_0.srcs\sources_1\imports\DPU\MACArray.sv:]
WARNING: [filemgmt 56-199] Attempt to get parsing info during refresh. "On-the-fly" syntax checking information may be incorrect. [C:\Users\Admin\ip_repo\dpu_axi_1_0\hdl\dpu_axi.v:]
WARNING: [filemgmt 56-199] Attempt to get parsing info during refresh. "On-the-fly" syntax checking information may be incorrect. [C:\Users\Admin\ip_repo\dpu_axi_1_0\hdl\dpu_axi.v:]
WARNING: [filemgmt 56-199] Attempt to get parsing info during refresh. "On-the-fly" syntax checking information may be incorrect. [C:\Users\Admin\ip_repo\dpu_axi_1_0\hdl\dpu_axi.v:]
WARNING: [filemgmt 56-199] Attempt to get parsing info during refresh. "On-the-fly" syntax checking information may be incorrect. [C:\Users\Admin\ip_repo\edit_dpu_axi_v1_0.srcs\sources_1\imports\DPU\DPU_Top.sv:]
WARNING: [filemgmt 56-199] Attempt to get parsing info during refresh. "On-the-fly" syntax checking information may be incorrect. [C:\Users\Admin\ip_repo\dpu_axi_1_0\hdl\dpu_axi_slave_lite_v1_0_S00_AXI.v:]
WARNING: [filemgmt 56-199] Attempt to get parsing info during refresh. "On-the-fly" syntax checking information may be incorrect. [C:\Users\Admin\ip_repo\edit_dpu_axi_v1_0.srcs\sources_1\imports\DPU\DpuCore.sv:]
WARNING: [filemgmt 56-199] Attempt to get parsing info during refresh. "On-the-fly" syntax checking information may be incorrect. [C:\Users\Admin\ip_repo\edit_dpu_axi_v1_0.srcs\sources_1\imports\DPU\MACArray.sv:]
WARNING: [filemgmt 56-199] Attempt to get parsing info during refresh. "On-the-fly" syntax checking information may be incorrect. [C:\Users\Admin\ip_repo\dpu_axi_1_0\hdl\dpu_axi.v:]
WARNING: [filemgmt 56-199] Attempt to get parsing info during refresh. "On-the-fly" syntax checking information may be incorrect. [C:\Users\Admin\ip_repo\edit_dpu_axi_v1_0.srcs\sources_1\imports\DPU\DpuCore.sv:]
WARNING: [filemgmt 56-199] Attempt to get parsing info during refresh. "On-the-fly" syntax checking information may be incorrect. [C:\Users\Admin\ip_repo\edit_dpu_axi_v1_0.srcs\sources_1\imports\DPU\DpuCore.sv:]
WARNING: [filemgmt 56-199] Attempt to get parsing info during refresh. "On-the-fly" syntax checking information may be incorrect. [C:\Users\Admin\ip_repo\edit_dpu_axi_v1_0.srcs\sources_1\imports\DPU\DPU_Top.sv:]
WARNING: [filemgmt 56-199] Attempt to get parsing info during refresh. "On-the-fly" syntax checking information may be incorrect. [C:\Users\Admin\ip_repo\dpu_axi_1_0\hdl\dpu_axi_slave_lite_v1_0_S00_AXI.v:]
WARNING: [filemgmt 56-199] Attempt to get parsing info during refresh. "On-the-fly" syntax checking information may be incorrect. [C:\Users\Admin\ip_repo\edit_dpu_axi_v1_0.srcs\sources_1\imports\DPU\DpuCore.sv:]
WARNING: [filemgmt 56-199] Attempt to get parsing info during refresh. "On-the-fly" syntax checking information may be incorrect. [C:\Users\Admin\ip_repo\edit_dpu_axi_v1_0.srcs\sources_1\imports\DPU\MACArray.sv:]
WARNING: [filemgmt 56-199] Attempt to get parsing info during refresh. "On-the-fly" syntax checking information may be incorrect. [C:\Users\Admin\ip_repo\dpu_axi_1_0\hdl\dpu_axi.v:]
WARNING: [filemgmt 56-199] Attempt to get parsing info during refresh. "On-the-fly" syntax checking information may be incorrect. [C:\Users\Admin\ip_repo\edit_dpu_axi_v1_0.srcs\sources_1\imports\DPU\DPU_Top.sv:]
WARNING: [filemgmt 56-199] Attempt to get parsing info during refresh. "On-the-fly" syntax checking information may be incorrect. [C:\Users\Admin\ip_repo\edit_dpu_axi_v1_0.srcs\sources_1\imports\DPU\DPU_Top.sv:]
WARNING: [filemgmt 56-199] Attempt to get parsing info during refresh. "On-the-fly" syntax checking information may be incorrect. [C:\Users\Admin\ip_repo\edit_dpu_axi_v1_0.srcs\sources_1\imports\DPU\DPU_Top.sv:]
WARNING: [filemgmt 56-199] Attempt to get parsing info during refresh. "On-the-fly" syntax checking information may be incorrect. [C:\Users\Admin\ip_repo\dpu_axi_1_0\hdl\dpu_axi_slave_lite_v1_0_S00_AXI.v:]
WARNING: [filemgmt 56-199] Attempt to get parsing info during refresh. "On-the-fly" syntax checking information may be incorrect. [C:\Users\Admin\ip_repo\edit_dpu_axi_v1_0.srcs\sources_1\imports\DPU\DpuCore.sv:]
WARNING: [filemgmt 56-199] Attempt to get parsing info during refresh. "On-the-fly" syntax checking information may be incorrect. [C:\Users\Admin\ip_repo\edit_dpu_axi_v1_0.srcs\sources_1\imports\DPU\MACArray.sv:]
WARNING: [filemgmt 56-199] Attempt to get parsing info during refresh. "On-the-fly" syntax checking information may be incorrect. [C:\Users\Admin\ip_repo\dpu_axi_1_0\hdl\dpu_axi.v:]
WARNING: [filemgmt 56-199] Attempt to get parsing info during refresh. "On-the-fly" syntax checking information may be incorrect. [C:\Users\Admin\ip_repo\dpu_axi_1_0\hdl\dpu_axi_slave_lite_v1_0_S00_AXI.v:]
WARNING: [filemgmt 56-199] Attempt to get parsing info during refresh. "On-the-fly" syntax checking information may be incorrect. [C:\Users\Admin\ip_repo\dpu_axi_1_0\hdl\dpu_axi_slave_lite_v1_0_S00_AXI.v:]
ERROR: [Common 17-180] Spawn failed: The operation completed successfully.

set_property core_revision 8 [ipx::current_core]
ipx::create_xgui_files [ipx::current_core]
ipx::update_checksums [ipx::current_core]
ipx::check_integrity [ipx::current_core]
INFO: [IP_Flow 19-7067] Note that bus interface 's00_axi_aclk' has a fixed FREQ_HZ of ''. This value will be respected whenever this IP is instantiated in IP Integrator.
INFO: [IP_Flow 19-2181] Payment is not required for this core.
WARNING: [IP_Flow 19-2187] The Product Guide file is missing.
INFO: [Ipptcl 7-1486] check_integrity: Integrity check passed.
ipx::save_core [ipx::current_core]
update_ip_catalog -rebuild -repo_path c:/Users/Admin/ip_repo
INFO: [IP_Flow 19-725] Reloaded user IP repository 'c:/Users/Admin/ip_repo'
set_property description 96968727 [ipx::get_bus_parameters FREQ_HZ -of_objects [ipx::get_bus_interfaces s00_axi_aclk -of_objects [ipx::current_core]]]
set_property core_revision 9 [ipx::current_core]
ipx::create_xgui_files [ipx::current_core]
ipx::update_checksums [ipx::current_core]
ipx::check_integrity [ipx::current_core]
INFO: [IP_Flow 19-7067] Note that bus interface 's00_axi_aclk' has a fixed FREQ_HZ of ''. This value will be respected whenever this IP is instantiated in IP Integrator.
INFO: [IP_Flow 19-2181] Payment is not required for this core.
WARNING: [IP_Flow 19-2187] The Product Guide file is missing.
INFO: [Ipptcl 7-1486] check_integrity: Integrity check passed.
ipx::save_core [ipx::current_core]
update_ip_catalog -rebuild -repo_path c:/Users/Admin/ip_repo
INFO: [IP_Flow 19-725] Reloaded user IP repository 'c:/Users/Admin/ip_repo'
WARNING: [filemgmt 56-199] Attempt to get parsing info during refresh. "On-the-fly" syntax checking information may be incorrect. [C:\Users\Admin\ip_repo\edit_dpu_axi_v1_0.srcs\sources_1\imports\DPU\DPU_Top.sv:]
WARNING: [filemgmt 56-199] Attempt to get parsing info during refresh. "On-the-fly" syntax checking information may be incorrect. [C:\Users\Admin\ip_repo\dpu_axi_1_0\hdl\dpu_axi_slave_lite_v1_0_S00_AXI.v:]
WARNING: [filemgmt 56-199] Attempt to get parsing info during refresh. "On-the-fly" syntax checking information may be incorrect. [C:\Users\Admin\ip_repo\edit_dpu_axi_v1_0.srcs\sources_1\imports\DPU\DpuCore.sv:]
WARNING: [filemgmt 56-199] Attempt to get parsing info during refresh. "On-the-fly" syntax checking information may be incorrect. [C:\Users\Admin\ip_repo\edit_dpu_axi_v1_0.srcs\sources_1\imports\DPU\MACArray.sv:]
WARNING: [filemgmt 56-199] Attempt to get parsing info during refresh. "On-the-fly" syntax checking information may be incorrect. [C:\Users\Admin\ip_repo\dpu_axi_1_0\hdl\dpu_axi.v:]
WARNING: [filemgmt 56-199] Attempt to get parsing info during refresh. "On-the-fly" syntax checking information may be incorrect. [C:\Users\Admin\ip_repo\dpu_axi_1_0\hdl\dpu_axi.v:]
WARNING: [filemgmt 56-199] Attempt to get parsing info during refresh. "On-the-fly" syntax checking information may be incorrect. [C:\Users\Admin\ip_repo\dpu_axi_1_0\hdl\dpu_axi.v:]
WARNING: [filemgmt 56-199] Attempt to get parsing info during refresh. "On-the-fly" syntax checking information may be incorrect. [C:\Users\Admin\ip_repo\edit_dpu_axi_v1_0.srcs\sources_1\imports\DPU\DPU_Top.sv:]
WARNING: [filemgmt 56-199] Attempt to get parsing info during refresh. "On-the-fly" syntax checking information may be incorrect. [C:\Users\Admin\ip_repo\dpu_axi_1_0\hdl\dpu_axi_slave_lite_v1_0_S00_AXI.v:]
WARNING: [filemgmt 56-199] Attempt to get parsing info during refresh. "On-the-fly" syntax checking information may be incorrect. [C:\Users\Admin\ip_repo\edit_dpu_axi_v1_0.srcs\sources_1\imports\DPU\DpuCore.sv:]
WARNING: [filemgmt 56-199] Attempt to get parsing info during refresh. "On-the-fly" syntax checking information may be incorrect. [C:\Users\Admin\ip_repo\edit_dpu_axi_v1_0.srcs\sources_1\imports\DPU\MACArray.sv:]
WARNING: [filemgmt 56-199] Attempt to get parsing info during refresh. "On-the-fly" syntax checking information may be incorrect. [C:\Users\Admin\ip_repo\dpu_axi_1_0\hdl\dpu_axi.v:]
WARNING: [filemgmt 56-199] Attempt to get parsing info during refresh. "On-the-fly" syntax checking information may be incorrect. [C:\Users\Admin\ip_repo\edit_dpu_axi_v1_0.srcs\sources_1\imports\DPU\DpuCore.sv:]
WARNING: [filemgmt 56-199] Attempt to get parsing info during refresh. "On-the-fly" syntax checking information may be incorrect. [C:\Users\Admin\ip_repo\edit_dpu_axi_v1_0.srcs\sources_1\imports\DPU\DpuCore.sv:]
WARNING: [filemgmt 56-199] Attempt to get parsing info during refresh. "On-the-fly" syntax checking information may be incorrect. [C:\Users\Admin\ip_repo\edit_dpu_axi_v1_0.srcs\sources_1\imports\DPU\DPU_Top.sv:]
WARNING: [filemgmt 56-199] Attempt to get parsing info during refresh. "On-the-fly" syntax checking information may be incorrect. [C:\Users\Admin\ip_repo\dpu_axi_1_0\hdl\dpu_axi_slave_lite_v1_0_S00_AXI.v:]
WARNING: [filemgmt 56-199] Attempt to get parsing info during refresh. "On-the-fly" syntax checking information may be incorrect. [C:\Users\Admin\ip_repo\edit_dpu_axi_v1_0.srcs\sources_1\imports\DPU\DpuCore.sv:]
WARNING: [filemgmt 56-199] Attempt to get parsing info during refresh. "On-the-fly" syntax checking information may be incorrect. [C:\Users\Admin\ip_repo\edit_dpu_axi_v1_0.srcs\sources_1\imports\DPU\MACArray.sv:]
WARNING: [filemgmt 56-199] Attempt to get parsing info during refresh. "On-the-fly" syntax checking information may be incorrect. [C:\Users\Admin\ip_repo\dpu_axi_1_0\hdl\dpu_axi.v:]
WARNING: [filemgmt 56-199] Attempt to get parsing info during refresh. "On-the-fly" syntax checking information may be incorrect. [C:\Users\Admin\ip_repo\edit_dpu_axi_v1_0.srcs\sources_1\imports\DPU\MACArray.sv:]
WARNING: [filemgmt 56-199] Attempt to get parsing info during refresh. "On-the-fly" syntax checking information may be incorrect. [C:\Users\Admin\ip_repo\edit_dpu_axi_v1_0.srcs\sources_1\imports\DPU\MACArray.sv:]
get_property CONFIG.FREQ_HZ [get_bd_intf_pins dpu_axi_0/s00_axi]
ERROR: [BD 5-104] A block design must be open to run this command. Please create/open a block design.
ERROR: [Common 17-39] 'get_bd_intf_pins' failed due to earlier errors.
create_bd_design "design_1"
Wrote  : <C:\Users\Admin\ip_repo\edit_dpu_axi_v1_0.srcs\sources_1\bd\design_1\design_1.bd> 
WARNING: [filemgmt 56-199] Attempt to get parsing info during refresh. "On-the-fly" syntax checking information may be incorrect. [C:\Users\Admin\ip_repo\edit_dpu_axi_v1_0.srcs\sources_1\imports\DPU\DPU_Top.sv:]
WARNING: [filemgmt 56-199] Attempt to get parsing info during refresh. "On-the-fly" syntax checking information may be incorrect. [C:\Users\Admin\ip_repo\dpu_axi_1_0\hdl\dpu_axi_slave_lite_v1_0_S00_AXI.v:]
WARNING: [filemgmt 56-199] Attempt to get parsing info during refresh. "On-the-fly" syntax checking information may be incorrect. [C:\Users\Admin\ip_repo\edit_dpu_axi_v1_0.srcs\sources_1\imports\DPU\DpuCore.sv:]
WARNING: [filemgmt 56-199] Attempt to get parsing info during refresh. "On-the-fly" syntax checking information may be incorrect. [C:\Users\Admin\ip_repo\edit_dpu_axi_v1_0.srcs\sources_1\imports\DPU\MACArray.sv:]
WARNING: [filemgmt 56-199] Attempt to get parsing info during refresh. "On-the-fly" syntax checking information may be incorrect. [C:\Users\Admin\ip_repo\dpu_axi_1_0\hdl\dpu_axi.v:]
WARNING: [filemgmt 56-199] Attempt to get parsing info during refresh. "On-the-fly" syntax checking information may be incorrect. [C:\Users\Admin\ip_repo\edit_dpu_axi_v1_0.srcs\sources_1\imports\DPU\DpuCore.sv:]
WARNING: [filemgmt 56-199] Attempt to get parsing info during refresh. "On-the-fly" syntax checking information may be incorrect. [C:\Users\Admin\ip_repo\edit_dpu_axi_v1_0.srcs\sources_1\imports\DPU\DpuCore.sv:]
WARNING: [filemgmt 56-199] Attempt to get parsing info during refresh. "On-the-fly" syntax checking information may be incorrect. [C:\Users\Admin\ip_repo\edit_dpu_axi_v1_0.srcs\sources_1\imports\DPU\DPU_Top.sv:]
WARNING: [filemgmt 56-199] Attempt to get parsing info during refresh. "On-the-fly" syntax checking information may be incorrect. [C:\Users\Admin\ip_repo\dpu_axi_1_0\hdl\dpu_axi_slave_lite_v1_0_S00_AXI.v:]
WARNING: [filemgmt 56-199] Attempt to get parsing info during refresh. "On-the-fly" syntax checking information may be incorrect. [C:\Users\Admin\ip_repo\edit_dpu_axi_v1_0.srcs\sources_1\imports\DPU\DpuCore.sv:]
WARNING: [filemgmt 56-199] Attempt to get parsing info during refresh. "On-the-fly" syntax checking information may be incorrect. [C:\Users\Admin\ip_repo\edit_dpu_axi_v1_0.srcs\sources_1\imports\DPU\MACArray.sv:]
WARNING: [filemgmt 56-199] Attempt to get parsing info during refresh. "On-the-fly" syntax checking information may be incorrect. [C:\Users\Admin\ip_repo\dpu_axi_1_0\hdl\dpu_axi.v:]
WARNING: [filemgmt 56-199] Attempt to get parsing info during refresh. "On-the-fly" syntax checking information may be incorrect. [C:\Users\Admin\ip_repo\dpu_axi_1_0\hdl\dpu_axi.v:]
WARNING: [filemgmt 56-199] Attempt to get parsing info during refresh. "On-the-fly" syntax checking information may be incorrect. [C:\Users\Admin\ip_repo\dpu_axi_1_0\hdl\dpu_axi.v:]
WARNING: [filemgmt 56-199] Attempt to get parsing info during refresh. "On-the-fly" syntax checking information may be incorrect. [C:\Users\Admin\ip_repo\edit_dpu_axi_v1_0.srcs\sources_1\imports\DPU\DPU_Top.sv:]
WARNING: [filemgmt 56-199] Attempt to get parsing info during refresh. "On-the-fly" syntax checking information may be incorrect. [C:\Users\Admin\ip_repo\dpu_axi_1_0\hdl\dpu_axi_slave_lite_v1_0_S00_AXI.v:]
INFO: [Common 17-14] Message 'filemgmt 56-199' appears 100 times and further instances of the messages will be disabled. Use the Tcl command set_msg_config to change the current settings.
ERROR: [Common 17-180] Spawn failed: The operation completed successfully.

update_compile_order -fileset sources_1
get_property CONFIG.FREQ_HZ [get_bd_intf_pins dpu_axi_0/s00_axi]
WARNING: [BD 5-232] No interface pins matched 'get_bd_intf_pins dpu_axi_0/s00_axi'
ERROR: [Common 17-55] 'get_property' expects at least one object.
Resolution: If [get_<value>] was used to populate the object, check to make sure this command returns at least one valid object.
set_property value 96968727 [ipx::get_bus_parameters FREQ_HZ -of_objects [ipx::get_bus_interfaces s00_axi_aclk -of_objects [ipx::current_core]]]
set_property core_revision 10 [ipx::current_core]
ipx::create_xgui_files [ipx::current_core]
ipx::update_checksums [ipx::current_core]
ipx::check_integrity [ipx::current_core]
INFO: [IP_Flow 19-7067] Note that bus interface 's00_axi_aclk' has a fixed FREQ_HZ of '96968727'. This value will be respected whenever this IP is instantiated in IP Integrator.
INFO: [IP_Flow 19-2181] Payment is not required for this core.
WARNING: [IP_Flow 19-2187] The Product Guide file is missing.
INFO: [Ipptcl 7-1486] check_integrity: Integrity check passed.
ipx::save_core [ipx::current_core]
update_ip_catalog -rebuild -repo_path c:/Users/Admin/ip_repo
INFO: [IP_Flow 19-725] Reloaded user IP repository 'c:/Users/Admin/ip_repo'
